employee_id,hire_date,termination_date,org_l01,gender,ethnicity,job_level,ethnicity_is_underrepresented_minority
e000001,2014-01-02,,,Male,White,M11,False
e000002,2014-01-29,2019-09-19,Administrative,Female,White,S2,False
e000003,2014-01-06,,Administrative,Female,White,IC2,False
e000004,2014-01-01,2022-12-26,Administrative,Male,Asian,IC4,False
e000005,2014-01-31,2018-12-05,Administrative,Male,White,IC4,False
e000006,2014-01-01,2018-09-24,Administrative,Male,White,IC1,False
e000007,2014-01-09,2019-02-22,Administrative,Male,White,S2,False
e000008,2014-01-16,2018-04-04,Administrative,Female,Asian,IC3,False
e000009,2014-01-17,2017-02-01,Administrative,Non-binary,Asian,M4,False
e000010,2014-01-16,2022-02-07,Administrative,Female,White,S3,False
e000011,2014-01-14,2018-04-20,Administrative,Female,Black,IC2,True
e000012,2014-02-21,,Administrative,Female,Asian,IC4,False
e000013,2014-02-17,,Administrative,Female,White,S1,False
e000014,2014-02-17,,Administrative,Male,Hispanic,IC4,True
e000015,2014-02-17,2019-10-03,Administrative,Male,Black,IC5,True
e000016,2014-02-07,2019-08-08,Administrative,Non-binary,White,S3,False
e000017,2014-02-27,2019-03-12,Administrative,Male,White,M9,False
e000018,2014-04-08,,Administrative,Female,White,S1,False
e000019,2014-05-28,2018-12-18,Administrative,Male,White,IC6,False
e000020,2014-05-09,2020-01-29,Production,Male,Asian,IC2,False
e000021,2014-05-23,2018-07-09,Administrative,Male,White,S1,False
e000022,2014-05-26,,Administrative,Male,White,IC5,False
e000023,2014-05-12,2018-09-27,Administrative,Male,White,IC3,False
e000024,2014-05-13,2020-06-24,Administrative,Non-binary,White,M5,False
e000025,2014-05-27,2019-01-22,Administrative,Male,White,IC2,False
e000026,2014-05-06,,Administrative,Male,White,IC3,False
e000027,2014-05-02,,Administrative,Female,White,IC2,False
e000028,2014-06-20,2019-09-06,Administrative,Male,Asian,IC7,False
e000029,2014-06-23,2024-03-06,Administrative,Male,Hispanic,IC4,True
e000030,2014-06-25,2019-06-27,Administrative,Male,White,IC3,False
e000031,2014-06-24,2019-12-30,Administrative,Female,White,S3,False
e000032,2014-06-27,2017-09-26,Administrative,Female,White,M5,False
e000033,2014-06-26,2018-09-12,Administrative,Male,Asian,IC2,False
e000034,2014-06-26,2018-06-11,Administrative,Non-binary,White,IC5,False
e000035,2014-06-16,2021-01-18,Administrative,Male,Asian,IC1,False
e000036,2014-08-08,2021-03-25,Sales,Female,Black,S1,True
e000037,2014-08-15,2019-12-05,Production,Male,Asian,IC6,False
e000038,2014-08-12,2022-11-23,Administrative,Female,White,M4,False
e000039,2014-09-30,2022-01-21,Administrative,Male,Hispanic,M5,True
e000040,2014-09-26,2017-02-27,Administrative,Female,Asian,IC1,False
e000041,2014-09-12,2020-01-16,Production,Male,Asian,IC4,False
e000042,2014-09-09,,Administrative,Female,Asian,M4,False
e000043,2014-09-26,2017-10-16,Production,Male,Black,IC1,True
e000044,2014-09-09,2021-03-11,Administrative,Male,Asian,IC3,False
e000045,2014-09-19,2019-08-26,Production,Male,Asian,M6,False
e000046,2014-09-08,2023-05-01,Production,Male,Asian,IC4,False
e000047,2014-09-03,2021-03-15,Sales,Female,Asian,S3,False
e000048,2014-09-09,2017-10-13,Administrative,Male,Hispanic,IC4,True
e000049,2014-09-03,2024-06-10,Administrative,Female,White,IC6,False
e000050,2014-09-17,2019-08-09,Administrative,Male,Asian,S1,False
e000051,2014-10-27,2017-11-30,Administrative,Male,White,IC6,False
e000052,2014-10-20,2021-03-22,Production,Female,Asian,M4,False
e000053,2014-10-22,2022-08-29,Administrative,Male,White,IC1,False
e000054,2014-10-30,2021-09-22,Production,Female,Black,M5,True
e000055,2014-10-28,2017-06-13,Production,Female,White,IC5,False
e000056,2014-10-03,2019-12-17,Production,Male,White,S1,False
e000057,2014-10-17,,Administrative,Male,White,M4,False
e000058,2014-10-13,2022-04-13,Production,Female,White,S1,False
e000059,2014-10-01,2020-10-05,Production,Male,Hispanic,S3,True
e000060,2014-10-03,2017-09-05,Production,Female,Asian,M5,False
e000061,2014-11-28,2019-07-04,Production,Male,White,IC1,False
e000062,2014-11-24,2018-07-27,Administrative,Female,White,M4,False
e000063,2014-11-13,2019-04-11,Production,Male,White,S3,False
e000064,2014-11-20,2019-04-19,Administrative,Female,Asian,IC5,False
e000065,2014-11-24,2020-08-03,Administrative,Male,White,IC2,False
e000066,2014-11-12,2020-10-28,Administrative,Non-binary,White,IC3,False
e000067,2014-11-20,2017-08-30,Sales,Male,White,IC2,False
e000068,2014-11-14,2019-09-10,Administrative,Male,White,S2,False
e000069,2014-11-26,2024-11-22,Sales,Female,White,IC6,False
e000070,2014-11-13,2017-02-06,Production,Female,White,IC1,False
e000071,2014-11-06,,Sales,Male,White,IC1,False
e000072,2014-11-26,2018-05-22,Administrative,Male,White,IC1,False
e000073,2014-12-19,2021-03-22,Administrative,Male,White,IC1,False
e000074,2014-12-11,2018-04-17,Administrative,Male,Asian,M4,False
e000075,2014-12-25,2022-07-21,Sales,Female,Asian,S3,False
e000076,2014-12-02,2018-12-27,Production,Male,White,IC2,False
e000077,2014-12-11,2018-04-23,Administrative,Male,Asian,IC3,False
e000078,2014-12-03,2018-07-26,Administrative,Male,White,S2,False
e000079,2014-12-08,2023-06-01,Administrative,Female,White,M5,False
e000080,2014-12-24,2017-02-02,Administrative,Non-binary,White,S2,False
e000081,2014-12-17,2020-01-01,Sales,Non-binary,White,M4,False
e000082,2014-12-19,2023-04-25,Administrative,Male,White,IC6,False
e000083,2014-12-29,2017-11-24,Administrative,Male,White,S2,False
e000084,2014-12-12,2017-11-22,Administrative,Female,White,M6,False
e000085,2014-12-26,2020-05-26,Production,Non-binary,White,S1,False
e000086,2014-12-18,2018-06-15,Administrative,Female,Hispanic,IC3,True
e000087,2014-12-04,2019-10-14,Production,Male,Hispanic,IC1,True
e000088,2014-12-31,2018-09-12,Administrative,Female,Hispanic,S3,True
e000089,2015-01-12,2019-08-20,Administrative,Male,White,IC5,False
e000090,2015-01-21,2018-12-20,Administrative,Male,Black,M4,True
e000091,2015-01-30,2019-12-31,Production,Male,Hispanic,M7,True
e000092,2015-01-14,2020-05-11,Production,Male,White,IC9,False
e000093,2015-01-09,2023-06-15,Sales,Female,White,IC2,False
e000094,2015-01-16,2017-12-07,Production,Female,White,M6,False
e000095,2015-01-30,,Administrative,Male,Black,IC7,True
e000096,2015-01-02,2021-01-01,Sales,Female,Black,M4,True
e000097,2015-01-12,2018-04-11,Production,Male,Asian,IC4,False
e000098,2015-01-30,2022-12-01,Production,Female,Asian,S2,False
e000099,2015-01-06,2019-02-28,Sales,Female,White,IC2,False
e000100,2015-01-27,2023-06-22,Administrative,Male,Hispanic,IC1,True
e000101,2015-01-20,2021-10-07,Administrative,Male,White,M6,False
e000102,2015-01-23,2023-05-12,Production,Non-binary,White,M5,False
e000103,2015-01-22,2022-05-05,Sales,Non-binary,Black,IC7,True
e000104,2015-01-21,2019-01-15,Sales,Male,Hispanic,M4,True
e000105,2015-01-30,2022-04-04,Sales,Female,Black,IC2,True
e000106,2015-01-19,,Administrative,Male,White,IC5,False
e000107,2015-01-30,,Administrative,Male,Asian,IC2,False
e000108,2015-01-30,2024-02-05,Administrative,Male,Black,IC4,True
e000109,2015-01-28,2017-09-18,Administrative,Male,Black,M5,True
e000110,2015-01-14,2021-10-26,Production,Male,White,S1,False
e000111,2015-01-22,2023-01-10,Administrative,Male,White,IC2,False
e000112,2015-01-16,2018-06-06,Production,Female,Hispanic,IC2,True
e000113,2015-01-07,2022-06-20,Sales,Female,Black,IC4,True
e000114,2015-01-13,2018-12-14,Administrative,Male,White,M5,False
e000115,2015-01-16,2020-10-30,Administrative,Female,White,M6,False
e000116,2015-01-16,2020-02-10,Administrative,Male,Hispanic,M5,True
e000117,2015-01-21,2021-08-31,Administrative,Male,Asian,M6,False
e000118,2015-01-02,2017-04-11,Production,Male,White,IC4,False
e000119,2015-02-18,2017-02-09,Administrative,Female,Hispanic,S2,True
e000120,2015-02-24,2023-04-28,Administrative,Male,White,IC2,False
e000121,2015-02-16,2019-02-22,Production,Male,White,S1,False
e000122,2015-02-09,2017-12-04,Production,Male,White,IC2,False
e000123,2015-02-19,2023-04-19,Production,Male,White,IC6,False
e000124,2015-02-05,2018-04-16,Production,Male,Asian,IC4,False
e000125,2015-02-24,2020-01-13,Production,Male,White,IC4,False
e000126,2015-02-02,,Administrative,Female,Asian,IC6,False
e000127,2015-02-13,2022-06-17,Production,Male,Asian,S2,False
e000128,2015-02-18,2020-08-20,Production,Male,White,IC5,False
e000129,2015-02-17,2023-03-20,Administrative,Female,White,S1,False
e000130,2015-02-04,2019-09-10,Sales,Male,White,IC6,False
e000131,2015-02-19,2018-09-20,Administrative,Male,Hispanic,S2,True
e000132,2015-02-27,2019-09-20,Production,Female,White,IC2,False
e000133,2015-02-05,2019-09-03,Administrative,Non-binary,White,IC2,False
e000134,2015-03-20,2019-06-19,Administrative,Male,Hispanic,IC7,True
e000135,2015-03-10,2020-11-23,Production,Female,Hispanic,IC3,True
e000136,2015-03-13,2024-01-11,Production,Non-binary,Asian,S2,False
e000137,2015-03-10,2022-11-30,Sales,Male,White,IC5,False
e000138,2015-03-17,2018-07-27,Production,Male,Black,M4,True
e000139,2015-03-13,2020-02-26,Administrative,Male,Asian,IC3,False
e000140,2015-03-19,2021-05-14,Administrative,Female,Black,M4,True
e000141,2015-03-02,2020-05-21,Production,Male,White,IC2,False
e000142,2015-03-04,2020-01-28,Production,Male,Hispanic,IC9,True
e000143,2015-03-30,2018-04-25,Production,Male,White,M5,False
e000144,2015-03-23,2023-07-24,Production,Male,Asian,IC2,False
e000145,2015-03-02,2022-04-22,Sales,Male,White,S2,False
e000146,2015-04-15,2018-07-19,Production,Female,Asian,IC1,False
e000147,2015-04-14,2020-01-14,Sales,Female,Hispanic,IC5,True
e000148,2015-04-16,2022-11-18,Production,Male,White,S2,False
e000149,2015-04-22,2017-02-21,Administrative,Male,White,IC7,False
e000150,2015-04-24,,Administrative,Female,White,IC2,False
e000151,2015-05-15,2018-09-25,Production,Female,Asian,IC7,False
e000152,2015-05-29,2018-09-27,Administrative,Male,Hispanic,IC7,True
e000153,2015-05-27,2018-09-04,Production,Female,Asian,S2,False
e000154,2015-05-29,2020-07-09,Production,Female,White,IC8,False
e000155,2015-05-12,2018-12-10,Administrative,Female,White,S1,False
e000156,2015-05-15,2020-01-01,Production,Male,White,IC3,False
e000157,2015-05-28,2020-05-12,Sales,Non-binary,Asian,S1,False
e000158,2015-05-07,2024-06-07,Production,Non-binary,Hispanic,IC3,True
e000159,2015-05-19,2020-01-16,Production,Male,Hispanic,IC1,True
e000160,2015-05-18,2018-12-17,Production,Female,Asian,IC7,False
e000161,2015-05-13,,Production,Male,White,IC4,False
e000162,2015-05-12,2019-04-29,Sales,Female,Asian,IC6,False
e000163,2015-05-22,2023-03-17,Production,Male,Hispanic,IC7,True
e000164,2015-05-13,2024-01-22,Administrative,Male,Asian,M4,False
e000165,2015-06-18,2019-10-23,Production,Female,Asian,M5,False
e000166,2015-07-02,2018-09-19,Production,Female,Asian,IC3,False
e000167,2015-07-22,2019-04-02,Administrative,Male,Asian,S1,False
e000168,2015-07-13,2020-01-03,Production,Non-binary,Asian,IC6,False
e000169,2015-07-20,2020-08-27,Sales,Non-binary,White,S2,False
e000170,2015-07-07,,Administrative,Female,White,IC1,False
e000171,2015-07-17,2017-10-16,Administrative,Female,Asian,S3,False
e000172,2015-07-31,2018-04-04,Administrative,Female,Black,IC5,True
e000173,2015-07-29,2017-04-20,Production,Male,White,IC4,False
e000174,2015-07-02,2022-10-07,Production,Female,White,IC9,False
e000175,2015-07-29,2020-01-22,Production,Male,Black,S2,True
e000176,2015-07-23,2018-04-17,Sales,Male,Hispanic,IC5,True
e000177,2015-07-27,2017-04-11,Production,Male,White,M5,False
e000178,2015-07-24,2019-06-19,Production,Non-binary,Hispanic,IC1,True
e000179,2015-07-09,2017-11-24,Production,Female,Asian,IC2,False
e000180,2015-07-03,2020-08-07,Administrative,Male,Asian,M4,False
e000181,2015-07-30,2017-08-08,Sales,Male,Asian,S2,False
e000182,2015-07-31,2018-12-28,Production,Non-binary,Hispanic,S1,True
e000183,2015-07-20,,Administrative,Male,Asian,IC4,False
e000184,2015-07-28,2021-03-01,Production,Female,White,IC1,False
e000185,2015-07-21,2019-07-19,Production,Male,Hispanic,IC2,True
e000186,2015-07-30,2018-07-17,Production,Male,Asian,IC1,False
e000187,2015-07-10,2023-04-04,Production,Male,White,IC6,False
e000188,2015-07-29,,Administrative,Male,White,S2,False
e000189,2015-07-14,2022-04-14,Production,Female,White,S1,False
e000190,2015-07-20,2018-12-12,Production,Male,Asian,S1,False
e000191,2015-07-16,2018-12-28,Production,Male,Asian,M4,False
e000192,2015-07-01,2023-05-09,Administrative,Male,White,M4,False
e000193,2015-07-10,2022-02-10,Production,Male,White,S2,False
e000194,2015-08-14,2019-03-13,Administrative,Male,White,IC7,False
e000195,2015-08-27,2018-04-13,Sales,Female,Asian,S2,False
e000196,2015-08-06,2018-04-11,Administrative,Male,Hispanic,IC3,True
e000197,2015-08-04,2019-06-05,Sales,Male,White,IC2,False
e000198,2015-08-31,2017-12-29,Sales,Male,Hispanic,IC2,True
e000199,2015-08-18,2022-07-29,Sales,Male,Black,S2,True
e000200,2015-08-12,2017-11-29,Administrative,Non-binary,Asian,M4,False
e000201,2015-08-28,2022-11-01,Sales,Male,White,S3,False
e000202,2015-08-11,2018-07-26,Sales,Male,Asian,IC4,False
e000203,2015-08-10,2017-08-21,Production,Female,White,S3,False
e000204,2015-08-25,2018-09-07,Sales,Female,White,M6,False
e000205,2015-08-20,2020-02-13,Sales,Female,Black,S2,True
e000206,2015-08-07,2020-07-06,Administrative,Female,Black,IC6,True
e000207,2015-08-19,2018-09-26,Production,Male,White,IC2,False
e000208,2015-08-21,2017-02-22,Administrative,Female,Asian,IC2,False
e000209,2015-08-13,2021-03-18,Sales,Female,Asian,IC3,False
e000210,2015-08-27,2020-08-14,Administrative,Female,Asian,IC6,False
e000211,2015-10-30,2019-08-28,Production,Male,Asian,S2,False
e000212,2015-10-08,2022-01-19,Sales,Male,Asian,IC3,False
e000213,2015-10-15,2020-01-27,Administrative,Female,Asian,M5,False
e000214,2015-10-16,2019-08-08,Administrative,Male,White,IC1,False
e000215,2015-10-14,2017-02-16,Administrative,Female,Hispanic,M5,True
e000216,2015-10-19,2020-01-21,Sales,Female,Asian,S3,False
e000217,2015-11-23,2021-06-07,Production,Male,Black,IC4,True
e000218,2015-11-17,2018-12-07,Production,Female,Asian,IC8,False
e000219,2015-11-04,2017-04-12,Administrative,Male,White,IC4,False
e000220,2015-11-10,2018-07-26,Sales,Female,Asian,S3,False
e000221,2015-11-19,2021-10-14,Production,Female,Hispanic,IC5,True
e000222,2015-11-23,2021-11-04,Sales,Female,Asian,S1,False
e000223,2015-11-12,2019-04-12,Sales,Female,Asian,IC6,False
e000224,2015-11-12,2019-09-26,Production,Male,Asian,S3,False
e000225,2015-11-20,2023-01-25,Production,Male,Asian,IC4,False
e000226,2015-11-02,2021-03-31,Production,Female,Black,IC2,True
e000227,2015-11-30,2023-05-08,Production,Male,Asian,IC3,False
e000228,2015-11-16,2023-11-27,Sales,Female,Black,S3,True
e000229,2015-11-30,2017-11-30,Administrative,Male,Asian,M4,False
e000230,2015-11-27,2021-12-03,Production,Male,White,S1,False
e000231,2015-11-23,2021-03-29,Sales,Non-binary,Asian,IC2,False
e000232,2015-11-03,2021-07-05,Production,Female,Black,IC1,True
e000233,2015-11-11,2023-05-09,Sales,Female,Asian,M5,False
e000234,2015-11-17,2018-04-18,Production,Female,Black,M4,True
e000235,2015-11-09,2019-04-16,Administrative,Male,Asian,IC6,False
e000236,2015-11-25,2020-11-16,Sales,Male,Asian,IC1,False
e000237,2015-11-04,2017-02-16,Administrative,Male,Black,IC2,True
e000238,2015-11-16,2017-09-01,Production,Male,Asian,S2,False
e000239,2015-11-03,2019-07-03,Sales,Male,Hispanic,S1,True
e000240,2015-11-10,2019-07-08,Production,Non-binary,Asian,IC1,False
e000241,2015-11-03,2018-07-05,Sales,Male,Hispanic,IC1,True
e000242,2015-11-26,2021-01-19,Sales,Female,White,M4,False
e000243,2015-12-11,2019-10-02,Sales,Male,Hispanic,IC2,True
e000244,2015-12-21,2019-03-14,Sales,Male,Asian,IC6,False
e000245,2015-12-02,2020-06-12,Sales,Female,Asian,IC7,False
e000246,2015-12-21,2018-06-11,Production,Male,Asian,M6,False
e000247,2015-12-01,2018-06-25,Production,Male,Hispanic,IC9,True
e000248,2015-12-22,2020-05-04,Sales,Female,Hispanic,IC5,True
e000249,2015-12-08,2018-09-20,Sales,Male,Asian,IC4,False
e000250,2015-12-15,2021-10-28,Production,Male,Hispanic,M5,True
e000251,2015-12-10,2019-03-29,Administrative,Female,Hispanic,IC2,True
e000252,2015-12-07,2019-02-13,Administrative,Female,Black,IC3,True
e000253,2015-12-31,2022-06-27,Production,Male,Asian,IC4,False
e000254,2015-12-09,2020-11-16,Administrative,Female,Asian,IC1,False
e000255,2015-12-30,2019-12-18,Administrative,Female,Hispanic,S2,True
e000256,2015-12-24,2024-05-16,Sales,Male,White,IC1,False
e000257,2015-12-22,2020-07-17,Production,Female,Asian,IC5,False
e000258,2015-12-24,2023-01-16,Administrative,Female,Black,IC3,True
e000259,2015-12-01,2018-04-27,Production,Male,White,S3,False
e000260,2016-01-01,2020-02-14,Sales,Female,Black,IC4,True
e000261,2016-01-08,2018-09-28,Sales,Male,White,IC4,False
e000262,2016-01-27,2018-04-09,Sales,Female,Asian,IC3,False
e000263,2016-01-18,2018-04-05,Administrative,Female,Asian,S3,False
e000264,2016-01-12,2020-03-13,Administrative,Male,Hispanic,IC1,True
e000265,2016-01-22,2023-11-14,Sales,Female,White,IC5,False
e000266,2016-01-06,2018-01-24,Sales,Male,Black,IC8,True
e000267,2016-01-13,2019-09-19,Production,Male,Asian,IC2,False
e000268,2016-01-27,2019-01-01,Sales,Female,Asian,IC2,False
e000269,2016-01-12,,Production,Male,Black,IC3,True
e000270,2016-01-22,2019-08-28,Sales,Male,Black,IC2,True
e000271,2016-01-12,2018-09-21,Administrative,Female,Asian,S3,False
e000272,2016-01-18,2017-04-14,Sales,Female,Asian,IC2,False
e000273,2016-01-15,2023-02-02,Sales,Male,Asian,S3,False
e000274,2016-01-08,2020-01-24,Sales,Male,Asian,S2,False
e000275,2016-01-27,2018-09-04,Administrative,Female,White,IC4,False
e000276,2016-01-04,2018-07-05,Administrative,Female,Asian,IC2,False
e000277,2016-01-27,2020-10-05,Sales,Female,Asian,IC8,False
e000278,2016-01-05,2019-02-04,Administrative,Female,Asian,IC3,False
e000279,2016-02-29,2020-03-02,Administrative,Female,Asian,IC1,False
e000280,2016-02-24,2023-07-06,Sales,Non-binary,White,S2,False
e000281,2016-02-26,2023-06-26,Administrative,Male,Asian,S2,False
e000282,2016-02-12,2021-07-02,Production,Female,Asian,IC6,False
e000283,2016-02-03,2024-06-04,Production,Male,Asian,S2,False
e000284,2016-02-08,2023-10-26,Sales,Female,Asian,IC4,False
e000285,2016-02-17,2017-02-07,Sales,Male,White,S3,False
e000286,2016-02-15,2019-04-26,Sales,Female,Asian,IC2,False
e000287,2016-02-19,2024-02-26,Sales,Female,Asian,IC3,False
e000288,2016-02-19,2020-05-08,Production,Male,White,IC6,False
e000289,2016-02-11,,Sales,Female,White,S2,False
e000290,2016-02-04,2018-04-20,Administrative,Female,Asian,S1,False
e000291,2016-02-17,2020-10-22,Production,Non-binary,White,IC4,False
e000292,2016-02-03,2022-04-28,Sales,Female,Asian,S3,False
e000293,2016-02-12,2019-05-08,Production,Male,Asian,S2,False
e000294,2016-02-02,2017-02-02,Sales,Female,Asian,IC3,False
e000295,2016-02-24,2018-04-11,Sales,Male,White,M5,False
e000296,2016-02-24,2022-02-14,Administrative,Male,Asian,IC5,False
e000297,2016-02-25,,Production,Non-binary,Asian,M5,False
e000298,2016-02-22,2018-04-23,Production,Non-binary,Asian,IC2,False
e000299,2016-02-11,2017-02-16,Administrative,Male,Asian,IC6,False
e000300,2016-02-05,2018-07-16,Production,Male,White,M5,False
e000301,2016-02-22,2017-02-13,Administrative,Female,Asian,IC4,False
e000302,2016-02-01,2017-11-03,Production,Male,Black,IC2,True
e000303,2016-02-10,,Administrative,Female,Asian,IC2,False
e000304,2016-02-11,2020-09-02,Administrative,Female,Asian,IC7,False
e000305,2016-02-26,2020-03-11,Sales,Female,Asian,IC6,False
e000306,2016-02-11,2020-01-29,Production,Female,White,IC1,False
e000307,2016-02-29,2019-04-10,Production,Male,Asian,IC3,False
e000308,2016-02-15,2019-02-27,Administrative,Male,Asian,S3,False
e000309,2016-03-07,2017-12-15,Sales,Female,White,IC5,False
e000310,2016-03-04,2023-09-25,Production,Male,Asian,IC6,False
e000311,2016-03-09,,Administrative,Male,Asian,IC3,False
e000312,2016-04-15,2020-03-26,Production,Female,Asian,S1,False
e000313,2016-04-08,,Administrative,Female,Hispanic,IC3,True
e000314,2016-04-22,2020-11-09,Sales,Female,Asian,IC5,False
e000315,2016-04-26,2017-10-16,Sales,Male,Black,M5,True
e000316,2016-04-04,2017-11-03,Sales,Non-binary,Asian,IC1,False
e000317,2016-04-26,2018-09-04,Administrative,Male,Asian,M5,False
e000318,2016-04-18,,Administrative,Male,Black,IC1,True
e000319,2016-04-19,2020-01-07,Production,Female,Asian,IC2,False
e000320,2016-04-28,2018-12-14,Administrative,Non-binary,Asian,M4,False
e000321,2016-04-04,,Administrative,Male,Black,IC2,True
e000322,2016-04-14,2020-02-25,Administrative,Male,Asian,IC7,False
e000323,2016-04-11,2018-09-27,Sales,Male,White,IC3,False
e000324,2016-04-25,2019-07-22,Administrative,Male,Asian,M4,False
e000325,2016-04-14,2020-03-05,Sales,Non-binary,Black,IC8,True
e000326,2016-04-25,2019-05-30,Production,Non-binary,Asian,IC3,False
e000327,2016-04-25,2019-08-15,Administrative,Male,White,M4,False
e000328,2016-04-05,2020-10-09,Production,Female,Asian,IC6,False
e000329,2016-04-14,2023-07-04,Administrative,Female,Asian,S3,False
e000330,2016-04-11,2019-04-24,Administrative,Male,Asian,IC2,False
e000331,2016-04-06,2021-01-08,Administrative,Male,Asian,M6,False
e000332,2016-04-26,2022-04-06,Production,Male,Asian,IC1,False
e000333,2016-04-07,2020-10-27,Sales,Female,Asian,S2,False
e000334,2016-04-14,2018-04-11,Production,Non-binary,Asian,S2,False
e000335,2016-04-22,2019-04-15,Sales,Male,Asian,S1,False
e000336,2016-04-19,2021-03-08,Administrative,Male,Asian,IC8,False
e000337,2016-04-21,2019-09-23,Production,Male,Black,IC6,True
e000338,2016-04-26,2019-09-19,Administrative,Female,Asian,IC4,False
e000339,2016-04-05,2020-03-16,Sales,Female,Asian,IC2,False
e000340,2016-04-29,2019-08-22,Sales,Male,Asian,S3,False
e000341,2016-04-28,2020-07-21,Administrative,Male,Asian,M5,False
e000342,2016-05-16,2017-11-01,Administrative,Male,Asian,IC5,False
e000343,2016-05-09,2018-09-05,Production,Female,Asian,IC1,False
e000344,2016-05-18,2022-02-23,Sales,Female,Asian,S1,False
e000345,2016-05-30,2020-03-18,Production,Male,White,S1,False
e000346,2016-05-26,2017-11-13,Administrative,Male,Asian,IC5,False
e000347,2016-05-23,2019-06-19,Production,Non-binary,Asian,M8,False
e000348,2016-05-03,2022-06-21,Production,Male,Asian,IC2,False
e000349,2016-05-10,2020-02-14,Sales,Female,Asian,IC5,False
e000350,2016-05-25,2018-09-13,Administrative,Male,Hispanic,S1,True
e000351,2016-05-06,2021-07-21,Production,Male,Hispanic,IC4,True
e000352,2016-05-11,2017-11-02,Sales,Non-binary,Asian,S1,False
e000353,2016-05-13,2018-04-18,Sales,Male,Asian,IC8,False
e000354,2016-05-04,2020-05-18,Sales,Male,Asian,IC7,False
e000355,2016-05-11,,Administrative,Male,Asian,IC8,False
e000356,2016-05-31,2018-06-28,Production,Male,Asian,IC3,False
e000357,2016-05-16,2018-07-04,Sales,Female,Asian,IC4,False
e000358,2016-05-16,2017-11-29,Administrative,Male,Asian,S2,False
e000359,2016-06-01,2018-07-04,Production,Female,Asian,IC4,False
e000360,2016-06-27,2022-04-22,Sales,Male,Asian,IC2,False
e000361,2016-06-24,2017-12-26,Production,Female,Asian,IC4,False
e000362,2016-06-22,2023-05-30,Production,Male,White,S1,False
e000363,2016-06-13,2020-02-26,Production,Female,Asian,S2,False
e000364,2016-06-30,2022-01-27,Sales,Male,Asian,IC5,False
e000365,2016-06-10,2019-12-30,Administrative,Female,Asian,M6,False
e000366,2016-06-28,2024-04-16,Sales,Male,Asian,M4,False
e000367,2016-06-29,2017-11-21,Production,Female,Black,IC2,True
e000368,2016-06-27,2018-04-10,Administrative,Male,Asian,S2,False
e000369,2016-06-21,2022-04-06,Sales,Male,Asian,IC1,False
e000370,2016-06-20,2021-11-04,Production,Female,White,IC1,False
e000371,2016-06-29,2019-09-30,Sales,Male,Asian,S3,False
e000372,2016-06-06,2024-01-08,Production,Non-binary,Asian,IC1,False
e000373,2016-06-30,2020-02-10,Sales,Male,Asian,IC1,False
e000374,2016-06-24,2021-10-08,Production,Non-binary,White,IC3,False
e000375,2016-06-16,2019-06-06,Sales,Male,Hispanic,S2,True
e000376,2016-06-09,2017-11-24,Administrative,Male,Asian,M4,False
e000377,2016-06-28,2022-11-22,Production,Female,Black,IC6,True
e000378,2016-07-29,2020-02-12,Sales,Male,Black,S2,True
e000379,2016-07-12,2018-09-07,Sales,Male,Hispanic,IC2,True
e000380,2016-07-13,2020-05-12,Production,Female,Asian,IC1,False
e000381,2016-07-08,2021-07-30,Sales,Female,Black,IC6,True
e000382,2016-08-26,2022-04-29,Sales,Non-binary,Asian,M4,False
e000383,2016-08-31,,Production,Male,Hispanic,IC5,True
e000384,2016-08-16,2019-02-12,Sales,Female,Black,IC4,True
e000385,2016-08-12,2023-04-19,Production,Male,Asian,S2,False
e000386,2016-08-08,2018-12-04,Production,Male,Asian,M8,False
e000387,2016-08-12,,Administrative,Male,Hispanic,IC1,True
e000388,2016-08-11,2023-05-30,Production,Male,Black,M4,True
e000389,2016-08-02,2021-01-28,Sales,Male,Asian,S3,False
e000390,2016-08-24,2022-02-22,Administrative,Male,Asian,IC1,False
e000391,2016-08-02,2018-04-25,Sales,Male,Black,M4,True
e000392,2016-08-23,2020-01-08,Production,Male,White,M5,False
e000393,2016-08-19,2022-11-10,Sales,Female,Hispanic,IC7,True
e000394,2016-08-26,2018-09-13,Sales,Non-binary,Black,S1,True
e000395,2016-09-05,2023-11-10,Production,Female,Asian,M5,False
e000396,2016-10-18,2020-08-14,Sales,Female,Asian,IC4,False
e000397,2016-10-10,2018-05-07,Production,Male,Asian,IC2,False
e000398,2016-10-19,2019-04-17,Sales,Male,Asian,IC2,False
e000399,2016-10-04,2018-06-25,Administrative,Female,Asian,IC5,False
e000400,2016-10-14,2023-07-28,Production,Male,Asian,M4,False
e000401,2016-10-24,2023-05-04,Production,Female,Asian,IC2,False
e000402,2016-10-06,2017-06-23,Production,Non-binary,Asian,S2,False
e000403,2016-10-11,2021-07-02,Production,Male,White,IC5,False
e000404,2016-10-21,2024-05-28,Administrative,Female,Black,IC2,True
e000405,2016-10-03,2022-04-19,Administrative,Female,Asian,IC5,False
e000406,2016-10-21,2021-03-09,Production,Male,Asian,S3,False
e000407,2016-10-21,2019-01-02,Administrative,Female,Black,S2,True
e000408,2016-10-03,2017-12-13,Production,Male,Asian,IC6,False
e000409,2016-10-10,2017-10-19,Administrative,Non-binary,Asian,S2,False
e000410,2016-10-18,2020-05-01,Administrative,Female,Black,IC3,True
e000411,2016-10-21,2019-08-13,Production,Non-binary,Black,IC5,True
e000412,2016-10-06,2022-01-05,Administrative,Male,White,S1,False
e000413,2016-10-19,2020-10-19,Sales,Female,Asian,S3,False
e000414,2016-10-05,2019-03-22,Administrative,Male,White,IC8,False
e000415,2016-10-05,2018-04-25,Administrative,Female,Asian,IC8,False
e000416,2016-10-10,2020-03-10,Sales,Male,Asian,IC7,False
e000417,2016-11-22,2018-12-10,Sales,Male,Black,M5,True
e000418,2016-11-08,2020-03-30,Sales,Male,Asian,IC5,False
e000419,2016-11-16,2018-09-26,Sales,Male,Asian,IC1,False
e000420,2016-11-09,2022-11-09,Sales,Male,White,IC1,False
e000421,2016-11-25,2017-11-03,Sales,Male,Hispanic,IC1,True
e000422,2016-11-29,2020-05-28,Administrative,Male,Asian,IC1,False
e000423,2016-11-07,2017-11-27,Administrative,Non-binary,Asian,IC5,False
e000424,2016-11-16,2019-12-18,Sales,Male,Asian,M7,False
e000425,2016-11-07,2018-12-14,Administrative,Female,Asian,S2,False
e000426,2016-11-02,2020-07-21,Administrative,Female,Asian,S1,False
e000427,2016-11-23,2024-04-10,Production,Non-binary,Hispanic,IC4,True
e000428,2016-11-17,2023-09-14,Administrative,Male,Asian,IC1,False
e000429,2016-11-28,,Sales,Female,Asian,IC5,False
e000430,2016-11-30,2019-09-10,Production,Female,Black,IC5,True
e000431,2016-11-11,2024-03-20,Production,Male,White,S2,False
e000432,2016-11-04,2023-12-06,Production,Female,Asian,S1,False
e000433,2016-11-25,2019-10-11,Sales,Male,Asian,S2,False
e000434,2016-11-25,2019-03-07,Administrative,Male,Asian,IC2,False
e000435,2016-11-25,2019-04-03,Administrative,Male,Asian,M4,False
e000436,2016-11-24,2019-03-11,Administrative,Female,White,IC4,False
e000437,2016-11-24,,Sales,Male,White,IC9,False
e000438,2016-11-24,2017-08-09,Sales,Female,Asian,IC6,False
e000439,2016-11-30,2019-06-24,Sales,Male,Asian,S2,False
e000440,2016-11-24,,Production,Non-binary,White,IC4,False
e000441,2016-11-29,2019-06-06,Administrative,Male,Black,S1,True
e000442,2016-11-04,,Production,Male,Asian,IC2,False
e000443,2016-11-30,,Administrative,Male,Hispanic,IC3,True
e000444,2016-11-14,2018-04-02,Production,Male,Asian,IC5,False
e000445,2016-11-23,2019-08-05,Sales,Female,Asian,IC3,False
e000446,2016-11-04,2019-09-16,Production,Male,White,S2,False
e000447,2016-11-09,2018-09-05,Sales,Female,Asian,IC1,False
e000448,2016-11-07,2022-12-29,Sales,Male,Asian,S3,False
e000449,2016-12-27,2020-07-24,Sales,Female,Asian,IC3,False
e000450,2016-12-12,2017-02-08,Administrative,Female,Asian,S2,False
e000451,2016-12-02,2018-04-10,Administrative,Male,Asian,IC8,False
e000452,2016-12-07,2017-10-09,Administrative,Male,Asian,IC2,False
e000453,2016-12-16,,Production,Male,Black,IC2,True
e000454,2017-01-30,2018-09-07,Administrative,Non-binary,Hispanic,IC2,True
e000455,2017-01-30,,Administrative,Female,Asian,IC1,False
e000456,2017-01-09,2020-01-09,Production,Male,Black,IC3,True
e000457,2017-01-30,2019-08-01,Production,Male,Asian,M5,False
e000458,2017-01-25,2020-07-03,Administrative,Male,White,S1,False
e000459,2017-01-02,2018-06-04,Production,Male,White,IC6,False
e000460,2017-01-04,2017-09-08,Production,Male,Asian,M7,False
e000461,2017-01-30,2020-08-04,Production,Male,Asian,M4,False
e000462,2017-01-13,2020-03-24,Administrative,Female,Asian,IC7,False
e000463,2017-01-18,,Sales,Female,Asian,M5,False
e000464,2017-01-30,2019-03-07,Administrative,Female,Black,S2,True
e000465,2017-01-27,2021-03-30,Administrative,Male,Asian,S3,False
e000466,2017-01-04,2022-07-14,Production,Non-binary,Black,IC2,True
e000467,2017-01-23,2018-09-21,Sales,Male,Asian,IC4,False
e000468,2017-01-10,2017-10-31,Production,Male,Asian,M5,False
e000469,2017-01-09,2019-04-30,Administrative,Male,Asian,IC4,False
e000470,2017-01-27,2017-09-19,Sales,Male,Asian,IC1,False
e000471,2017-01-27,2022-01-28,Production,Male,Asian,S3,False
e000472,2017-01-05,2024-05-31,Administrative,Male,White,IC3,False
e000473,2017-01-06,2019-04-11,Administrative,Male,Black,S1,True
e000474,2017-01-06,2017-10-26,Administrative,Female,Hispanic,S3,True
e000475,2017-01-23,2020-02-26,Administrative,Male,Asian,IC5,False
e000476,2017-01-20,2023-09-12,Sales,Male,Asian,IC2,False
e000477,2017-01-10,2020-03-12,Administrative,Male,Black,IC6,True
e000478,2017-01-18,2019-08-05,Administrative,Female,Asian,S2,False
e000479,2017-01-10,2020-01-20,Sales,Male,Black,IC2,True
e000480,2017-01-12,2017-04-10,Sales,Female,Asian,IC2,False
e000481,2017-01-26,2019-02-21,Administrative,Female,Black,IC2,True
e000482,2017-01-03,2021-03-03,Sales,Male,Asian,IC4,False
e000483,2017-01-30,2017-11-02,Sales,Male,Asian,S2,False
e000484,2017-02-08,2017-10-10,Administrative,Female,Asian,IC5,False
e000485,2017-02-15,2019-09-04,Sales,Female,Black,IC6,True
e000486,2017-02-10,2022-04-26,Administrative,Female,Asian,IC2,False
e000487,2017-02-20,2017-12-18,Sales,Male,Asian,S1,False
e000488,2017-03-24,2024-11-01,Sales,Male,Black,S1,True
e000489,2017-03-09,2018-12-20,Administrative,Female,Asian,IC2,False
e000490,2017-03-07,2019-03-12,Sales,Male,Asian,IC6,False
e000491,2017-03-06,2018-01-16,Production,Male,Asian,M4,False
e000492,2017-03-13,,Sales,Male,Asian,S1,False
e000493,2017-03-10,2019-08-13,Sales,Male,Asian,IC1,False
e000494,2017-03-29,2020-08-21,Sales,Female,White,IC5,False
e000495,2017-03-02,2019-12-04,Production,Female,Asian,IC1,False
e000496,2017-03-24,2019-02-27,Production,Female,White,IC5,False
e000497,2017-03-01,2022-04-25,Administrative,Male,Black,S3,True
e000498,2017-03-09,2022-04-18,Administrative,Male,Black,IC6,True
e000499,2017-03-14,2018-06-04,Administrative,Female,White,IC3,False
e000500,2017-03-09,2019-12-24,Administrative,Male,Asian,S3,False
e000501,2017-03-08,,Administrative,Female,Asian,IC5,False
e000502,2017-03-10,2017-11-03,Production,Non-binary,Asian,S3,False
e000503,2017-03-14,,Sales,Female,Asian,IC3,False
e000504,2017-03-29,,Administrative,Male,Asian,S2,False
e000505,2017-03-06,2020-06-04,Sales,Female,Asian,IC2,False
e000506,2017-03-21,2020-07-08,Administrative,Female,Asian,IC3,False
e000507,2017-03-15,2020-01-02,Production,Non-binary,Asian,S2,False
e000508,2017-03-22,2020-08-21,Sales,Female,Asian,IC5,False
e000509,2017-03-01,2018-06-14,Administrative,Male,Black,IC7,True
e000510,2017-03-02,2021-01-11,Production,Male,Asian,IC2,False
e000511,2017-03-21,2024-02-05,Production,Male,White,IC3,False
e000512,2017-03-10,2020-05-12,Administrative,Female,Asian,IC2,False
e000513,2017-04-12,2017-12-06,Administrative,Male,Asian,IC2,False
e000514,2017-04-17,2023-05-23,Production,Male,Asian,IC1,False
e000515,2017-04-24,2019-04-23,Administrative,Female,Asian,S2,False
e000516,2017-04-25,2019-06-04,Sales,Female,White,IC5,False
e000517,2017-04-06,2017-11-03,Sales,Female,Black,S2,True
e000518,2017-04-07,2021-11-01,Sales,Female,Asian,IC3,False
e000519,2017-04-19,2020-07-27,Sales,Male,Asian,IC6,False
e000520,2017-04-06,2018-09-14,Sales,Female,Asian,IC2,False
e000521,2017-04-24,2019-03-11,Sales,Female,Hispanic,S2,True
e000522,2017-04-10,,Sales,Female,Asian,IC5,False
e000523,2017-04-07,,Administrative,Female,Asian,S3,False
e000524,2017-04-25,2018-12-05,Sales,Female,Asian,S1,False
e000525,2017-04-14,2022-11-29,Administrative,Female,Asian,S1,False
e000526,2017-04-28,2018-09-19,Sales,Male,Asian,IC1,False
e000527,2017-04-03,2022-07-14,Sales,Male,Asian,S1,False
e000528,2017-04-17,2021-10-26,Production,Male,Asian,IC6,False
e000529,2017-04-26,2019-04-09,Sales,Male,White,S2,False
e000530,2017-04-07,2020-03-26,Sales,Female,Asian,M6,False
e000531,2017-04-28,2019-08-26,Production,Non-binary,Black,IC6,True
e000532,2017-04-25,2017-08-16,Sales,Male,Asian,S1,False
e000533,2017-04-28,2018-08-08,Sales,Female,Black,IC2,True
e000534,2017-04-05,2017-10-13,Production,Female,Asian,IC2,False
e000535,2017-04-10,2018-09-06,Sales,Non-binary,Asian,M4,False
e000536,2017-04-20,2017-08-22,Sales,Female,Asian,M8,False
e000537,2017-04-28,2019-09-02,Sales,Female,Asian,IC7,False
e000538,2017-04-18,2017-10-17,Sales,Male,Hispanic,IC1,True
e000539,2017-04-10,2019-04-04,Production,Non-binary,Asian,M5,False
e000540,2017-04-14,2021-01-05,Production,Female,White,IC2,False
e000541,2017-04-07,2018-04-17,Production,Female,Asian,IC5,False
e000542,2017-04-06,2019-12-24,Production,Male,Asian,S1,False
e000543,2017-05-19,2019-09-04,Sales,Female,Asian,S1,False
e000544,2017-05-19,2023-02-17,Production,Male,Asian,IC7,False
e000545,2017-05-03,2024-01-26,Sales,Non-binary,Asian,IC3,False
e000546,2017-05-08,2024-05-01,Sales,Male,Asian,IC4,False
e000547,2017-05-15,2022-11-10,Sales,Male,White,IC3,False
e000548,2017-05-22,2019-12-24,Production,Male,Asian,S1,False
e000549,2017-05-18,2019-12-24,Sales,Female,Asian,M5,False
e000550,2017-05-03,2017-11-22,Sales,Female,Asian,M9,False
e000551,2017-05-03,2020-02-14,Sales,Female,Black,S1,True
e000552,2017-05-11,2023-04-05,Sales,Female,White,M4,False
e000553,2017-05-08,2018-09-11,Sales,Male,Asian,IC5,False
e000554,2017-05-02,2019-04-08,Administrative,Non-binary,Black,IC5,True
e000555,2017-05-16,2018-04-25,Sales,Female,Asian,S2,False
e000556,2017-05-23,2020-11-13,Sales,Female,Black,S3,True
e000557,2017-05-04,2018-06-18,Sales,Male,Asian,IC2,False
e000558,2017-05-16,,Sales,Male,Asian,IC7,False
e000559,2017-05-15,,Administrative,Female,Asian,S2,False
e000560,2017-05-18,2018-08-16,Administrative,Female,Asian,IC3,False
e000561,2017-05-08,2024-10-15,Administrative,Female,Asian,IC2,False
e000562,2017-05-03,2022-04-04,Administrative,Female,Hispanic,M4,True
e000563,2017-05-24,,Sales,Female,Black,S1,True
e000564,2017-05-22,2018-09-12,Sales,Female,Asian,IC5,False
e000565,2017-05-16,2018-07-20,Sales,Female,White,IC3,False
e000566,2017-05-25,2019-09-12,Administrative,Male,Asian,M5,False
e000567,2017-05-10,2020-07-24,Sales,Female,Asian,IC1,False
e000568,2017-05-26,2018-06-28,Administrative,Male,Asian,IC5,False
e000569,2017-05-15,2018-01-24,Sales,Female,Asian,IC3,False
e000570,2017-05-11,2017-09-25,Sales,Male,Asian,IC5,False
e000571,2017-05-25,,Sales,Female,Asian,IC7,False
e000572,2017-05-29,,Administrative,Male,Asian,S2,False
e000573,2017-05-02,2020-06-22,Sales,Male,Asian,S1,False
e000574,2017-05-22,,Sales,Female,Asian,IC7,False
e000575,2017-05-25,2019-10-04,Sales,Female,Asian,S3,False
e000576,2017-05-19,2018-04-11,Administrative,Male,Asian,M5,False
e000577,2017-05-15,2020-02-27,Sales,Non-binary,Asian,M4,False
e000578,2017-05-24,2017-08-10,Sales,Non-binary,Black,IC6,True
e000579,2017-05-11,2018-04-05,Administrative,Female,Asian,M6,False
e000580,2017-06-05,2020-02-18,Sales,Female,White,M8,False
e000581,2017-06-22,2020-08-07,Sales,Male,White,IC2,False
e000582,2017-06-05,2020-10-26,Sales,Female,Asian,IC4,False
e000583,2017-06-21,2018-09-10,Sales,Female,Black,IC5,True
e000584,2017-06-23,2023-05-15,Sales,Male,Asian,IC1,False
e000585,2017-06-27,2022-11-28,Administrative,Non-binary,Hispanic,S3,True
e000586,2017-06-08,2019-09-26,Production,Male,Black,IC2,True
e000587,2017-06-07,,Sales,Female,Asian,IC5,False
e000588,2017-06-15,2017-09-04,Sales,Female,Hispanic,S1,True
e000589,2017-06-12,2019-09-19,Sales,Male,White,IC4,False
e000590,2017-06-15,2020-01-03,Administrative,Non-binary,Asian,IC3,False
e000591,2017-06-28,,Sales,Female,Asian,S1,False
e000592,2017-06-06,2023-06-20,Sales,Male,White,S1,False
e000593,2017-06-19,2021-05-18,Sales,Male,Asian,IC5,False
e000594,2017-06-27,2023-06-14,Sales,Male,Hispanic,IC3,True
e000595,2017-06-27,2018-04-23,Sales,Male,Black,IC2,True
e000596,2017-06-12,2017-12-05,Sales,Female,Asian,M7,False
e000597,2017-06-21,2021-11-18,Sales,Female,Asian,M4,False
e000598,2017-06-12,2022-10-31,Administrative,Female,White,M6,False
e000599,2017-06-13,2020-03-11,Sales,Non-binary,White,IC7,False
e000600,2017-06-07,2018-07-12,Administrative,Non-binary,Hispanic,M4,True
e000601,2017-06-19,2022-02-07,Administrative,Female,Asian,IC2,False
e000602,2017-06-20,2021-07-29,Sales,Female,Hispanic,IC3,True
e000603,2017-06-15,2020-02-12,Production,Female,Black,S3,True
e000604,2017-06-09,2019-09-04,Sales,Female,Hispanic,IC6,True
e000605,2017-06-28,2022-12-30,Production,Female,Hispanic,IC7,True
e000606,2017-06-16,2019-04-25,Sales,Male,White,S2,False
e000607,2017-06-29,2018-09-14,Sales,Female,Hispanic,M4,True
e000608,2017-06-20,2018-09-13,Administrative,Male,Asian,S2,False
e000609,2017-06-19,2022-06-23,Sales,Female,Hispanic,S1,True
e000610,2017-06-09,2019-06-05,Production,Female,Asian,IC6,False
e000611,2017-06-27,2023-11-15,Sales,Female,Asian,IC7,False
e000612,2017-06-07,2018-04-18,Sales,Non-binary,Hispanic,S2,True
e000613,2017-06-22,,Production,Female,Black,IC6,True
e000614,2017-06-02,2019-03-05,Sales,Female,White,S1,False
e000615,2017-06-02,2018-08-03,Production,Male,Hispanic,IC1,True
e000616,2017-06-07,,Sales,Female,White,IC4,False
e000617,2017-06-15,2017-10-10,Sales,Female,Asian,IC6,False
e000618,2017-06-14,2019-09-19,Production,Female,White,M4,False
e000619,2017-06-08,2022-05-27,Sales,Female,Black,S2,True
e000620,2017-06-26,2020-10-09,Sales,Female,Asian,M4,False
e000621,2017-06-12,2020-07-20,Sales,Female,White,IC2,False
e000622,2017-06-02,2024-06-12,Administrative,Female,Asian,S2,False
e000623,2017-06-01,2020-01-15,Sales,Non-binary,Asian,IC2,False
e000624,2017-06-27,2018-06-11,Administrative,Female,Hispanic,M5,True
e000625,2017-06-27,2017-12-05,Production,Non-binary,White,IC2,False
e000626,2017-06-08,2018-09-12,Administrative,Female,Asian,S2,False
e000627,2017-06-30,2021-01-26,Administrative,Non-binary,Asian,IC7,False
e000628,2017-06-05,2020-08-14,Production,Female,Asian,IC4,False
e000629,2017-06-27,2020-06-18,Sales,Male,Hispanic,S3,True
e000630,2017-06-13,2019-07-10,Sales,Female,White,IC1,False
e000631,2017-06-08,2017-08-10,Administrative,Male,Asian,IC2,False
e000632,2017-06-20,2018-04-18,Production,Male,Hispanic,IC5,True
e000633,2017-06-30,2019-09-17,Administrative,Female,White,M6,False
e000634,2017-06-28,2018-07-31,Administrative,Female,Asian,S3,False
e000635,2017-06-22,2019-04-25,Production,Male,Black,IC5,True
e000636,2017-06-15,2017-10-03,Production,Female,Hispanic,IC2,True
e000637,2017-06-15,2018-01-26,Administrative,Female,Asian,S3,False
e000638,2017-06-14,2017-12-08,Production,Female,Hispanic,S1,True
e000639,2017-06-30,2021-03-24,Sales,Female,Hispanic,S1,True
e000640,2017-06-07,,Sales,Male,White,IC2,False
e000641,2017-06-07,2017-12-28,Sales,Male,White,S1,False
e000642,2017-06-01,2018-08-13,Sales,Female,Hispanic,S1,True
e000643,2017-06-27,2024-04-09,Sales,Female,Asian,M4,False
e000644,2017-06-30,2022-06-28,Administrative,Male,Black,S3,True
e000645,2017-07-25,2018-05-29,Sales,Female,Asian,IC2,False
e000646,2017-07-04,2019-10-21,Production,Female,Asian,S1,False
e000647,2017-07-13,2022-07-18,Sales,Female,Asian,IC3,False
e000648,2017-07-12,2021-03-04,Sales,Female,White,S2,False
e000649,2017-07-27,2020-02-06,Administrative,Male,Black,IC3,True
e000650,2017-07-26,2017-10-30,Production,Male,Black,S3,True
e000651,2017-07-20,2019-02-19,Administrative,Male,Asian,IC1,False
e000652,2017-07-19,2020-06-15,Administrative,Male,Black,S2,True
e000653,2017-07-13,2019-04-17,Sales,Male,Hispanic,S2,True
e000654,2017-07-12,2018-04-23,Sales,Female,White,IC3,False
e000655,2017-07-24,2018-09-25,Production,Male,Asian,IC5,False
e000656,2017-07-05,2019-03-07,Administrative,Non-binary,Asian,M4,False
e000657,2017-07-05,2022-11-21,Sales,Female,White,S2,False
e000658,2017-07-31,2023-11-21,Sales,Female,Asian,S3,False
e000659,2017-07-13,2023-11-27,Sales,Female,White,IC1,False
e000660,2017-07-19,2020-01-08,Administrative,Female,Hispanic,IC2,True
e000661,2017-07-28,2022-02-07,Sales,Male,Hispanic,IC3,True
e000662,2017-07-25,2018-07-17,Sales,Female,Black,S2,True
e000663,2017-07-28,2020-10-14,Sales,Female,White,IC4,False
e000664,2017-07-20,2018-09-28,Administrative,Male,Hispanic,S2,True
e000665,2017-07-31,2017-11-15,Administrative,Male,Asian,IC5,False
e000666,2017-07-17,2018-09-05,Production,Female,Asian,IC1,False
e000667,2017-07-24,2017-09-14,Sales,Female,Hispanic,IC5,True
e000668,2017-07-26,2021-03-30,Sales,Female,Black,IC4,True
e000669,2017-07-24,2018-12-26,Production,Female,Hispanic,IC3,True
e000670,2017-07-28,2018-01-26,Sales,Male,Asian,IC1,False
e000671,2017-07-14,2023-07-14,Sales,Male,Hispanic,IC1,True
e000672,2017-07-12,2019-04-05,Sales,Female,Asian,IC8,False
e000673,2017-07-25,2022-04-07,Sales,Male,Asian,IC5,False
e000674,2017-07-11,2020-01-28,Sales,Female,White,IC7,False
e000675,2017-07-14,2019-12-23,Administrative,Female,Black,IC4,True
e000676,2017-07-11,2019-09-05,Sales,Female,White,IC6,False
e000677,2017-07-14,,Sales,Non-binary,Black,IC8,True
e000678,2017-07-10,2020-02-05,Sales,Female,Asian,IC2,False
e000679,2017-07-13,2023-12-29,Sales,Female,Asian,S3,False
e000680,2017-07-05,2022-11-22,Production,Female,Hispanic,M7,True
e000681,2017-08-22,2020-05-07,Production,Female,Asian,IC2,False
e000682,2017-08-02,2020-07-06,Administrative,Male,Asian,S1,False
e000683,2017-08-30,,Sales,Female,Asian,IC9,False
e000684,2017-08-15,2023-09-26,Sales,Male,Hispanic,IC4,True
e000685,2017-08-24,2024-02-07,Sales,Female,Asian,IC4,False
e000686,2017-08-24,2020-02-07,Sales,Female,Black,S1,True
e000687,2017-08-29,2019-09-10,Production,Female,Hispanic,IC1,True
e000688,2017-08-04,2019-10-14,Administrative,Female,Hispanic,S2,True
e000689,2017-08-11,2021-10-29,Sales,Female,Asian,M4,False
e000690,2017-08-03,2023-02-01,Sales,Female,Asian,IC6,False
e000691,2017-08-18,2017-09-22,Administrative,Female,Asian,IC6,False
e000692,2017-08-07,2017-11-20,Sales,Female,Hispanic,IC1,True
e000693,2017-08-04,2020-11-11,Sales,Female,Asian,S2,False
e000694,2017-08-25,2018-01-24,Administrative,Female,Asian,IC1,False
e000695,2017-08-24,2019-06-20,Sales,Female,White,IC6,False
e000696,2017-08-25,,Sales,Female,Hispanic,IC5,True
e000697,2017-08-04,2019-09-30,Sales,Non-binary,White,M5,False
e000698,2017-08-18,2018-06-28,Administrative,Female,Black,S2,True
e000699,2017-08-04,,Sales,Female,White,IC3,False
e000700,2017-08-22,2018-05-17,Sales,Female,White,S2,False
e000701,2017-08-24,2019-04-10,Sales,Male,Asian,S3,False
e000702,2017-08-25,2019-02-01,Sales,Male,Hispanic,IC3,True
e000703,2017-08-31,2020-10-02,Administrative,Female,Hispanic,IC5,True
e000704,2017-08-10,2021-03-30,Sales,Male,Asian,IC1,False
e000705,2017-08-09,2020-07-17,Production,Male,Asian,IC4,False
e000706,2017-08-17,2020-06-12,Administrative,Non-binary,Asian,IC2,False
e000707,2017-08-25,2021-10-29,Production,Female,Asian,IC4,False
e000708,2017-08-04,2020-06-17,Sales,Male,Black,S1,True
e000709,2017-08-04,2019-03-06,Production,Male,Asian,S2,False
e000710,2017-08-08,2018-05-29,Sales,Female,Hispanic,S3,True
e000711,2017-08-31,2017-12-04,Administrative,Female,Black,IC6,True
e000712,2017-08-30,2017-12-20,Production,Female,Asian,S2,False
e000713,2017-08-01,,Sales,Non-binary,Hispanic,S1,True
e000714,2017-08-04,2018-06-07,Production,Female,White,IC5,False
e000715,2017-08-04,2017-09-25,Sales,Female,Asian,IC5,False
e000716,2017-08-30,2022-07-20,Administrative,Female,Hispanic,S2,True
e000717,2017-08-17,2018-06-06,Production,Female,Hispanic,IC5,True
e000718,2017-08-22,,Production,Male,White,S1,False
e000719,2017-08-21,2023-10-04,Administrative,Female,Hispanic,IC6,True
e000720,2017-08-23,2024-02-20,Administrative,Female,Hispanic,S2,True
e000721,2017-08-11,2019-07-04,Administrative,Female,Asian,IC6,False
e000722,2017-08-03,2020-11-23,Production,Non-binary,Black,IC2,True
e000723,2017-08-31,2018-05-18,Sales,Female,Hispanic,S3,True
e000724,2017-08-22,2019-06-24,Administrative,Female,White,S3,False
e000725,2017-09-11,2020-10-01,Sales,Female,Hispanic,M4,True
e000726,2017-09-04,,Sales,Female,White,IC5,False
e000727,2017-09-05,2020-01-14,Administrative,Female,Hispanic,IC1,True
e000728,2017-09-21,2019-09-26,Production,Male,Black,S3,True
e000729,2017-09-27,2021-07-06,Sales,Female,Black,S1,True
e000730,2017-09-18,,Administrative,Male,White,IC3,False
e000731,2017-09-21,2023-05-09,Production,Female,White,M5,False
e000732,2017-09-07,2019-03-12,Sales,Female,Asian,S2,False
e000733,2017-09-07,2020-06-30,Production,Female,White,M4,False
e000734,2017-09-29,2019-06-21,Sales,Female,Hispanic,M6,True
e000735,2017-09-27,2019-08-27,Sales,Female,Black,S3,True
e000736,2017-09-19,2023-02-21,Sales,Female,Asian,M6,False
e000737,2017-09-11,2018-12-18,Administrative,Male,Hispanic,M6,True
e000738,2017-09-15,2022-06-28,Production,Female,Asian,M5,False
e000739,2017-09-19,2023-05-11,Administrative,Female,White,S1,False
e000740,2017-09-08,2019-02-22,Sales,Male,White,IC2,False
e000741,2017-09-12,2018-06-22,Sales,Male,Asian,IC5,False
e000742,2017-09-07,2018-04-04,Production,Female,Hispanic,IC2,True
e000743,2017-09-11,2022-02-08,Administrative,Male,Black,IC1,True
e000744,2017-09-13,2018-06-07,Production,Female,White,IC4,False
e000745,2017-09-04,,Administrative,Female,Asian,M6,False
e000746,2017-09-06,,Production,Male,White,IC2,False
e000747,2017-09-13,2024-10-25,Sales,Female,Asian,M5,False
e000748,2017-09-21,2023-09-19,Sales,Non-binary,Asian,M5,False
e000749,2017-09-05,2020-01-23,Administrative,Non-binary,White,IC3,False
e000750,2017-09-27,2019-08-15,Production,Male,Black,S3,True
e000751,2017-09-20,2019-03-29,Administrative,Female,Black,IC3,True
e000752,2017-09-28,2024-06-12,Production,Female,Hispanic,S3,True
e000753,2017-09-26,2017-12-18,Administrative,Male,Asian,IC3,False
e000754,2017-09-15,2021-09-07,Production,Female,Asian,IC2,False
e000755,2017-09-01,2022-04-04,Production,Female,Asian,IC5,False
e000756,2017-09-19,2023-05-04,Sales,Female,Asian,IC6,False
e000757,2017-09-19,2019-04-05,Sales,Female,Hispanic,IC3,True
e000758,2017-09-07,2020-05-08,Sales,Male,Black,IC2,True
e000759,2017-09-07,2019-04-19,Administrative,Female,White,IC5,False
e000760,2017-09-15,2022-06-30,Sales,Male,Asian,M4,False
e000761,2017-09-18,2024-03-18,Administrative,Female,Hispanic,M5,True
e000762,2017-09-13,2019-04-05,Production,Male,White,IC5,False
e000763,2017-09-08,2019-03-19,Administrative,Female,Asian,IC2,False
e000764,2017-09-21,2017-11-01,Sales,Non-binary,Asian,IC3,False
e000765,2017-09-13,2019-02-18,Administrative,Non-binary,Asian,IC7,False
e000766,2017-09-01,2019-01-25,Sales,Male,Hispanic,M4,True
e000767,2017-09-04,2021-10-27,Sales,Female,Asian,IC9,False
e000768,2017-09-20,2018-05-18,Sales,Female,Black,IC3,True
e000769,2017-09-14,2022-04-22,Sales,Male,Black,IC9,True
e000770,2017-09-28,2023-03-03,Production,Female,Black,IC1,True
e000771,2017-09-21,2018-09-27,Sales,Female,Hispanic,IC6,True
e000772,2017-09-04,2019-05-09,Sales,Female,Asian,S2,False
e000773,2017-09-26,2019-06-27,Production,Female,White,IC7,False
e000774,2017-09-08,2020-06-30,Administrative,Female,Asian,IC7,False
e000775,2017-09-28,2019-08-15,Administrative,Female,Hispanic,IC3,True
e000776,2017-09-26,2019-03-13,Production,Female,Hispanic,IC4,True
e000777,2017-09-20,2018-04-04,Production,Female,White,IC8,False
e000778,2017-09-15,2021-11-26,Production,Male,Hispanic,S1,True
e000779,2017-09-29,2021-01-05,Production,Female,White,IC5,False
e000780,2017-09-29,2019-12-17,Sales,Female,Black,M4,True
e000781,2017-09-18,2018-12-17,Sales,Female,Black,IC1,True
e000782,2017-09-21,2018-09-14,Production,Male,White,IC1,False
e000783,2017-09-26,,Administrative,Female,Hispanic,S3,True
e000784,2017-09-08,2021-07-26,Sales,Non-binary,Asian,S3,False
e000785,2017-09-18,2020-05-20,Sales,Female,White,S3,False
e000786,2017-09-07,2024-03-27,Sales,Female,Hispanic,IC7,True
e000787,2017-10-26,2021-03-29,Administrative,Male,Black,IC4,True
e000788,2017-10-24,2017-11-22,Administrative,Non-binary,Asian,M5,False
e000789,2017-10-31,2020-08-05,Sales,Female,Black,S3,True
e000790,2017-10-26,2018-04-16,Production,Female,Asian,IC7,False
e000791,2017-10-26,,Production,Female,White,M4,False
e000792,2017-10-30,2022-04-21,Administrative,Female,Black,IC7,True
e000793,2017-10-25,2017-11-08,Production,Female,Asian,S2,False
e000794,2017-10-20,2019-09-18,Production,Female,Black,IC5,True
e000795,2017-10-09,2022-11-02,Administrative,Non-binary,Black,IC2,True
e000796,2017-10-30,2023-03-16,Administrative,Female,Asian,S3,False
e000797,2017-10-12,2022-10-04,Sales,Female,Asian,IC3,False
e000798,2017-10-06,2020-07-13,Administrative,Male,Asian,S2,False
e000799,2017-10-06,2020-06-17,Administrative,Female,Asian,S3,False
e000800,2017-10-30,2018-04-27,Production,Female,White,IC3,False
e000801,2017-10-26,2023-04-24,Sales,Non-binary,Asian,IC2,False
e000802,2017-10-24,2020-07-21,Administrative,Male,Asian,M7,False
e000803,2017-10-18,2020-01-16,Production,Female,Black,IC2,True
e000804,2017-10-26,2022-02-23,Administrative,Male,Hispanic,S1,True
e000805,2017-10-04,2018-07-05,Administrative,Female,Asian,IC6,False
e000806,2017-10-11,2024-10-03,Production,Non-binary,Asian,IC7,False
e000807,2017-10-10,2018-01-03,Sales,Male,Asian,IC6,False
e000808,2017-10-02,2020-01-09,Production,Female,White,S3,False
e000809,2017-10-25,2019-09-04,Production,Female,Black,IC6,True
e000810,2017-10-09,2020-06-16,Production,Female,Black,IC3,True
e000811,2017-10-12,2019-06-10,Administrative,Male,Asian,S1,False
e000812,2017-10-10,2018-04-19,Sales,Male,Black,IC2,True
e000813,2017-10-04,2018-07-24,Production,Non-binary,Hispanic,M5,True
e000814,2017-10-04,2020-06-25,Sales,Male,Asian,IC3,False
e000815,2017-10-25,2018-09-05,Sales,Female,Hispanic,IC6,True
e000816,2017-10-18,2021-03-25,Production,Female,White,S1,False
e000817,2017-10-12,2023-06-30,Production,Female,White,S3,False
e000818,2017-10-16,2022-04-15,Sales,Female,Black,M5,True
e000819,2017-10-25,2017-12-27,Production,Female,Black,M5,True
e000820,2017-10-26,2020-01-29,Production,Female,Asian,M5,False
e000821,2017-10-18,2017-11-24,Production,Female,Hispanic,IC1,True
e000822,2017-10-26,2019-04-10,Administrative,Female,Black,S2,True
e000823,2017-10-27,2022-02-16,Administrative,Female,White,IC9,False
e000824,2017-10-23,2019-09-19,Sales,Male,Hispanic,M4,True
e000825,2017-10-03,2017-11-06,Production,Male,White,IC5,False
e000826,2017-10-03,2019-06-26,Administrative,Female,Black,IC4,True
e000827,2017-10-18,2022-12-30,Administrative,Female,Asian,IC6,False
e000828,2017-10-06,2021-01-20,Administrative,Female,Asian,IC4,False
e000829,2017-10-18,2024-04-18,Production,Male,Asian,IC5,False
e000830,2017-10-13,2020-08-06,Sales,Male,Hispanic,S3,True
e000831,2017-11-14,2022-05-20,Sales,Male,Hispanic,M5,True
e000832,2017-11-15,2020-06-30,Sales,Female,Asian,M7,False
e000833,2017-11-21,2018-04-03,Production,Female,White,S2,False
e000834,2017-11-27,2019-09-02,Sales,Male,Asian,S3,False
e000835,2017-11-10,2023-01-31,Production,Female,White,S1,False
e000836,2017-11-07,2024-01-26,Production,Male,White,S3,False
e000837,2017-11-21,2022-06-08,Sales,Female,White,M5,False
e000838,2017-11-06,2018-05-15,Administrative,Male,White,IC6,False
e000839,2017-12-01,2018-09-26,Administrative,Male,Asian,IC1,False
e000840,2017-12-05,2019-02-01,Administrative,Female,Asian,IC8,False
e000841,2017-12-07,2019-12-31,Sales,Female,White,IC7,False
e000842,2017-12-11,2018-12-07,Sales,Female,Hispanic,M4,True
e000843,2017-12-25,2022-01-24,Sales,Male,Asian,IC1,False
e000844,2017-12-22,2018-07-17,Sales,Female,Asian,IC7,False
e000845,2018-01-31,2020-06-19,Sales,Male,White,IC3,False
e000846,2018-01-22,2019-03-11,Production,Male,White,IC1,False
e000847,2018-01-02,2024-04-16,Production,Female,Asian,IC4,False
e000848,2018-01-11,2020-02-03,Production,Male,Asian,IC6,False
e000849,2018-01-29,2019-02-15,Administrative,Female,Asian,M4,False
e000850,2018-01-12,2021-01-26,Administrative,Female,Asian,IC1,False
e000851,2018-01-12,2019-02-13,Sales,Female,Asian,S3,False
e000852,2018-01-26,2018-08-08,Administrative,Male,Asian,IC3,False
e000853,2018-01-10,2018-04-10,Administrative,Female,Asian,M4,False
e000854,2018-01-03,2021-12-17,Sales,Male,Black,M5,True
e000855,2018-01-08,2024-05-09,Production,Male,Asian,IC3,False
e000856,2018-01-08,2021-10-25,Sales,Female,Asian,S2,False
e000857,2018-01-24,2021-10-01,Production,Male,Hispanic,IC2,True
e000858,2018-01-15,2018-08-10,Sales,Male,White,IC5,False
e000859,2018-01-18,2018-12-24,Production,Female,Hispanic,IC6,True
e000860,2018-01-22,2018-05-03,Sales,Female,White,IC3,False
e000861,2018-01-04,2020-01-07,Production,Female,White,IC1,False
e000862,2018-01-17,2018-04-04,Production,Female,Asian,IC2,False
e000863,2018-01-08,2020-10-27,Production,Male,Hispanic,M7,True
e000864,2018-01-10,2020-05-12,Administrative,Male,Asian,IC4,False
e000865,2018-01-17,2022-08-08,Sales,Female,Hispanic,IC1,True
e000866,2018-01-26,2018-04-27,Production,Non-binary,White,S1,False
e000867,2018-01-02,2020-02-24,Production,Female,Asian,IC4,False
e000868,2018-01-24,2023-06-06,Sales,Female,Black,IC1,True
e000869,2018-01-04,2019-03-28,Sales,Female,Asian,IC3,False
e000870,2018-01-12,2020-01-13,Administrative,Male,Asian,M5,False
e000871,2018-01-23,2020-01-27,Administrative,Female,Hispanic,IC5,True
e000872,2018-01-19,2019-09-20,Production,Female,Asian,M4,False
e000873,2018-01-22,2018-04-16,Production,Female,Asian,IC3,False
e000874,2018-01-23,2023-09-19,Sales,Female,White,S2,False
e000875,2018-01-19,2024-06-21,Sales,Female,Asian,IC5,False
e000876,2018-01-30,,Sales,Female,Hispanic,IC1,True
e000877,2018-01-24,2022-04-01,Administrative,Female,Hispanic,M4,True
e000878,2018-01-19,,Administrative,Non-binary,Asian,IC1,False
e000879,2018-01-11,2020-03-30,Sales,Female,Black,IC7,True
e000880,2018-01-09,2019-03-14,Production,Female,White,M8,False
e000881,2018-01-23,2020-11-02,Administrative,Male,Asian,S1,False
e000882,2018-01-23,2019-02-22,Production,Non-binary,Hispanic,S2,True
e000883,2018-01-03,2020-08-03,Production,Female,Hispanic,IC8,True
e000884,2018-02-28,2018-09-11,Sales,Female,White,M5,False
e000885,2018-02-22,2022-02-17,Administrative,Female,Black,IC3,True
e000886,2018-02-02,2022-12-15,Sales,Male,White,IC6,False
e000887,2018-02-06,2018-07-18,Production,Female,Asian,IC4,False
e000888,2018-02-02,2019-08-07,Administrative,Female,White,S1,False
e000889,2018-02-14,2019-08-15,Sales,Female,White,S2,False
e000890,2018-02-22,2020-08-28,Sales,Non-binary,Asian,IC5,False
e000891,2018-02-20,2021-06-21,Administrative,Female,Hispanic,IC6,True
e000892,2018-02-07,,Sales,Female,Black,IC4,True
e000893,2018-02-02,2018-07-17,Sales,Male,Asian,IC1,False
e000894,2018-02-21,2019-02-26,Sales,Male,Asian,S1,False
e000895,2018-02-06,2024-03-25,Administrative,Female,Asian,IC1,False
e000896,2018-02-08,2021-01-28,Sales,Male,Hispanic,IC4,True
e000897,2018-02-21,2019-06-28,Production,Non-binary,White,IC3,False
e000898,2018-02-02,2022-01-18,Sales,Female,Hispanic,S2,True
e000899,2018-02-01,2020-02-17,Production,Female,Black,IC3,True
e000900,2018-02-07,2020-06-09,Administrative,Male,Asian,IC6,False
e000901,2018-02-19,2019-09-11,Administrative,Female,White,S3,False
e000902,2018-02-15,2020-08-27,Sales,Male,Hispanic,IC4,True
e000903,2018-02-06,2021-12-02,Sales,Male,Black,IC4,True
e000904,2018-02-26,2022-06-21,Production,Non-binary,Hispanic,IC3,True
e000905,2018-02-01,2021-03-23,Administrative,Male,Hispanic,S3,True
e000906,2018-02-07,2023-05-16,Administrative,Male,White,M6,False
e000907,2018-02-06,2022-08-25,Production,Male,Hispanic,IC4,True
e000908,2018-02-19,2020-02-04,Production,Non-binary,Asian,IC5,False
e000909,2018-02-01,2020-02-18,Production,Female,Black,S1,True
e000910,2018-02-28,2018-04-16,Sales,Male,Hispanic,M5,True
e000911,2018-02-16,,Sales,Female,Hispanic,S1,True
e000912,2018-02-02,2023-02-01,Sales,Female,Hispanic,IC8,True
e000913,2018-03-20,2021-01-28,Administrative,Female,White,IC3,False
e000914,2018-03-28,2020-06-15,Sales,Female,Asian,IC2,False
e000915,2018-03-15,2018-04-16,Sales,Female,Hispanic,IC9,True
e000916,2018-03-29,,Production,Non-binary,Hispanic,IC5,True
e000917,2018-03-02,2019-06-19,Administrative,Female,Asian,IC6,False
e000918,2018-03-05,2018-12-18,Production,Female,Black,S1,True
e000919,2018-03-19,2023-12-14,Administrative,Female,Black,IC2,True
e000920,2018-03-08,2019-10-22,Production,Female,Hispanic,S1,True
e000921,2018-03-09,2018-04-27,Sales,Female,White,IC8,False
e000922,2018-03-28,2019-03-29,Administrative,Female,Hispanic,M5,True
e000923,2018-03-22,2020-10-22,Administrative,Male,Black,M6,True
e000924,2018-03-09,2019-09-18,Sales,Male,White,IC6,False
e000925,2018-03-01,2018-05-11,Production,Female,Asian,S3,False
e000926,2018-03-19,2020-10-12,Production,Male,Asian,IC5,False
e000927,2018-03-26,,Sales,Non-binary,Hispanic,S1,True
e000928,2018-03-12,2020-01-14,Sales,Male,Hispanic,IC4,True
e000929,2018-03-01,2019-08-05,Administrative,Male,Asian,M6,False
e000930,2018-03-21,2019-09-16,Administrative,Male,White,IC4,False
e000931,2018-03-26,2019-06-03,Production,Male,Asian,IC4,False
e000932,2018-03-08,2023-10-11,Sales,Male,Asian,IC3,False
e000933,2018-03-13,2020-01-03,Sales,Non-binary,White,S2,False
e000934,2018-03-30,2019-09-03,Sales,Male,Black,S2,True
e000935,2018-03-22,2021-01-22,Production,Female,Asian,IC2,False
e000936,2018-03-29,2018-08-22,Administrative,Male,White,M4,False
e000937,2018-03-23,2020-06-15,Production,Female,Hispanic,S1,True
e000938,2018-03-19,2021-09-22,Sales,Male,Black,M5,True
e000939,2018-03-30,2024-02-19,Administrative,Female,Asian,IC1,False
e000940,2018-03-09,2021-10-22,Sales,Female,White,S1,False
e000941,2018-03-28,,Sales,Female,Asian,IC2,False
e000942,2018-03-02,2019-02-14,Administrative,Female,Asian,IC3,False
e000943,2018-03-05,2021-01-28,Production,Female,Asian,IC4,False
e000944,2018-03-20,2018-07-12,Production,Female,Black,IC8,True
e000945,2018-03-23,2020-10-28,Production,Female,Black,S1,True
e000946,2018-03-07,2020-10-19,Production,Female,Hispanic,M5,True
e000947,2018-03-08,2018-12-18,Sales,Female,Asian,S1,False
e000948,2018-03-26,2020-09-28,Administrative,Female,Black,IC6,True
e000949,2018-03-19,2020-07-03,Sales,Male,Asian,IC2,False
e000950,2018-03-01,2019-09-17,Production,Female,Hispanic,S3,True
e000951,2018-03-06,2022-07-06,Production,Female,Hispanic,M8,True
e000952,2018-03-20,2020-06-24,Administrative,Female,Asian,S3,False
e000953,2018-03-15,2018-07-16,Sales,Non-binary,Black,IC5,True
e000954,2018-03-15,2020-10-15,Sales,Female,Hispanic,M4,True
e000955,2018-03-05,2024-10-18,Administrative,Female,Asian,IC5,False
e000956,2018-03-30,2020-02-03,Administrative,Male,Hispanic,S3,True
e000957,2018-03-28,2019-12-09,Administrative,Male,Hispanic,M6,True
e000958,2018-03-21,,Production,Male,Asian,S3,False
e000959,2018-03-21,2019-05-20,Production,Female,Black,S3,True
e000960,2018-03-19,2022-11-02,Sales,Female,White,IC6,False
e000961,2018-03-12,2018-09-25,Production,Male,Black,IC5,True
e000962,2018-03-02,2018-09-26,Production,Male,Black,S3,True
e000963,2018-03-05,2021-03-16,Sales,Female,Black,IC7,True
e000964,2018-03-13,2019-03-06,Sales,Female,Hispanic,IC8,True
e000965,2018-03-13,2022-02-08,Sales,Non-binary,Asian,S2,False
e000966,2018-03-27,2019-08-12,Production,Female,Asian,IC1,False
e000967,2018-03-19,2019-06-24,Production,Female,Hispanic,S3,True
e000968,2018-03-02,2018-05-10,Production,Female,Black,IC4,True
e000969,2018-03-23,2019-09-02,Production,Female,White,IC4,False
e000970,2018-03-27,2018-04-30,Sales,Female,Hispanic,IC5,True
e000971,2018-03-08,2019-01-21,Administrative,Male,Asian,IC4,False
e000972,2018-03-19,2019-02-22,Administrative,Female,Asian,S2,False
e000973,2018-03-19,2020-05-13,Production,Male,Asian,M5,False
e000974,2018-03-27,2019-05-13,Production,Male,Asian,IC4,False
e000975,2018-03-27,2019-05-06,Sales,Female,Black,S2,True
e000976,2018-03-28,2018-12-04,Sales,Female,Asian,IC1,False
e000977,2018-03-26,2022-11-25,Sales,Female,Asian,IC3,False
e000978,2018-03-22,,Production,Non-binary,Hispanic,IC2,True
e000979,2018-03-14,2019-08-01,Administrative,Male,White,IC3,False
e000980,2018-03-13,,Sales,Female,White,S3,False
e000981,2018-04-20,2021-12-16,Administrative,Male,Asian,IC9,False
e000982,2018-04-10,2021-10-22,Sales,Female,Black,IC2,True
e000983,2018-04-24,2019-12-20,Sales,Female,White,IC3,False
e000984,2018-04-06,2023-11-30,Administrative,Male,Asian,IC1,False
e000985,2018-04-16,,Production,Female,Asian,IC8,False
e000986,2018-04-19,2019-10-14,Sales,Male,Asian,S2,False
e000987,2018-04-30,2018-07-25,Production,Female,Asian,IC4,False
e000988,2018-04-06,2020-01-22,Sales,Male,Black,IC4,True
e000989,2018-04-03,2020-01-01,Sales,Female,Hispanic,IC1,True
e000990,2018-04-12,2020-08-11,Sales,Female,Black,IC2,True
e000991,2018-04-25,2024-02-14,Administrative,Female,Asian,IC1,False
e000992,2018-04-12,2020-06-10,Administrative,Female,Asian,IC1,False
e000993,2018-04-10,2018-09-07,Production,Male,Hispanic,M4,True
e000994,2018-04-25,2020-01-20,Sales,Male,Asian,S3,False
e000995,2018-04-24,2018-08-16,Administrative,Non-binary,Asian,IC4,False
e000996,2018-04-25,2018-12-24,Production,Male,Hispanic,IC6,True
e000997,2018-04-30,2019-09-06,Production,Female,Asian,IC3,False
e000998,2018-04-25,2022-05-31,Production,Female,Asian,M4,False
e000999,2018-04-02,,Sales,Male,White,IC4,False
e001000,2018-04-05,2019-06-14,Administrative,Female,Black,IC4,True
e001001,2018-04-30,2019-04-24,Sales,Female,Asian,IC7,False
e001002,2018-04-05,2018-12-26,Administrative,Female,Black,IC3,True
e001003,2018-04-18,2019-03-25,Sales,Female,White,IC7,False
e001004,2018-04-02,2019-08-19,Sales,Female,Hispanic,IC2,True
e001005,2018-04-27,2019-08-14,Administrative,Male,Asian,S2,False
e001006,2018-04-23,2020-03-27,Sales,Female,White,IC4,False
e001007,2018-04-11,2020-02-11,Administrative,Female,Asian,M5,False
e001008,2018-04-19,2018-05-21,Sales,Female,Asian,S1,False
e001009,2018-04-16,2023-10-11,Administrative,Female,Asian,IC4,False
e001010,2018-04-24,2019-03-21,Sales,Female,Hispanic,S3,True
e001011,2018-04-17,2021-03-12,Sales,Male,Asian,S3,False
e001012,2018-04-05,2022-04-08,Sales,Female,Black,M4,True
e001013,2018-04-05,2018-12-13,Production,Male,White,IC9,False
e001014,2018-04-16,2019-12-12,Production,Female,Asian,IC5,False
e001015,2018-04-24,2021-07-23,Production,Female,Hispanic,S3,True
e001016,2018-04-12,2018-08-13,Sales,Male,White,IC2,False
e001017,2018-04-24,2019-06-07,Production,Male,White,S1,False
e001018,2018-04-23,2020-09-25,Sales,Female,Black,IC6,True
e001019,2018-04-11,2020-05-21,Sales,Female,Hispanic,S3,True
e001020,2018-04-25,,Sales,Male,Black,IC2,True
e001021,2018-04-25,2022-01-26,Sales,Non-binary,Asian,IC2,False
e001022,2018-04-20,2019-08-02,Sales,Female,Hispanic,S2,True
e001023,2018-04-30,2024-06-19,Sales,Female,Black,IC1,True
e001024,2018-04-24,2019-07-24,Administrative,Female,Asian,IC7,False
e001025,2018-04-02,2019-02-13,Sales,Female,Hispanic,IC2,True
e001026,2018-04-19,,Sales,Non-binary,White,S3,False
e001027,2018-04-06,2018-09-25,Sales,Female,Black,IC3,True
e001028,2018-04-10,2023-10-13,Sales,Male,Hispanic,IC2,True
e001029,2018-04-09,2022-01-12,Sales,Female,White,IC2,False
e001030,2018-04-05,2023-04-11,Production,Female,Black,S3,True
e001031,2018-04-03,2022-10-13,Administrative,Female,Asian,IC2,False
e001032,2018-04-13,2023-04-03,Sales,Female,Asian,S2,False
e001033,2018-04-04,2019-10-16,Production,Female,Asian,IC4,False
e001034,2018-04-30,2019-04-11,Sales,Female,Asian,IC7,False
e001035,2018-04-02,2019-01-02,Sales,Female,Asian,IC7,False
e001036,2018-04-23,2019-07-04,Sales,Male,Black,IC1,True
e001037,2018-04-30,2023-07-31,Production,Female,Black,M5,True
e001038,2018-04-23,2023-02-01,Administrative,Female,Hispanic,S2,True
e001039,2018-04-04,2018-09-03,Production,Male,Hispanic,M4,True
e001040,2018-04-04,2023-09-13,Production,Non-binary,Asian,S1,False
e001041,2018-04-13,2022-02-18,Sales,Male,Black,IC1,True
e001042,2018-04-12,2020-03-31,Sales,Male,Hispanic,IC6,True
e001043,2018-04-12,2018-09-25,Sales,Male,Asian,IC2,False
e001044,2018-04-02,2020-10-19,Sales,Male,Hispanic,M4,True
e001045,2018-04-25,2020-02-04,Production,Female,Hispanic,M6,True
e001046,2018-04-02,2019-06-05,Sales,Female,Hispanic,IC1,True
e001047,2018-04-02,2020-10-20,Production,Non-binary,Asian,IC8,False
e001048,2018-04-05,2020-01-06,Production,Non-binary,Asian,IC3,False
e001049,2018-04-27,2019-06-03,Sales,Female,Asian,M6,False
e001050,2018-04-02,,Administrative,Male,Asian,S3,False
e001051,2018-04-09,2020-02-14,Sales,Female,White,M4,False
e001052,2018-04-06,2020-01-09,Administrative,Female,Asian,IC4,False
e001053,2018-04-25,2020-10-29,Administrative,Female,Asian,IC2,False
e001054,2018-04-19,2021-03-19,Production,Female,Asian,IC4,False
e001055,2018-04-02,2020-08-18,Administrative,Female,Black,IC1,True
e001056,2018-05-03,2021-10-25,Sales,Female,White,S3,False
e001057,2018-05-30,2022-02-17,Administrative,Female,Asian,M5,False
e001058,2018-05-01,2020-07-27,Production,Non-binary,Black,S3,True
e001059,2018-05-10,2020-02-07,Administrative,Male,Asian,IC3,False
e001060,2018-05-25,2018-06-07,Administrative,Female,Asian,IC5,False
e001061,2018-05-14,2023-11-09,Sales,Male,Asian,IC3,False
e001062,2018-05-03,2020-08-07,Administrative,Male,Asian,S1,False
e001063,2018-05-01,2019-02-19,Sales,Male,Hispanic,IC7,True
e001064,2018-05-10,2021-06-14,Production,Female,Hispanic,S2,True
e001065,2018-05-10,2020-03-25,Sales,Male,White,IC2,False
e001066,2018-05-28,2023-07-03,Sales,Female,Asian,IC4,False
e001067,2018-05-07,2023-05-08,Sales,Female,Asian,S3,False
e001068,2018-05-22,,Sales,Male,Black,IC2,True
e001069,2018-05-25,2018-09-28,Administrative,Female,Hispanic,M5,True
e001070,2018-05-07,2021-10-28,Administrative,Male,Asian,M4,False
e001071,2018-05-17,2018-09-14,Sales,Male,Asian,IC1,False
e001072,2018-05-18,2022-07-07,Production,Female,Asian,M4,False
e001073,2018-05-03,2020-02-03,Sales,Female,Hispanic,IC1,True
e001074,2018-05-16,,Administrative,Female,Asian,M5,False
e001075,2018-05-16,2022-11-28,Sales,Male,Black,IC4,True
e001076,2018-05-18,2022-02-08,Administrative,Non-binary,Asian,IC2,False
e001077,2018-05-08,2019-09-02,Administrative,Female,Asian,IC2,False
e001078,2018-05-04,2020-10-30,Administrative,Female,White,S1,False
e001079,2018-05-18,2019-03-28,Production,Female,Asian,IC2,False
e001080,2018-05-15,2018-12-24,Sales,Male,Black,M4,True
e001081,2018-05-07,2020-09-28,Sales,Female,Black,S2,True
e001082,2018-05-10,2021-09-17,Sales,Female,Black,IC4,True
e001083,2018-05-09,2019-12-09,Administrative,Female,Hispanic,S1,True
e001084,2018-05-25,2018-12-13,Administrative,Female,Black,IC2,True
e001085,2018-05-01,2023-07-06,Administrative,Female,Asian,IC3,False
e001086,2018-05-24,2020-05-28,Sales,Female,Hispanic,IC5,True
e001087,2018-05-31,,Administrative,Female,Hispanic,IC6,True
e001088,2018-06-22,2018-09-18,Administrative,Male,White,IC3,False
e001089,2018-06-21,2021-07-30,Production,Female,Asian,M4,False
e001090,2018-06-28,2018-09-06,Sales,Male,Hispanic,S1,True
e001091,2018-06-13,2020-01-09,Production,Non-binary,Hispanic,S1,True
e001092,2018-06-29,2021-07-22,Production,Female,Asian,IC3,False
e001093,2018-06-28,2024-04-25,Administrative,Male,Hispanic,IC5,True
e001094,2018-06-04,2020-03-19,Administrative,Male,Asian,IC6,False
e001095,2018-06-04,2019-09-27,Administrative,Female,Asian,IC4,False
e001096,2018-06-11,2019-09-20,Administrative,Non-binary,Asian,IC1,False
e001097,2018-06-29,2019-04-22,Administrative,Female,White,IC7,False
e001098,2018-06-26,2018-09-11,Production,Male,Hispanic,IC8,True
e001099,2018-06-07,2018-12-07,Production,Male,Hispanic,IC1,True
e001100,2018-06-12,2023-04-14,Administrative,Male,White,IC1,False
e001101,2018-06-07,2019-01-15,Administrative,Male,Black,S2,True
e001102,2018-06-12,2020-02-24,Administrative,Female,Black,IC5,True
e001103,2018-06-05,2018-09-25,Sales,Female,Asian,IC6,False
e001104,2018-06-29,2020-07-15,Production,Non-binary,White,IC3,False
e001105,2018-06-05,2022-12-05,Sales,Female,Hispanic,IC6,True
e001106,2018-06-28,2019-04-18,Administrative,Female,Asian,IC1,False
e001107,2018-06-22,2019-08-15,Production,Male,White,IC1,False
e001108,2018-06-05,2023-12-08,Administrative,Female,Black,M6,True
e001109,2018-06-01,2021-01-29,Production,Female,Asian,IC2,False
e001110,2018-06-01,2019-04-11,Sales,Female,Hispanic,IC1,True
e001111,2018-06-08,2018-12-28,Administrative,Male,Asian,IC6,False
e001112,2018-06-27,2018-07-10,Sales,Female,Black,IC1,True
e001113,2018-06-13,2020-06-22,Sales,Female,Asian,IC4,False
e001114,2018-06-18,2019-08-28,Production,Female,Black,IC2,True
e001115,2018-06-22,2018-07-16,Administrative,Female,Black,IC7,True
e001116,2018-06-25,2019-09-18,Production,Female,Hispanic,S3,True
e001117,2018-06-18,2018-12-31,Production,Male,Asian,IC8,False
e001118,2018-06-21,2024-06-04,Production,Female,Asian,IC3,False
e001119,2018-06-21,2022-02-28,Administrative,Female,Hispanic,IC3,True
e001120,2018-06-14,2020-08-27,Sales,Male,Black,S3,True
e001121,2018-06-29,2019-08-07,Sales,Female,Asian,IC2,False
e001122,2018-06-05,2020-07-27,Production,Non-binary,Hispanic,S2,True
e001123,2018-06-20,,Administrative,Male,Asian,IC5,False
e001124,2018-06-05,,Sales,Female,White,IC1,False
e001125,2018-06-29,2022-04-18,Sales,Male,Asian,S3,False
e001126,2018-06-28,2022-04-29,Production,Female,Asian,M4,False
e001127,2018-06-20,2018-07-11,Administrative,Male,Asian,IC1,False
e001128,2018-06-26,2023-04-24,Sales,Male,Asian,IC3,False
e001129,2018-06-01,2019-03-29,Administrative,Non-binary,Black,S3,True
e001130,2018-06-01,2021-10-07,Administrative,Non-binary,Black,M5,True
e001131,2018-06-12,2024-03-29,Production,Male,Hispanic,IC6,True
e001132,2018-06-27,2022-04-20,Sales,Female,White,M6,False
e001133,2018-06-28,2018-09-11,Administrative,Female,Asian,S1,False
e001134,2018-06-15,,Production,Male,White,S3,False
e001135,2018-06-19,2019-06-26,Sales,Female,Asian,S1,False
e001136,2018-06-21,2020-07-31,Administrative,Female,Asian,S2,False
e001137,2018-06-11,2020-10-22,Administrative,Female,Asian,IC4,False
e001138,2018-06-19,2022-04-27,Sales,Female,Asian,IC5,False
e001139,2018-06-25,2021-03-01,Sales,Female,Black,IC5,True
e001140,2018-06-27,2019-12-05,Production,Male,Black,IC4,True
e001141,2018-06-04,2022-04-08,Production,Female,White,IC3,False
e001142,2018-06-06,2020-03-24,Administrative,Female,Black,M7,True
e001143,2018-06-18,2018-09-26,Production,Male,Black,IC5,True
e001144,2018-06-01,2020-06-08,Production,Female,Black,IC5,True
e001145,2018-06-15,2023-01-05,Production,Male,Hispanic,S3,True
e001146,2018-06-06,2022-04-26,Administrative,Female,Hispanic,IC8,True
e001147,2018-06-21,2018-09-17,Sales,Female,Black,S2,True
e001148,2018-06-28,2022-01-28,Production,Female,Asian,IC4,False
e001149,2018-06-05,2022-11-23,Administrative,Female,Asian,M4,False
e001150,2018-06-27,2020-07-09,Sales,Female,White,IC3,False
e001151,2018-06-08,2021-03-29,Sales,Male,Asian,IC8,False
e001152,2018-06-22,2019-12-23,Administrative,Female,Asian,IC7,False
e001153,2018-06-08,2020-05-21,Administrative,Male,Hispanic,S3,True
e001154,2018-06-06,2022-05-02,Sales,Male,Asian,M4,False
e001155,2018-06-15,2018-09-07,Administrative,Male,Hispanic,IC1,True
e001156,2018-06-28,2018-12-24,Sales,Male,Black,IC4,True
e001157,2018-06-14,2020-05-01,Production,Female,Asian,IC1,False
e001158,2018-06-20,2018-09-03,Sales,Female,Asian,IC4,False
e001159,2018-06-27,2019-03-26,Production,Female,White,M4,False
e001160,2018-06-11,,Sales,Male,Hispanic,IC7,True
e001161,2018-06-15,2021-07-12,Administrative,Female,White,IC4,False
e001162,2018-06-08,2021-01-05,Production,Female,White,IC6,False
e001163,2018-06-13,2024-01-22,Sales,Female,Hispanic,M4,True
e001164,2018-06-06,2024-05-02,Sales,Female,Black,IC2,True
e001165,2018-06-04,,Administrative,Female,Asian,IC4,False
e001166,2018-06-18,2018-07-23,Administrative,Female,Black,IC4,True
e001167,2018-06-15,2020-01-20,Administrative,Male,Asian,S1,False
e001168,2018-06-12,2019-06-07,Administrative,Female,Asian,IC2,False
e001169,2018-06-15,2021-03-19,Sales,Non-binary,Black,IC2,True
e001170,2018-06-14,2023-01-02,Production,Female,Asian,S2,False
e001171,2018-06-13,2021-03-12,Sales,Male,Hispanic,IC4,True
e001172,2018-06-08,2021-07-28,Sales,Female,Black,M4,True
e001173,2018-07-12,2019-06-03,Administrative,Non-binary,Asian,IC5,False
e001174,2018-07-12,2019-06-14,Administrative,Male,Asian,IC4,False
e001175,2018-08-10,2019-05-27,Production,Male,Black,S2,True
e001176,2018-08-27,2024-04-05,Administrative,Non-binary,Hispanic,S1,True
e001177,2018-08-14,2021-03-05,Sales,Non-binary,Hispanic,IC5,True
e001178,2018-08-14,2022-04-26,Administrative,Female,Asian,IC6,False
e001179,2018-08-15,,Production,Female,White,M5,False
e001180,2018-08-08,2023-02-28,Sales,Male,Black,IC4,True
e001181,2018-08-31,2019-02-25,Sales,Female,Asian,IC1,False
e001182,2018-08-13,2019-08-14,Sales,Non-binary,White,M6,False
e001183,2018-08-30,2020-05-22,Production,Female,Asian,M4,False
e001184,2018-08-30,2020-08-20,Production,Non-binary,Hispanic,IC1,True
e001185,2018-08-23,,Production,Female,Asian,S3,False
e001186,2018-09-14,2023-10-20,Production,Female,Hispanic,IC6,True
e001187,2018-09-11,2020-02-25,Production,Male,White,S2,False
e001188,2018-09-17,2021-07-15,Sales,Female,Asian,IC5,False
e001189,2018-09-10,2024-10-28,Production,Female,Asian,S2,False
e001190,2018-09-04,2021-08-24,Administrative,Female,Asian,IC4,False
e001191,2018-09-12,2019-07-11,Administrative,Female,Asian,M4,False
e001192,2018-09-25,2020-01-09,Administrative,Female,Asian,IC8,False
e001193,2018-09-20,2021-03-19,Administrative,Female,Hispanic,IC8,True
e001194,2018-09-07,2022-04-12,Administrative,Female,Asian,M6,False
e001195,2018-09-17,2023-06-22,Sales,Female,Black,IC1,True
e001196,2018-09-10,,Administrative,Female,Asian,IC2,False
e001197,2018-09-17,2022-04-19,Production,Female,Hispanic,S1,True
e001198,2018-09-11,2022-01-24,Sales,Female,Black,S3,True
e001199,2018-09-14,2019-09-03,Sales,Female,Hispanic,IC2,True
e001200,2018-09-13,2023-03-23,Production,Female,White,M9,False
e001201,2018-09-03,2020-06-09,Production,Female,Hispanic,M6,True
e001202,2018-09-27,2019-02-28,Production,Female,Black,S2,True
e001203,2018-09-18,2020-05-26,Sales,Female,White,IC7,False
e001204,2018-09-11,2019-03-12,Production,Female,Black,S1,True
e001205,2018-09-25,2020-05-08,Administrative,Female,Black,S1,True
e001206,2018-09-25,2020-08-25,Sales,Female,Asian,IC6,False
e001207,2018-09-03,2019-06-28,Sales,Female,Asian,M4,False
e001208,2018-09-06,2020-06-25,Sales,Female,Asian,IC6,False
e001209,2018-09-24,2019-07-09,Production,Female,Asian,IC3,False
e001210,2018-09-17,2023-02-20,Sales,Female,Hispanic,M4,True
e001211,2018-09-12,2020-02-27,Administrative,Female,Black,M4,True
e001212,2018-09-18,2024-04-01,Sales,Male,Asian,IC5,False
e001213,2018-09-26,2023-02-20,Sales,Female,Asian,S2,False
e001214,2018-09-13,2019-03-21,Sales,Female,Asian,IC5,False
e001215,2018-09-04,2019-12-23,Sales,Female,White,S1,False
e001216,2018-09-12,2019-02-05,Production,Non-binary,Asian,IC4,False
e001217,2018-09-14,2021-12-30,Sales,Male,Black,IC5,True
e001218,2018-09-13,2019-09-13,Sales,Male,White,M6,False
e001219,2018-09-21,2019-08-19,Production,Female,White,IC2,False
e001220,2018-09-19,2019-06-25,Sales,Female,Asian,S3,False
e001221,2018-09-21,2019-12-09,Sales,Female,White,IC2,False
e001222,2018-09-13,2020-11-12,Administrative,Female,Hispanic,S3,True
e001223,2018-09-28,2022-01-20,Production,Female,Black,M4,True
e001224,2018-09-04,2020-10-14,Production,Female,Black,M6,True
e001225,2018-09-18,2021-09-09,Production,Non-binary,Asian,S3,False
e001226,2018-09-24,2022-11-11,Production,Female,Black,S1,True
e001227,2018-09-24,2020-08-18,Production,Female,Asian,IC1,False
e001228,2018-09-04,2020-10-19,Production,Female,Asian,M8,False
e001229,2018-09-06,2020-03-19,Sales,Female,Asian,IC2,False
e001230,2018-09-11,,Production,Male,Black,IC3,True
e001231,2018-09-26,2020-02-14,Administrative,Female,White,S3,False
e001232,2018-09-25,2020-02-04,Production,Male,Hispanic,IC2,True
e001233,2018-09-27,2019-12-27,Sales,Male,Asian,IC5,False
e001234,2018-10-12,2022-05-27,Sales,Male,White,IC4,False
e001235,2018-10-30,2019-06-19,Production,Female,Asian,S1,False
e001236,2018-10-09,,Administrative,Non-binary,Asian,IC7,False
e001237,2018-10-09,2019-10-15,Administrative,Female,Asian,IC2,False
e001238,2018-10-29,2019-09-24,Production,Male,Asian,M5,False
e001239,2018-10-31,2021-01-13,Sales,Female,White,M4,False
e001240,2018-10-09,,Sales,Female,White,S2,False
e001241,2018-10-23,2021-06-28,Sales,Female,White,IC7,False
e001242,2018-10-01,2020-01-03,Administrative,Female,Black,S1,True
e001243,2018-10-10,2023-09-07,Administrative,Non-binary,Asian,IC2,False
e001244,2018-10-22,2020-03-27,Administrative,Female,Asian,IC2,False
e001245,2018-10-02,2019-01-24,Sales,Non-binary,Asian,IC6,False
e001246,2018-10-16,,Sales,Female,White,S1,False
e001247,2018-10-17,2019-07-12,Sales,Male,Asian,IC8,False
e001248,2018-10-30,2019-04-03,Production,Female,Black,S2,True
e001249,2018-10-30,,Sales,Female,Asian,M4,False
e001250,2018-10-19,2019-05-31,Sales,Female,Hispanic,IC6,True
e001251,2018-10-25,2023-07-31,Sales,Female,Asian,IC2,False
e001252,2018-10-19,2019-06-26,Administrative,Male,Black,IC2,True
e001253,2018-10-26,2021-07-20,Sales,Female,Asian,IC4,False
e001254,2018-10-31,2020-07-06,Administrative,Female,Asian,IC3,False
e001255,2018-10-01,2019-10-24,Production,Female,Asian,IC8,False
e001256,2018-10-01,2020-02-04,Production,Non-binary,White,IC5,False
e001257,2018-10-24,2020-02-03,Production,Male,Asian,S3,False
e001258,2018-10-01,2020-05-27,Sales,Female,Hispanic,IC7,True
e001259,2018-10-12,2020-01-29,Administrative,Female,Black,IC4,True
e001260,2018-10-26,2021-03-09,Sales,Male,Asian,IC4,False
e001261,2018-10-01,2023-11-24,Sales,Female,White,M4,False
e001262,2018-10-15,2019-06-06,Sales,Female,White,IC2,False
e001263,2018-10-15,2020-10-19,Sales,Male,Hispanic,S2,True
e001264,2018-10-26,2023-02-17,Sales,Female,Hispanic,IC7,True
e001265,2018-10-09,2020-07-09,Sales,Female,White,IC6,False
e001266,2018-10-18,2019-08-28,Production,Female,Asian,IC6,False
e001267,2018-10-09,2019-06-26,Production,Female,Black,S2,True
e001268,2018-10-10,2020-06-05,Production,Male,Black,IC2,True
e001269,2018-10-19,2021-10-28,Production,Male,Asian,IC7,False
e001270,2018-10-23,2018-12-12,Production,Female,Black,S2,True
e001271,2018-10-10,2021-07-27,Production,Male,White,S3,False
e001272,2018-10-19,2021-07-02,Production,Female,Asian,IC3,False
e001273,2018-10-02,2020-02-05,Administrative,Male,Asian,IC3,False
e001274,2018-10-04,,Sales,Male,Black,IC2,True
e001275,2018-10-08,2019-12-31,Production,Female,Black,IC6,True
e001276,2018-10-03,2020-06-25,Administrative,Female,White,IC1,False
e001277,2018-10-01,2020-06-22,Sales,Female,White,IC3,False
e001278,2018-10-08,2021-10-25,Production,Female,Black,IC1,True
e001279,2018-10-31,2020-08-12,Sales,Male,Asian,S3,False
e001280,2018-10-17,2020-01-09,Production,Male,Asian,S3,False
e001281,2018-10-10,2021-07-29,Production,Male,Asian,S1,False
e001282,2018-10-12,2019-09-05,Sales,Female,Black,IC1,True
e001283,2018-10-15,2019-03-06,Sales,Male,Asian,IC2,False
e001284,2018-10-01,2023-02-20,Administrative,Male,White,IC4,False
e001285,2018-10-18,2021-01-22,Sales,Male,Asian,S2,False
e001286,2018-10-10,2022-05-09,Sales,Male,Asian,M5,False
e001287,2018-10-30,2022-01-31,Administrative,Male,Hispanic,M6,True
e001288,2018-10-19,2021-03-08,Sales,Female,Asian,IC3,False
e001289,2018-10-24,2022-01-12,Production,Female,White,IC4,False
e001290,2018-10-30,2023-01-03,Sales,Male,Black,S3,True
e001291,2018-10-01,2020-03-03,Sales,Female,White,IC5,False
e001292,2018-10-16,,Administrative,Male,White,IC7,False
e001293,2018-10-11,2020-11-13,Sales,Female,Hispanic,S3,True
e001294,2018-10-23,2019-06-20,Sales,Female,White,IC6,False
e001295,2018-10-22,2019-12-24,Sales,Male,Black,S2,True
e001296,2018-10-22,2023-01-31,Sales,Non-binary,Black,IC1,True
e001297,2018-10-31,2023-03-14,Administrative,Female,Asian,IC1,False
e001298,2018-10-12,2021-01-27,Sales,Male,Asian,IC1,False
e001299,2018-10-03,2019-05-27,Sales,Female,Asian,IC5,False
e001300,2018-10-16,2019-09-02,Sales,Male,Asian,IC3,False
e001301,2018-10-01,2021-03-26,Administrative,Female,Black,M8,True
e001302,2018-10-31,2019-04-18,Sales,Female,Asian,IC1,False
e001303,2018-10-19,,Production,Female,Black,IC1,True
e001304,2018-10-08,2022-02-23,Administrative,Female,Hispanic,IC6,True
e001305,2018-10-24,2020-08-07,Administrative,Male,Asian,IC6,False
e001306,2018-10-26,2021-06-25,Production,Male,Hispanic,M4,True
e001307,2018-10-02,2019-03-14,Administrative,Male,Asian,M5,False
e001308,2018-10-05,2019-02-13,Sales,Female,Black,IC1,True
e001309,2018-10-17,2019-01-15,Sales,Female,Asian,M4,False
e001310,2018-10-25,2023-06-21,Production,Male,Black,M4,True
e001311,2018-10-08,2019-06-11,Sales,Female,Hispanic,IC7,True
e001312,2018-10-15,2023-05-18,Sales,Female,Black,M4,True
e001313,2018-10-24,2019-07-17,Administrative,Male,White,IC3,False
e001314,2018-10-22,,Sales,Female,Black,IC4,True
e001315,2018-10-24,2019-08-08,Administrative,Male,Hispanic,IC2,True
e001316,2018-10-15,2019-02-07,Production,Female,Hispanic,IC3,True
e001317,2018-10-03,2022-11-07,Production,Female,Hispanic,IC6,True
e001318,2018-10-03,2019-12-12,Sales,Female,Hispanic,M6,True
e001319,2018-10-30,2019-07-01,Sales,Female,Asian,M5,False
e001320,2018-10-01,2022-11-30,Production,Female,White,IC2,False
e001321,2018-10-03,2020-07-14,Production,Female,Asian,IC6,False
e001322,2018-10-03,,Sales,Female,Hispanic,S3,True
e001323,2018-10-25,2019-02-28,Production,Female,White,IC7,False
e001324,2018-10-22,2021-12-07,Administrative,Non-binary,Black,IC3,True
e001325,2018-10-24,2019-06-05,Sales,Female,Hispanic,S3,True
e001326,2018-11-02,2022-04-28,Sales,Female,Hispanic,S1,True
e001327,2018-11-13,,Production,Female,White,S3,False
e001328,2018-11-29,2020-01-27,Sales,Male,Asian,IC7,False
e001329,2018-11-13,2020-01-02,Production,Non-binary,White,M6,False
e001330,2018-11-30,2018-12-07,Production,Female,Asian,S2,False
e001331,2018-11-13,2022-07-29,Administrative,Male,Asian,S3,False
e001332,2018-11-26,2024-10-18,Sales,Female,Black,IC1,True
e001333,2018-11-12,2021-01-08,Sales,Male,Hispanic,S2,True
e001334,2018-11-20,2020-06-16,Sales,Female,Hispanic,IC6,True
e001335,2018-11-26,2022-02-10,Sales,Female,Asian,S3,False
e001336,2018-11-05,2019-04-30,Sales,Non-binary,Black,M5,True
e001337,2018-11-09,2020-10-16,Sales,Female,Hispanic,IC2,True
e001338,2018-11-27,,Production,Female,Asian,IC3,False
e001339,2018-11-22,2022-11-04,Production,Female,Asian,IC4,False
e001340,2018-11-05,2019-04-04,Administrative,Female,White,S3,False
e001341,2018-11-28,2022-01-26,Administrative,Male,Black,M8,True
e001342,2018-11-01,2020-06-23,Sales,Female,Black,S2,True
e001343,2018-11-22,2020-01-22,Sales,Male,Black,S1,True
e001344,2018-11-22,2020-05-12,Sales,Male,Hispanic,S1,True
e001345,2018-11-05,2020-03-13,Administrative,Female,Asian,IC3,False
e001346,2018-11-01,2020-07-14,Production,Non-binary,White,M6,False
e001347,2018-11-22,2021-05-14,Sales,Female,Asian,IC4,False
e001348,2018-11-01,2022-11-18,Administrative,Female,Asian,IC2,False
e001349,2018-11-19,2019-01-31,Sales,Female,Asian,IC3,False
e001350,2018-11-28,,Administrative,Female,Hispanic,IC5,True
e001351,2018-11-27,2020-06-23,Sales,Male,Hispanic,S3,True
e001352,2018-11-30,2021-07-19,Sales,Non-binary,Black,IC4,True
e001353,2018-11-21,2019-04-30,Sales,Male,White,S1,False
e001354,2018-11-30,2020-03-06,Production,Male,White,S3,False
e001355,2018-11-08,2019-09-10,Production,Male,White,IC1,False
e001356,2018-11-19,2019-04-23,Production,Female,White,S3,False
e001357,2018-11-16,2019-04-01,Sales,Female,Black,IC6,True
e001358,2018-11-16,2020-11-25,Production,Female,Black,S2,True
e001359,2018-11-22,2022-01-13,Production,Male,Black,IC1,True
e001360,2018-11-28,2019-10-09,Administrative,Female,Black,S3,True
e001361,2018-11-08,2023-02-27,Sales,Female,White,M6,False
e001362,2018-11-20,2019-03-21,Production,Female,Asian,IC3,False
e001363,2018-11-29,2019-01-15,Sales,Female,White,M5,False
e001364,2018-11-23,2019-06-14,Production,Female,Asian,IC1,False
e001365,2018-11-19,,Sales,Female,Hispanic,M5,True
e001366,2018-11-27,2019-10-22,Administrative,Male,Black,S3,True
e001367,2018-11-20,2022-05-11,Administrative,Female,White,IC2,False
e001368,2018-11-07,,Production,Female,Black,M4,True
e001369,2018-11-16,2019-03-18,Production,Female,Black,IC6,True
e001370,2018-11-23,2020-01-07,Production,Female,Asian,S3,False
e001371,2018-11-27,2019-09-16,Sales,Non-binary,Black,IC1,True
e001372,2018-11-29,2019-06-06,Sales,Non-binary,Hispanic,M5,True
e001373,2018-11-15,,Sales,Female,White,S1,False
e001374,2018-11-16,2020-01-09,Administrative,Female,Black,S1,True
e001375,2018-11-13,2021-11-01,Sales,Female,Black,IC1,True
e001376,2018-11-12,2020-07-01,Sales,Male,Hispanic,S3,True
e001377,2018-11-16,2022-11-01,Administrative,Female,White,M6,False
e001378,2018-11-23,2018-12-10,Administrative,Male,Asian,IC6,False
e001379,2018-11-16,2020-06-19,Sales,Female,White,IC4,False
e001380,2018-11-12,2020-10-23,Production,Male,Hispanic,IC3,True
e001381,2018-11-13,2021-10-18,Sales,Male,Asian,S3,False
e001382,2018-11-13,2022-12-29,Administrative,Male,Hispanic,S3,True
e001383,2018-11-13,,Sales,Male,White,IC6,False
e001384,2018-11-07,2024-02-08,Production,Non-binary,Hispanic,IC2,True
e001385,2018-11-27,,Production,Male,Asian,IC2,False
e001386,2018-11-13,2020-08-06,Sales,Male,Hispanic,IC7,True
e001387,2018-11-19,2022-12-19,Sales,Female,Asian,M4,False
e001388,2018-11-07,2018-12-05,Sales,Male,Black,IC4,True
e001389,2018-11-13,2022-05-17,Administrative,Female,Black,IC6,True
e001390,2018-11-27,2022-04-11,Administrative,Female,White,S1,False
e001391,2018-11-08,,Sales,Female,Asian,IC3,False
e001392,2018-11-30,2024-10-15,Sales,Male,Asian,M6,False
e001393,2018-11-13,2019-05-28,Production,Female,Asian,IC3,False
e001394,2018-12-04,2022-01-24,Sales,Female,Hispanic,IC8,True
e001395,2018-12-13,2019-03-08,Production,Male,Black,IC2,True
e001396,2018-12-12,2021-09-09,Sales,Female,Hispanic,S1,True
e001397,2018-12-27,,Sales,Male,Asian,IC1,False
e001398,2018-12-05,2023-02-16,Administrative,Female,White,S2,False
e001399,2018-12-10,2022-02-03,Administrative,Female,Asian,IC2,False
e001400,2018-12-19,,Production,Female,Asian,S3,False
e001401,2018-12-05,2019-04-09,Production,Female,Asian,S2,False
e001402,2018-12-11,2020-06-30,Sales,Female,Asian,IC7,False
e001403,2018-12-07,2020-07-09,Production,Female,Asian,M5,False
e001404,2018-12-17,2020-07-28,Sales,Female,Hispanic,IC4,True
e001405,2018-12-21,2019-06-17,Sales,Male,Asian,IC3,False
e001406,2018-12-10,2020-05-28,Production,Female,White,IC7,False
e001407,2018-12-27,2021-07-09,Administrative,Male,Asian,S2,False
e001408,2018-12-06,2019-03-08,Sales,Male,Asian,IC4,False
e001409,2018-12-25,,Administrative,Male,White,S1,False
e001410,2018-12-25,2022-05-09,Sales,Female,Asian,IC4,False
e001411,2018-12-11,2019-08-06,Production,Non-binary,White,IC1,False
e001412,2018-12-03,2019-04-29,Sales,Female,Hispanic,S1,True
e001413,2018-12-21,2019-04-22,Production,Male,White,M4,False
e001414,2018-12-31,2019-02-26,Production,Male,Black,IC3,True
e001415,2018-12-25,2020-08-14,Production,Male,Asian,S1,False
e001416,2018-12-26,2022-07-05,Administrative,Male,Black,S2,True
e001417,2018-12-19,2020-02-21,Production,Female,Hispanic,M5,True
e001418,2018-12-20,2022-06-30,Production,Male,Black,S2,True
e001419,2018-12-17,2021-01-08,Administrative,Male,White,IC5,False
e001420,2018-12-06,2023-03-15,Administrative,Male,Asian,S2,False
e001421,2018-12-06,2020-03-02,Production,Female,Asian,S2,False
e001422,2018-12-12,2020-08-13,Administrative,Female,Hispanic,M6,True
e001423,2018-12-07,2021-09-27,Administrative,Female,Black,S3,True
e001424,2018-12-10,2020-10-28,Sales,Female,White,S3,False
e001425,2018-12-10,2020-01-17,Administrative,Male,Asian,IC8,False
e001426,2018-12-13,2023-07-05,Administrative,Female,Asian,S1,False
e001427,2018-12-21,2019-09-23,Production,Male,Black,IC4,True
e001428,2018-12-11,2019-12-10,Sales,Female,Black,IC4,True
e001429,2018-12-26,2020-01-23,Production,Female,Hispanic,IC6,True
e001430,2018-12-24,2021-03-12,Production,Female,Black,M4,True
e001431,2018-12-24,2022-02-08,Production,Male,White,IC5,False
e001432,2018-12-10,2020-05-06,Sales,Female,White,S3,False
e001433,2018-12-11,2021-08-27,Sales,Female,Asian,S1,False
e001434,2018-12-28,2019-07-12,Sales,Female,Hispanic,IC1,True
e001435,2018-12-21,2019-10-09,Sales,Male,Asian,IC2,False
e001436,2018-12-14,,Sales,Female,Hispanic,M7,True
e001437,2018-12-27,,Sales,Female,Asian,IC9,False
e001438,2018-12-12,,Production,Male,White,IC4,False
e001439,2018-12-06,2021-07-07,Sales,Male,Hispanic,IC4,True
e001440,2018-12-19,2024-05-09,Sales,Female,Black,IC7,True
e001441,2018-12-21,2020-10-30,Production,Female,White,M4,False
e001442,2018-12-04,2020-05-27,Administrative,Female,Asian,M4,False
e001443,2018-12-21,2019-08-01,Sales,Male,Asian,IC4,False
e001444,2019-01-11,2020-10-12,Sales,Female,Asian,IC3,False
e001445,2019-01-15,2020-05-28,Production,Male,White,IC1,False
e001446,2019-01-07,2022-01-03,Production,Male,White,S3,False
e001447,2019-01-28,2021-08-13,Production,Male,Asian,M6,False
e001448,2019-01-09,2022-11-28,Production,Female,Hispanic,M4,True
e001449,2019-01-09,2021-01-27,Sales,Female,Hispanic,IC5,True
e001450,2019-01-15,2022-11-28,Production,Male,Asian,IC4,False
e001451,2019-01-10,2019-03-12,Sales,Male,Hispanic,IC6,True
e001452,2019-01-25,2019-06-05,Production,Female,Asian,IC5,False
e001453,2019-01-03,2021-05-05,Production,Female,White,M5,False
e001454,2019-01-17,,Sales,Female,Black,IC6,True
e001455,2019-01-04,2019-09-11,Sales,Female,Asian,S3,False
e001456,2019-01-18,2020-06-18,Sales,Male,Asian,IC6,False
e001457,2019-01-08,2023-05-03,Production,Male,Hispanic,M5,True
e001458,2019-01-14,2019-06-20,Administrative,Female,Asian,S2,False
e001459,2019-01-25,2024-04-05,Production,Female,Asian,IC9,False
e001460,2019-02-28,2024-02-13,Administrative,Male,Hispanic,IC2,True
e001461,2019-02-12,2019-06-05,Administrative,Female,Hispanic,S3,True
e001462,2019-02-25,2019-06-28,Sales,Male,White,IC5,False
e001463,2019-02-12,2024-02-26,Production,Female,Asian,IC5,False
e001464,2019-03-04,2020-02-17,Sales,Male,Black,M4,True
e001465,2019-03-06,2023-04-11,Production,Male,Asian,IC4,False
e001466,2019-03-11,2021-10-14,Production,Male,White,S1,False
e001467,2019-03-13,2021-10-27,Administrative,Female,Black,IC4,True
e001468,2019-03-05,2020-01-15,Production,Female,Asian,IC6,False
e001469,2019-03-01,2022-11-07,Administrative,Male,Asian,IC5,False
e001470,2019-03-25,2022-04-13,Sales,Female,Asian,IC1,False
e001471,2019-03-22,2019-06-06,Sales,Female,Black,IC4,True
e001472,2019-03-19,2021-09-06,Production,Male,White,IC2,False
e001473,2019-03-04,2020-02-10,Sales,Female,Black,S3,True
e001474,2019-03-07,,Administrative,Male,White,IC2,False
e001475,2019-03-28,2023-07-24,Administrative,Female,Asian,M4,False
e001476,2019-03-26,,Sales,Female,Asian,IC1,False
e001477,2019-03-27,2022-11-18,Administrative,Male,Asian,S2,False
e001478,2019-03-28,2021-09-28,Sales,Non-binary,Hispanic,IC2,True
e001479,2019-03-20,2019-08-09,Production,Male,Asian,S1,False
e001480,2019-03-06,2020-07-02,Production,Female,Asian,IC3,False
e001481,2019-03-07,,Administrative,Non-binary,White,IC1,False
e001482,2019-03-22,,Production,Male,Black,M4,True
e001483,2019-03-25,2020-08-27,Administrative,Female,White,M6,False
e001484,2019-03-18,2023-06-19,Administrative,Male,Black,M4,True
e001485,2019-03-19,2020-05-11,Administrative,Female,Hispanic,S3,True
e001486,2019-03-28,2019-09-13,Sales,Female,Hispanic,IC1,True
e001487,2019-03-01,2020-10-01,Administrative,Male,Hispanic,IC3,True
e001488,2019-03-14,2022-02-15,Production,Male,Black,S3,True
e001489,2019-03-29,2022-04-14,Production,Female,Asian,IC4,False
e001490,2019-03-28,2019-04-02,Administrative,Female,Asian,S1,False
e001491,2019-03-14,2020-02-28,Production,Female,Hispanic,IC1,True
e001492,2019-03-22,2019-04-12,Sales,Male,Asian,IC7,False
e001493,2019-03-04,2020-06-23,Sales,Female,Asian,IC1,False
e001494,2019-03-11,2022-11-08,Sales,Female,Hispanic,IC6,True
e001495,2019-03-06,,Sales,Female,Black,IC1,True
e001496,2019-03-06,2021-01-12,Sales,Female,Hispanic,IC2,True
e001497,2019-03-29,2022-02-17,Administrative,Male,Asian,IC6,False
e001498,2019-03-08,2019-04-25,Sales,Female,Asian,IC7,False
e001499,2019-03-21,2020-02-07,Sales,Female,Black,IC2,True
e001500,2019-03-27,2019-05-09,Production,Male,Asian,S3,False
e001501,2019-03-20,,Administrative,Female,White,S3,False
e001502,2019-03-15,2021-11-03,Production,Female,Black,IC2,True
e001503,2019-03-06,2019-09-26,Sales,Male,Hispanic,IC5,True
e001504,2019-03-26,2020-11-26,Sales,Female,White,IC7,False
e001505,2019-04-22,2019-09-12,Administrative,Male,Black,S3,True
e001506,2019-04-02,2019-12-11,Sales,Female,Asian,S3,False
e001507,2019-04-09,2023-09-07,Sales,Male,Hispanic,IC1,True
e001508,2019-04-25,2020-03-24,Sales,Male,Asian,IC7,False
e001509,2019-04-23,2021-06-25,Administrative,Female,Asian,M5,False
e001510,2019-04-23,2024-02-15,Production,Non-binary,Black,IC5,True
e001511,2019-04-23,2022-02-18,Sales,Female,Black,IC7,True
e001512,2019-04-09,2019-08-06,Production,Female,Asian,IC4,False
e001513,2019-04-22,2023-06-09,Production,Female,Hispanic,IC6,True
e001514,2019-04-18,2023-03-13,Sales,Non-binary,Asian,IC5,False
e001515,2019-04-22,2024-01-17,Production,Non-binary,Asian,S1,False
e001516,2019-04-02,2019-09-25,Sales,Male,Hispanic,IC5,True
e001517,2019-04-19,,Sales,Female,White,IC4,False
e001518,2019-04-01,2023-04-28,Sales,Male,Asian,S3,False
e001519,2019-04-08,2020-05-01,Sales,Male,Asian,IC2,False
e001520,2019-04-08,2019-12-20,Production,Male,White,IC4,False
e001521,2019-04-30,2020-01-15,Administrative,Male,Asian,S1,False
e001522,2019-04-19,2023-06-02,Production,Female,Hispanic,M6,True
e001523,2019-04-19,2020-09-23,Administrative,Female,Asian,S2,False
e001524,2019-04-25,2019-08-27,Sales,Female,Asian,S1,False
e001525,2019-04-23,,Sales,Male,Asian,IC6,False
e001526,2019-04-09,,Sales,Female,Asian,IC6,False
e001527,2019-04-15,2021-01-26,Sales,Non-binary,Asian,S3,False
e001528,2019-04-26,2020-07-31,Sales,Male,Asian,IC6,False
e001529,2019-04-01,2023-09-28,Production,Female,Hispanic,IC2,True
e001530,2019-04-18,2019-08-23,Production,Male,White,S2,False
e001531,2019-04-17,2019-08-09,Production,Female,Black,IC8,True
e001532,2019-04-08,2019-08-26,Production,Female,Hispanic,S3,True
e001533,2019-04-25,,Sales,Female,White,IC1,False
e001534,2019-04-25,2019-12-27,Administrative,Male,Asian,IC3,False
e001535,2019-04-01,2021-10-29,Sales,Female,White,S1,False
e001536,2019-04-23,2020-03-02,Production,Male,Asian,S3,False
e001537,2019-04-23,,Administrative,Non-binary,Black,IC6,True
e001538,2019-04-04,2024-06-10,Production,Male,Asian,IC2,False
e001539,2019-04-30,2022-02-11,Production,Female,Asian,IC2,False
e001540,2019-04-16,2021-03-09,Production,Female,Asian,M5,False
e001541,2019-04-15,2019-09-26,Administrative,Female,Asian,IC6,False
e001542,2019-04-29,2019-06-25,Sales,Female,Hispanic,S2,True
e001543,2019-04-01,2020-02-28,Administrative,Male,Black,IC7,True
e001544,2019-04-24,2019-08-27,Sales,Non-binary,Asian,S1,False
e001545,2019-04-24,2020-05-13,Sales,Non-binary,Asian,S2,False
e001546,2019-04-15,2022-12-05,Production,Male,Asian,IC3,False
e001547,2019-04-05,2020-10-22,Administrative,Male,Asian,S2,False
e001548,2019-04-12,2022-04-14,Administrative,Male,Asian,M5,False
e001549,2019-04-12,2019-12-16,Production,Male,Asian,IC3,False
e001550,2019-04-04,2022-07-14,Production,Female,White,IC1,False
e001551,2019-04-16,2020-05-26,Sales,Female,White,IC5,False
e001552,2019-04-01,2019-12-24,Sales,Female,Black,S1,True
e001553,2019-04-02,,Sales,Male,Asian,S1,False
e001554,2019-05-20,,Production,Female,Hispanic,S3,True
e001555,2019-05-15,2020-10-20,Production,Non-binary,Asian,M8,False
e001556,2019-05-31,2020-11-02,Sales,Female,Hispanic,IC2,True
e001557,2019-05-14,2023-03-28,Sales,Male,Asian,S1,False
e001558,2019-05-29,2024-06-12,Production,Non-binary,Hispanic,IC2,True
e001559,2019-05-31,2022-10-14,Sales,Female,Black,IC1,True
e001560,2019-05-27,2021-08-12,Sales,Male,Black,IC5,True
e001561,2019-05-15,2022-02-21,Sales,Female,Asian,M5,False
e001562,2019-05-01,2022-11-18,Administrative,Non-binary,Hispanic,S1,True
e001563,2019-05-02,2019-10-11,Production,Female,White,IC5,False
e001564,2019-05-01,2020-03-30,Production,Female,Black,IC1,True
e001565,2019-05-20,2021-03-26,Production,Non-binary,White,S1,False
e001566,2019-05-02,2019-09-20,Sales,Male,Asian,IC2,False
e001567,2019-05-16,2019-08-12,Administrative,Female,Asian,S3,False
e001568,2019-05-24,2019-08-15,Sales,Male,Asian,S1,False
e001569,2019-05-24,2020-10-07,Production,Male,Asian,IC2,False
e001570,2019-05-15,2022-04-25,Production,Non-binary,Hispanic,IC3,True
e001571,2019-05-31,2022-02-25,Production,Male,White,M7,False
e001572,2019-05-06,2019-06-12,Administrative,Female,Black,IC2,True
e001573,2019-05-08,2022-02-15,Sales,Male,Asian,S2,False
e001574,2019-05-27,,Production,Male,Asian,IC1,False
e001575,2019-05-01,2020-08-20,Production,Female,Hispanic,IC7,True
e001576,2019-05-13,2020-02-17,Administrative,Female,Asian,M5,False
e001577,2019-05-22,,Sales,Female,Black,M4,True
e001578,2019-05-06,2023-09-01,Sales,Female,Hispanic,IC7,True
e001579,2019-05-08,,Sales,Male,Asian,IC3,False
e001580,2019-05-08,2021-08-02,Production,Female,White,IC3,False
e001581,2019-05-14,2020-02-05,Administrative,Female,Asian,IC6,False
e001582,2019-05-29,2024-11-01,Production,Female,White,IC5,False
e001583,2019-05-03,2020-03-20,Sales,Female,White,M4,False
e001584,2019-05-03,2023-02-07,Sales,Female,Black,M4,True
e001585,2019-05-29,2023-05-22,Administrative,Female,Black,IC1,True
e001586,2019-05-22,2019-12-06,Sales,Female,Black,IC7,True
e001587,2019-05-21,2020-02-10,Sales,Male,Asian,IC6,False
e001588,2019-05-13,2021-01-28,Sales,Male,Asian,M5,False
e001589,2019-05-14,2023-06-06,Administrative,Male,Black,IC2,True
e001590,2019-05-24,2023-02-16,Administrative,Female,Hispanic,IC7,True
e001591,2019-05-07,2021-03-09,Sales,Male,Black,IC7,True
e001592,2019-05-22,2020-02-04,Production,Female,Asian,S3,False
e001593,2019-05-17,2021-06-30,Sales,Female,Asian,IC7,False
e001594,2019-05-27,2023-03-29,Production,Male,Asian,IC1,False
e001595,2019-05-13,2022-01-12,Sales,Male,Asian,M4,False
e001596,2019-05-21,2019-09-30,Administrative,Male,Asian,IC2,False
e001597,2019-05-21,2021-09-08,Production,Female,Asian,M5,False
e001598,2019-05-02,2020-08-31,Sales,Male,White,S3,False
e001599,2019-05-16,2023-03-10,Administrative,Female,White,IC4,False
e001600,2019-05-29,2020-01-06,Sales,Non-binary,Asian,IC4,False
e001601,2019-05-01,2020-03-17,Production,Male,Black,IC2,True
e001602,2019-05-27,2022-10-05,Administrative,Female,Hispanic,IC2,True
e001603,2019-05-09,2019-08-30,Sales,Female,Black,IC8,True
e001604,2019-05-20,,Production,Female,Hispanic,IC7,True
e001605,2019-05-22,2021-01-05,Sales,Female,Hispanic,IC1,True
e001606,2019-05-16,2019-10-09,Sales,Female,Asian,M5,False
e001607,2019-05-07,,Sales,Non-binary,Black,IC6,True
e001608,2019-05-16,2022-01-05,Production,Male,Black,S1,True
e001609,2019-05-28,2020-11-24,Sales,Female,Asian,IC7,False
e001610,2019-05-07,2020-01-21,Production,Non-binary,Asian,S3,False
e001611,2019-06-05,2019-12-19,Administrative,Female,Asian,IC1,False
e001612,2019-06-10,2023-05-05,Sales,Male,Asian,S1,False
e001613,2019-06-13,2020-06-04,Administrative,Male,White,IC1,False
e001614,2019-06-18,2020-05-15,Sales,Female,Black,M6,True
e001615,2019-06-10,2024-02-01,Administrative,Female,White,IC5,False
e001616,2019-06-24,2019-12-16,Production,Female,Asian,M4,False
e001617,2019-06-25,2020-10-14,Sales,Male,Black,IC1,True
e001618,2019-06-19,2023-05-05,Production,Male,White,IC7,False
e001619,2019-06-14,2022-04-12,Administrative,Male,White,M4,False
e001620,2019-06-03,2020-07-06,Production,Male,Hispanic,S3,True
e001621,2019-06-12,2022-11-10,Production,Non-binary,Asian,IC1,False
e001622,2019-06-21,,Production,Female,Hispanic,M4,True
e001623,2019-06-28,2020-06-08,Administrative,Female,Hispanic,IC6,True
e001624,2019-06-06,2020-06-01,Administrative,Male,Black,IC7,True
e001625,2019-06-10,2024-03-21,Production,Female,White,IC5,False
e001626,2019-06-05,2020-08-11,Production,Male,Asian,IC4,False
e001627,2019-06-27,2022-02-11,Administrative,Female,Hispanic,S1,True
e001628,2019-06-04,2019-09-20,Production,Male,White,IC2,False
e001629,2019-06-03,2020-02-11,Sales,Female,Asian,S3,False
e001630,2019-06-21,,Production,Female,Black,M4,True
e001631,2019-06-11,,Administrative,Non-binary,White,M6,False
e001632,2019-06-24,2020-01-03,Sales,Male,Black,S1,True
e001633,2019-06-25,2020-01-31,Sales,Non-binary,Hispanic,S3,True
e001634,2019-06-28,,Sales,Female,Black,S2,True
e001635,2019-06-11,2020-05-06,Sales,Female,Hispanic,S3,True
e001636,2019-06-27,2020-01-29,Sales,Female,Asian,IC1,False
e001637,2019-06-06,2022-12-06,Sales,Female,Asian,S3,False
e001638,2019-06-25,2020-02-21,Sales,Female,Black,IC4,True
e001639,2019-06-25,2022-02-01,Administrative,Female,Black,S1,True
e001640,2019-06-20,,Sales,Male,Asian,IC6,False
e001641,2019-06-17,2020-03-04,Administrative,Female,Asian,IC7,False
e001642,2019-07-22,2024-04-17,Sales,Male,Asian,M4,False
e001643,2019-07-18,2023-11-22,Sales,Female,Black,S3,True
e001644,2019-07-10,2019-09-27,Production,Male,Hispanic,IC3,True
e001645,2019-07-11,2021-03-29,Administrative,Male,Asian,IC5,False
e001646,2019-07-31,2021-09-13,Administrative,Female,Asian,IC2,False
e001647,2019-07-03,2019-08-15,Administrative,Female,Asian,M5,False
e001648,2019-07-08,2020-10-27,Administrative,Male,Asian,IC3,False
e001649,2019-07-10,2021-11-19,Sales,Male,Asian,M6,False
e001650,2019-07-16,2020-08-14,Sales,Female,Asian,M4,False
e001651,2019-07-09,2019-08-29,Administrative,Male,Asian,IC3,False
e001652,2019-07-25,2020-03-27,Administrative,Female,Asian,IC6,False
e001653,2019-07-01,2020-02-19,Production,Non-binary,Hispanic,S3,True
e001654,2019-07-24,2022-10-14,Administrative,Male,Asian,IC2,False
e001655,2019-07-23,2022-12-12,Sales,Female,Asian,M4,False
e001656,2019-07-01,2022-04-22,Production,Female,Hispanic,IC7,True
e001657,2019-07-11,2021-08-23,Sales,Female,Black,IC6,True
e001658,2019-07-30,2020-05-15,Administrative,Male,Asian,IC6,False
e001659,2019-07-24,2023-05-26,Production,Male,White,S3,False
e001660,2019-07-31,2024-03-27,Production,Female,Hispanic,IC3,True
e001661,2019-07-18,2024-01-26,Sales,Male,Asian,IC5,False
e001662,2019-07-23,2021-09-28,Administrative,Female,White,S2,False
e001663,2019-07-09,2020-09-01,Production,Female,Asian,S1,False
e001664,2019-07-10,2023-09-01,Administrative,Female,Asian,IC6,False
e001665,2019-07-11,2020-01-01,Production,Female,Asian,IC3,False
e001666,2019-07-11,2022-05-12,Production,Female,White,IC5,False
e001667,2019-07-18,2019-12-19,Production,Non-binary,Hispanic,M5,True
e001668,2019-07-22,2023-04-13,Sales,Female,White,IC3,False
e001669,2019-07-31,2024-03-11,Sales,Male,White,IC1,False
e001670,2019-07-09,2019-09-20,Sales,Male,Black,IC3,True
e001671,2019-07-02,2023-10-09,Sales,Male,Asian,S1,False
e001672,2019-07-02,,Sales,Male,Asian,M5,False
e001673,2019-07-22,2021-12-21,Sales,Female,White,IC3,False
e001674,2019-07-12,2022-06-23,Production,Male,White,M5,False
e001675,2019-07-30,2024-06-20,Administrative,Female,White,IC5,False
e001676,2019-07-10,2023-04-03,Production,Female,Asian,S2,False
e001677,2019-07-23,2020-02-03,Sales,Female,Black,IC4,True
e001678,2019-07-24,,Production,Female,Asian,IC6,False
e001679,2019-07-02,,Sales,Female,Hispanic,IC7,True
e001680,2019-07-19,2020-01-01,Sales,Female,Asian,IC4,False
e001681,2019-07-10,,Production,Male,Black,IC4,True
e001682,2019-07-05,2019-12-18,Administrative,Female,White,IC2,False
e001683,2019-07-29,,Production,Female,White,IC5,False
e001684,2019-07-15,2023-12-07,Production,Female,Hispanic,IC7,True
e001685,2019-07-08,2023-06-23,Administrative,Male,Black,IC3,True
e001686,2019-07-01,2019-09-11,Administrative,Female,Asian,S1,False
e001687,2019-07-03,2021-01-22,Administrative,Female,Hispanic,IC4,True
e001688,2019-07-01,2021-07-09,Administrative,Female,Hispanic,M4,True
e001689,2019-07-08,2022-02-07,Administrative,Female,Black,S2,True
e001690,2019-07-24,2022-11-07,Production,Female,Asian,S3,False
e001691,2019-07-19,2020-05-07,Production,Female,Asian,S1,False
e001692,2019-07-10,2020-07-08,Sales,Male,Asian,M6,False
e001693,2019-07-01,,Sales,Female,White,M4,False
e001694,2019-07-30,2019-09-09,Production,Male,Asian,IC4,False
e001695,2019-07-25,2019-10-30,Administrative,Non-binary,Asian,S1,False
e001696,2019-07-18,2019-08-22,Production,Male,Asian,M4,False
e001697,2019-07-17,2021-01-29,Sales,Male,Asian,IC6,False
e001698,2019-07-16,2021-03-24,Production,Male,Hispanic,IC1,True
e001699,2019-07-10,2021-07-19,Production,Female,Black,M4,True
e001700,2019-07-16,2021-03-26,Production,Female,Asian,IC1,False
e001701,2019-07-10,2020-02-14,Production,Female,Black,IC7,True
e001702,2019-07-31,2019-12-30,Administrative,Male,Asian,IC4,False
e001703,2019-07-08,2019-10-28,Administrative,Female,Hispanic,S1,True
e001704,2019-07-05,,Administrative,Male,White,IC8,False
e001705,2019-07-17,2020-06-08,Production,Male,White,IC3,False
e001706,2019-07-23,2022-11-28,Administrative,Male,Hispanic,IC4,True
e001707,2019-07-03,2021-03-18,Sales,Female,Black,M6,True
e001708,2019-07-19,2019-09-05,Sales,Male,White,IC1,False
e001709,2019-07-10,2023-10-31,Sales,Female,Hispanic,M6,True
e001710,2019-07-12,2020-07-10,Administrative,Male,Black,IC2,True
e001711,2019-07-24,,Sales,Female,Asian,IC1,False
e001712,2019-07-04,2023-07-27,Administrative,Female,Hispanic,IC4,True
e001713,2019-07-25,2020-08-13,Production,Female,Hispanic,M4,True
e001714,2019-07-23,2019-10-30,Administrative,Female,Black,S3,True
e001715,2019-07-26,2021-09-20,Production,Male,Asian,IC2,False
e001716,2019-07-12,2019-09-12,Administrative,Female,White,M5,False
e001717,2019-07-16,2024-02-16,Production,Male,Asian,IC3,False
e001718,2019-07-09,2020-02-28,Sales,Non-binary,Hispanic,IC5,True
e001719,2019-07-30,2020-10-28,Production,Female,White,IC1,False
e001720,2019-07-02,2020-08-14,Sales,Male,Asian,S3,False
e001721,2019-07-31,2022-01-25,Sales,Female,Asian,S1,False
e001722,2019-07-17,2020-02-04,Administrative,Non-binary,Asian,IC2,False
e001723,2019-08-20,2021-06-29,Sales,Female,White,IC1,False
e001724,2019-08-29,2020-05-28,Production,Male,Asian,M4,False
e001725,2019-08-13,2022-02-02,Sales,Male,Black,IC5,True
e001726,2019-08-22,2024-11-28,Sales,Male,Hispanic,IC1,True
e001727,2019-08-27,2020-06-19,Sales,Male,Black,M4,True
e001728,2019-08-14,,Sales,Female,White,M5,False
e001729,2019-08-22,2020-06-29,Sales,Non-binary,Hispanic,IC3,True
e001730,2019-08-22,2019-12-11,Administrative,Male,Hispanic,M6,True
e001731,2019-08-30,2022-06-15,Production,Male,White,IC3,False
e001732,2019-08-01,2022-01-03,Sales,Male,Black,S1,True
e001733,2019-08-20,,Administrative,Female,Asian,IC7,False
e001734,2019-08-05,2021-01-26,Production,Female,Hispanic,S2,True
e001735,2019-08-30,,Administrative,Male,Asian,M4,False
e001736,2019-08-22,2020-08-17,Sales,Female,Asian,IC7,False
e001737,2019-08-20,2020-07-16,Sales,Female,Black,M5,True
e001738,2019-08-22,2019-09-18,Production,Non-binary,Asian,IC1,False
e001739,2019-08-07,2022-02-16,Production,Female,Asian,IC2,False
e001740,2019-08-26,2021-03-24,Production,Female,Asian,IC2,False
e001741,2019-08-23,2021-07-12,Production,Male,Asian,M4,False
e001742,2019-08-23,2023-06-01,Production,Male,White,S2,False
e001743,2019-08-16,2022-06-13,Administrative,Female,Asian,S3,False
e001744,2019-08-14,,Production,Non-binary,White,S3,False
e001745,2019-08-29,2020-05-08,Sales,Male,Asian,IC1,False
e001746,2019-08-06,2019-09-02,Sales,Male,White,IC5,False
e001747,2019-08-19,2019-12-18,Administrative,Male,White,IC4,False
e001748,2019-08-15,2021-11-25,Sales,Female,Asian,IC4,False
e001749,2019-08-29,2021-03-22,Administrative,Female,Asian,M4,False
e001750,2019-08-29,2019-10-17,Sales,Male,Asian,S2,False
e001751,2019-08-23,,Sales,Female,Asian,M5,False
e001752,2019-08-07,2024-02-23,Administrative,Female,Black,M4,True
e001753,2019-08-21,2022-11-24,Sales,Male,White,S2,False
e001754,2019-08-19,,Production,Female,Asian,IC8,False
e001755,2019-08-19,2023-05-12,Administrative,Male,Black,S1,True
e001756,2019-08-27,2021-06-11,Production,Female,Asian,M8,False
e001757,2019-08-12,2023-03-29,Sales,Non-binary,Asian,S3,False
e001758,2019-08-28,2022-06-10,Administrative,Female,Black,IC2,True
e001759,2019-08-23,2021-05-24,Production,Male,Asian,S1,False
e001760,2019-08-29,2024-03-12,Sales,Female,Asian,IC3,False
e001761,2019-08-21,2019-12-05,Production,Female,Asian,IC5,False
e001762,2019-08-26,2024-06-21,Administrative,Male,Black,IC5,True
e001763,2019-08-08,2024-03-06,Sales,Female,Asian,IC4,False
e001764,2019-08-02,2020-08-14,Sales,Male,Asian,IC5,False
e001765,2019-08-07,2020-03-02,Sales,Male,Asian,IC9,False
e001766,2019-08-14,2021-03-19,Administrative,Female,Hispanic,IC3,True
e001767,2019-08-14,2023-04-11,Sales,Female,Asian,M6,False
e001768,2019-08-21,2022-05-27,Production,Male,Asian,IC9,False
e001769,2019-08-29,2020-06-10,Administrative,Female,Asian,IC3,False
e001770,2019-08-12,2023-02-13,Production,Non-binary,Black,IC5,True
e001771,2019-08-12,2019-09-24,Production,Female,White,IC6,False
e001772,2019-08-13,,Production,Female,Asian,IC7,False
e001773,2019-08-23,2020-01-16,Administrative,Female,Asian,IC1,False
e001774,2019-08-22,2020-02-28,Administrative,Male,Asian,S2,False
e001775,2019-08-21,2020-07-14,Administrative,Male,White,IC7,False
e001776,2019-08-28,2021-10-01,Administrative,Female,Asian,IC3,False
e001777,2019-08-02,2020-11-17,Administrative,Male,Asian,M4,False
e001778,2019-08-02,2021-03-03,Administrative,Female,White,IC2,False
e001779,2019-08-29,2019-09-17,Sales,Male,Hispanic,IC1,True
e001780,2019-08-09,2021-08-30,Administrative,Female,White,M9,False
e001781,2019-08-19,2022-10-11,Sales,Non-binary,Black,IC2,True
e001782,2019-08-05,2024-02-19,Sales,Female,Asian,IC4,False
e001783,2019-08-22,2020-10-09,Administrative,Non-binary,White,IC1,False
e001784,2019-08-05,,Administrative,Female,Black,M5,True
e001785,2019-08-06,,Production,Female,Black,M5,True
e001786,2019-08-16,,Administrative,Female,Black,IC1,True
e001787,2019-08-16,2022-04-29,Administrative,Male,Hispanic,S2,True
e001788,2019-08-12,2022-11-02,Production,Female,White,S2,False
e001789,2019-08-02,2020-05-04,Sales,Non-binary,Hispanic,IC7,True
e001790,2019-08-12,2021-05-20,Administrative,Female,White,S2,False
e001791,2019-08-12,,Sales,Male,Asian,IC3,False
e001792,2019-08-28,2020-06-01,Administrative,Male,Black,S3,True
e001793,2019-08-02,2020-03-09,Production,Male,Asian,IC4,False
e001794,2019-08-30,2020-01-22,Administrative,Male,Hispanic,IC2,True
e001795,2019-08-23,2019-09-02,Production,Female,Asian,S2,False
e001796,2019-08-13,2019-09-16,Sales,Female,Black,IC1,True
e001797,2019-08-19,2020-01-23,Production,Male,Hispanic,IC6,True
e001798,2019-08-22,2020-05-29,Sales,Male,Hispanic,S3,True
e001799,2019-08-23,2020-01-15,Administrative,Female,Black,S2,True
e001800,2019-08-29,,Production,Female,Asian,IC1,False
e001801,2019-08-21,2020-10-05,Sales,Male,White,IC7,False
e001802,2019-08-01,2022-12-30,Production,Female,Asian,IC7,False
e001803,2019-08-23,2020-02-13,Production,Female,Hispanic,S1,True
e001804,2019-08-19,2023-09-25,Production,Female,Hispanic,IC3,True
e001805,2019-08-07,2021-07-27,Administrative,Male,White,S3,False
e001806,2019-08-01,2024-06-05,Administrative,Male,White,S2,False
e001807,2019-09-11,,Production,Female,Asian,S3,False
e001808,2019-09-05,2019-12-05,Sales,Non-binary,Hispanic,IC1,True
e001809,2019-09-26,2019-12-20,Production,Female,Black,IC4,True
e001810,2019-09-26,2020-03-19,Administrative,Female,Asian,M6,False
e001811,2019-09-27,2020-05-01,Production,Female,Hispanic,IC7,True
e001812,2019-09-03,2020-07-03,Sales,Male,Asian,S1,False
e001813,2019-09-30,2022-06-08,Production,Female,Asian,S1,False
e001814,2019-09-17,2023-02-02,Sales,Male,Black,IC7,True
e001815,2019-10-22,2021-11-01,Administrative,Female,White,IC7,False
e001816,2019-10-16,2023-09-28,Sales,Female,Asian,IC6,False
e001817,2019-10-16,2023-06-30,Sales,Female,Hispanic,IC7,True
e001818,2019-10-18,,Sales,Non-binary,Asian,IC7,False
e001819,2019-11-15,2023-04-18,Production,Male,Hispanic,M4,True
e001820,2019-11-25,,Production,Female,Hispanic,IC2,True
e001821,2019-11-29,2022-07-08,Sales,Non-binary,Asian,S3,False
e001822,2019-11-15,2022-01-10,Administrative,Female,White,IC3,False
e001823,2019-11-26,2020-03-10,Sales,Female,Asian,IC7,False
e001824,2019-11-28,,Administrative,Male,Hispanic,M4,True
e001825,2019-11-12,2024-03-26,Sales,Female,Hispanic,IC2,True
e001826,2019-11-05,2020-01-23,Sales,Female,Black,S2,True
e001827,2019-11-15,2023-03-10,Administrative,Female,White,M4,False
e001828,2019-11-07,2023-04-26,Sales,Female,Black,M4,True
e001829,2019-11-29,2021-01-20,Production,Male,Hispanic,IC4,True
e001830,2019-11-22,2020-08-11,Production,Male,Asian,S3,False
e001831,2019-11-27,,Sales,Male,Asian,IC5,False
e001832,2019-11-05,2023-12-14,Administrative,Non-binary,Asian,M6,False
e001833,2019-11-28,2019-12-25,Sales,Male,Asian,M6,False
e001834,2019-11-14,2020-03-06,Administrative,Male,Asian,IC1,False
e001835,2019-11-01,2020-01-13,Production,Female,Asian,IC6,False
e001836,2019-11-25,2020-10-07,Sales,Male,White,S2,False
e001837,2019-11-05,2020-09-29,Sales,Female,Black,M5,True
e001838,2019-11-22,2022-04-08,Administrative,Female,Asian,IC2,False
e001839,2019-11-21,2022-02-02,Production,Female,Asian,IC6,False
e001840,2019-11-22,2023-05-05,Administrative,Female,Hispanic,IC7,True
e001841,2019-11-07,,Production,Female,Asian,IC2,False
e001842,2019-11-04,2024-05-30,Administrative,Male,Asian,IC4,False
e001843,2019-11-29,2022-07-22,Sales,Female,White,IC4,False
e001844,2019-11-21,2022-08-23,Administrative,Female,White,IC5,False
e001845,2019-11-19,2020-06-26,Production,Female,Asian,IC2,False
e001846,2019-11-01,2020-01-31,Production,Male,Asian,IC2,False
e001847,2019-11-01,2023-07-18,Production,Female,White,M5,False
e001848,2019-11-07,2022-10-04,Administrative,Male,Black,IC4,True
e001849,2019-11-11,,Sales,Female,White,S2,False
e001850,2019-11-04,2024-02-08,Administrative,Female,White,M5,False
e001851,2019-11-26,2020-01-01,Sales,Female,Asian,IC7,False
e001852,2019-11-27,2023-05-08,Administrative,Female,Hispanic,IC2,True
e001853,2019-11-25,2020-01-22,Sales,Female,White,M6,False
e001854,2019-11-14,2022-04-05,Sales,Male,Black,M5,True
e001855,2019-11-20,2024-05-27,Administrative,Male,White,S2,False
e001856,2019-11-06,2023-06-12,Production,Male,White,M6,False
e001857,2019-11-27,2022-11-22,Sales,Female,Asian,IC2,False
e001858,2019-11-07,2021-03-18,Administrative,Female,Asian,M4,False
e001859,2019-11-07,2023-07-25,Sales,Male,Asian,IC7,False
e001860,2019-11-19,2020-07-10,Production,Non-binary,White,IC1,False
e001861,2019-11-08,2021-03-31,Sales,Non-binary,Asian,M6,False
e001862,2019-11-07,,Sales,Female,Asian,IC3,False
e001863,2019-11-15,2021-07-27,Sales,Non-binary,Black,M6,True
e001864,2019-11-01,2023-05-11,Sales,Male,White,S3,False
e001865,2019-11-07,2023-07-07,Production,Male,Asian,S3,False
e001866,2019-11-21,,Sales,Male,Asian,M5,False
e001867,2019-11-11,2021-10-26,Administrative,Male,Asian,IC5,False
e001868,2019-11-28,2020-03-31,Sales,Male,Asian,IC7,False
e001869,2019-11-20,2020-03-31,Production,Female,Black,IC3,True
e001870,2019-11-14,2020-01-28,Production,Non-binary,Asian,IC3,False
e001871,2019-11-01,2020-01-15,Production,Male,White,M5,False
e001872,2019-11-14,2021-06-03,Sales,Non-binary,Black,M5,True
e001873,2019-11-20,2022-12-08,Production,Female,Hispanic,S2,True
e001874,2019-11-19,2023-04-18,Administrative,Male,Black,IC4,True
e001875,2019-11-20,2020-05-14,Sales,Male,Black,S1,True
e001876,2019-11-29,2022-12-09,Administrative,Female,Asian,M7,False
e001877,2019-11-14,2020-02-17,Sales,Female,Hispanic,M7,True
e001878,2019-11-15,2022-04-27,Sales,Female,Black,M5,True
e001879,2019-11-18,2020-05-05,Production,Female,White,IC5,False
e001880,2019-11-29,,Production,Non-binary,Asian,IC3,False
e001881,2019-11-27,2020-07-14,Administrative,Female,Asian,M4,False
e001882,2019-11-11,2023-10-30,Administrative,Female,White,IC3,False
e001883,2019-11-19,2020-03-06,Production,Male,Black,IC3,True
e001884,2019-11-14,,Administrative,Non-binary,Black,IC7,True
e001885,2019-11-14,2021-09-08,Sales,Female,Asian,IC1,False
e001886,2019-11-04,2022-02-18,Administrative,Female,Black,S2,True
e001887,2019-11-06,2023-06-01,Sales,Non-binary,Asian,IC6,False
e001888,2019-11-27,2024-10-25,Administrative,Female,Asian,M7,False
e001889,2019-11-08,2022-10-24,Sales,Male,Hispanic,IC1,True
e001890,2019-11-15,2020-05-28,Sales,Male,Asian,IC3,False
e001891,2019-11-08,2022-02-08,Sales,Female,Asian,M6,False
e001892,2019-11-20,2021-09-07,Sales,Female,Black,IC1,True
e001893,2019-11-29,2020-08-17,Administrative,Non-binary,Black,S3,True
e001894,2019-11-28,,Production,Non-binary,Asian,IC5,False
e001895,2019-11-29,,Production,Female,White,IC2,False
e001896,2019-11-21,2024-05-10,Production,Male,Hispanic,M4,True
e001897,2019-11-06,2020-06-03,Sales,Male,Black,S2,True
e001898,2019-11-19,2022-02-01,Sales,Male,Asian,IC4,False
e001899,2019-11-08,2020-10-23,Production,Male,Asian,M4,False
e001900,2019-11-19,2020-07-01,Production,Female,White,S3,False
e001901,2019-11-28,2020-06-12,Production,Female,White,M4,False
e001902,2019-11-28,2020-06-03,Sales,Female,White,IC7,False
e001903,2019-11-05,2024-02-09,Administrative,Non-binary,Asian,S2,False
e001904,2019-11-01,2019-12-19,Sales,Female,Asian,S1,False
e001905,2019-11-07,2020-07-13,Production,Male,Black,IC5,True
e001906,2019-11-15,2024-04-05,Production,Male,Asian,IC2,False
e001907,2019-11-11,2021-07-29,Production,Female,Asian,IC2,False
e001908,2019-11-11,2021-03-22,Sales,Non-binary,Hispanic,IC2,True
e001909,2019-11-12,2020-06-05,Sales,Male,Asian,S1,False
e001910,2019-11-04,2020-11-19,Production,Male,Asian,M4,False
e001911,2019-11-22,2020-02-11,Sales,Male,Asian,M6,False
e001912,2019-11-08,2021-07-08,Production,Female,White,S3,False
e001913,2019-11-19,2021-03-24,Sales,Female,Black,M4,True
e001914,2019-11-14,2020-06-12,Sales,Female,Asian,M4,False
e001915,2019-11-25,,Sales,Male,Asian,IC6,False
e001916,2019-11-07,,Sales,Female,Hispanic,M5,True
e001917,2019-11-04,2020-06-05,Production,Male,Asian,S3,False
e001918,2019-11-27,,Administrative,Female,White,IC3,False
e001919,2019-12-23,2022-11-03,Production,Male,Black,IC1,True
e001920,2019-12-27,2020-10-02,Administrative,Female,Asian,M5,False
e001921,2019-12-06,2021-03-30,Administrative,Female,White,IC2,False
e001922,2019-12-09,2020-05-08,Production,Female,Asian,IC1,False
e001923,2019-12-30,,Administrative,Female,White,IC2,False
e001924,2019-12-09,2020-08-25,Production,Male,Asian,IC1,False
e001925,2019-12-03,2020-01-02,Sales,Female,Asian,IC5,False
e001926,2019-12-04,2022-04-21,Sales,Male,Hispanic,IC1,True
e001927,2019-12-05,2020-11-30,Sales,Non-binary,Hispanic,S2,True
e001928,2019-12-24,,Administrative,Male,Asian,M6,False
e001929,2019-12-26,2020-02-20,Sales,Female,Black,S3,True
e001930,2019-12-27,2020-01-20,Sales,Female,Asian,IC2,False
e001931,2019-12-27,2020-07-07,Sales,Female,Asian,M4,False
e001932,2019-12-17,2021-03-15,Production,Male,Hispanic,M7,True
e001933,2019-12-12,2022-06-10,Sales,Male,Black,IC6,True
e001934,2019-12-31,,Sales,Male,Asian,IC1,False
e001935,2019-12-12,2020-02-10,Administrative,Female,Black,S2,True
e001936,2019-12-30,2020-02-24,Production,Female,Asian,IC1,False
e001937,2019-12-23,2024-03-29,Production,Female,White,S2,False
e001938,2019-12-11,2021-06-04,Sales,Male,Asian,S1,False
e001939,2019-12-03,2023-03-22,Production,Male,Asian,IC4,False
e001940,2019-12-31,2021-01-05,Administrative,Male,Hispanic,IC3,True
e001941,2020-01-17,,Production,Female,Black,M4,True
e001942,2020-01-06,2020-11-26,Administrative,Female,Hispanic,S3,True
e001943,2020-01-21,2021-03-29,Administrative,Non-binary,Hispanic,S1,True
e001944,2020-01-08,2024-02-05,Administrative,Male,Hispanic,IC7,True
e001945,2020-01-24,2022-11-02,Sales,Male,Hispanic,IC6,True
e001946,2020-01-24,2022-01-28,Sales,Female,Hispanic,IC1,True
e001947,2020-01-14,2021-05-07,Production,Male,Asian,IC5,False
e001948,2020-01-09,2022-02-07,Sales,Female,Hispanic,S3,True
e001949,2020-01-20,2021-09-14,Sales,Female,Asian,S1,False
e001950,2020-01-30,2021-03-16,Production,Male,Asian,IC1,False
e001951,2020-01-17,2022-04-27,Sales,Male,Hispanic,M6,True
e001952,2020-01-08,2022-11-21,Sales,Female,Hispanic,S1,True
e001953,2020-01-28,2021-07-29,Production,Female,Asian,IC2,False
e001954,2020-01-22,2023-03-09,Production,Female,White,IC7,False
e001955,2020-01-22,2020-02-10,Production,Male,Black,IC5,True
e001956,2020-01-27,2020-10-08,Sales,Female,Black,IC7,True
e001957,2020-01-23,2023-10-03,Sales,Female,Hispanic,IC2,True
e001958,2020-01-20,2023-04-28,Administrative,Non-binary,Asian,S2,False
e001959,2020-01-02,2020-05-14,Administrative,Female,Asian,M6,False
e001960,2020-01-15,2022-04-04,Production,Male,White,M6,False
e001961,2020-01-29,2022-04-13,Production,Male,White,IC2,False
e001962,2020-01-27,2023-02-14,Sales,Non-binary,White,IC7,False
e001963,2020-01-13,2020-02-10,Administrative,Male,Asian,IC9,False
e001964,2020-01-17,2022-02-01,Sales,Male,Hispanic,IC6,True
e001965,2020-01-08,2020-07-22,Production,Female,Hispanic,M4,True
e001966,2020-01-08,2023-07-21,Administrative,Male,Asian,IC4,False
e001967,2020-01-24,2022-11-09,Administrative,Female,Asian,IC3,False
e001968,2020-01-06,2022-11-28,Sales,Female,Black,IC6,True
e001969,2020-01-01,2021-10-07,Sales,Female,White,IC5,False
e001970,2020-01-09,2020-03-23,Administrative,Female,Asian,IC4,False
e001971,2020-01-07,2022-05-20,Administrative,Female,Hispanic,M5,True
e001972,2020-01-20,2023-03-20,Production,Non-binary,Asian,IC2,False
e001973,2020-01-24,2022-01-03,Production,Female,Asian,M6,False
e001974,2020-01-14,2020-07-24,Production,Male,Black,IC4,True
e001975,2020-01-23,2020-11-25,Sales,Female,Hispanic,IC2,True
e001976,2020-01-22,2023-04-19,Sales,Female,Asian,IC1,False
e001977,2020-01-15,2020-06-11,Sales,Female,Asian,IC8,False
e001978,2020-01-16,2020-07-02,Administrative,Female,White,S2,False
e001979,2020-01-27,2022-07-26,Administrative,Male,Black,M4,True
e001980,2020-01-28,2020-05-25,Sales,Female,White,IC1,False
e001981,2020-01-08,2024-04-12,Sales,Female,Hispanic,IC1,True
e001982,2020-01-03,2022-12-29,Production,Female,Asian,S3,False
e001983,2020-01-29,2023-02-07,Administrative,Male,Hispanic,IC5,True
e001984,2020-01-21,2020-07-06,Production,Female,Black,IC4,True
e001985,2020-01-30,2021-03-16,Sales,Female,Hispanic,S3,True
e001986,2020-01-23,2022-01-05,Production,Female,Hispanic,M6,True
e001987,2020-01-08,,Production,Female,Hispanic,M6,True
e001988,2020-01-20,2020-02-24,Sales,Female,Asian,IC2,False
e001989,2020-01-30,2020-08-10,Sales,Non-binary,Hispanic,M5,True
e001990,2020-01-15,2022-04-19,Sales,Male,Hispanic,IC1,True
e001991,2020-01-24,2022-01-14,Sales,Female,White,S1,False
e001992,2020-01-09,,Administrative,Female,White,IC6,False
e001993,2020-02-19,2020-09-23,Production,Non-binary,Asian,IC3,False
e001994,2020-02-26,2020-06-15,Sales,Male,Asian,M6,False
e001995,2020-02-04,2020-07-28,Production,Male,Asian,IC7,False
e001996,2020-02-07,2020-07-09,Sales,Female,Hispanic,M6,True
e001997,2020-02-03,2022-01-18,Sales,Female,Black,M6,True
e001998,2020-02-14,2020-06-18,Production,Female,White,IC2,False
e001999,2020-02-18,2024-03-01,Sales,Female,Asian,IC1,False
e002000,2020-02-25,2021-09-15,Sales,Male,White,IC1,False
e002001,2020-02-03,,Sales,Male,Black,IC2,True
e002002,2020-02-13,2022-08-05,Production,Male,Black,IC6,True
e002003,2020-02-27,2020-06-15,Sales,Non-binary,Asian,IC5,False
e002004,2020-02-24,2021-07-08,Administrative,Male,Hispanic,IC5,True
e002005,2020-03-11,2020-05-19,Production,Non-binary,Asian,IC6,False
e002006,2020-03-26,2022-02-22,Sales,Male,Asian,M5,False
e002007,2020-03-26,2024-02-28,Sales,Male,Black,IC1,True
e002008,2020-03-27,,Sales,Female,Asian,IC6,False
e002009,2020-03-27,2020-11-24,Administrative,Female,Hispanic,S2,True
e002010,2020-03-31,2020-05-19,Sales,Female,Black,S2,True
e002011,2020-03-25,,Administrative,Female,Black,S2,True
e002012,2020-03-12,2020-06-11,Sales,Female,Asian,S2,False
e002013,2020-03-20,2022-02-16,Sales,Female,Asian,S1,False
e002014,2020-03-23,2021-11-12,Sales,Female,Hispanic,S1,True
e002015,2020-03-20,2023-05-22,Production,Male,Black,IC2,True
e002016,2020-03-13,2021-07-02,Production,Male,White,IC2,False
e002017,2020-03-13,2024-05-09,Sales,Male,Black,IC4,True
e002018,2020-03-24,2020-11-04,Production,Male,Black,M5,True
e002019,2020-03-18,,Production,Female,Hispanic,IC6,True
e002020,2020-03-24,2024-02-20,Administrative,Male,White,IC1,False
e002021,2020-03-26,2023-05-08,Sales,Male,Black,S1,True
e002022,2020-03-02,2022-04-11,Production,Male,White,IC3,False
e002023,2020-03-05,2023-09-14,Sales,Female,Black,S1,True
e002024,2020-03-10,2022-06-14,Sales,Male,Black,S3,True
e002025,2020-03-02,2023-05-10,Administrative,Male,Asian,IC8,False
e002026,2020-03-11,2021-03-08,Production,Male,White,IC6,False
e002027,2020-03-17,2020-11-05,Sales,Male,Black,IC4,True
e002028,2020-03-24,2024-02-08,Sales,Female,Black,S2,True
e002029,2020-03-27,2020-08-03,Production,Female,Asian,M7,False
e002030,2020-03-20,2022-02-16,Administrative,Female,Black,S2,True
e002031,2020-03-23,2022-10-05,Production,Female,White,IC3,False
e002032,2020-03-31,2024-03-18,Production,Female,Asian,IC4,False
e002033,2020-03-30,2022-04-04,Administrative,Male,Asian,IC2,False
e002034,2020-03-20,,Production,Female,Hispanic,IC7,True
e002035,2020-03-25,2023-06-29,Administrative,Male,White,IC4,False
e002036,2020-03-12,2021-10-05,Production,Female,Asian,IC2,False
e002037,2020-03-27,2024-02-01,Sales,Female,Hispanic,IC8,True
e002038,2020-03-12,,Sales,Female,White,IC1,False
e002039,2020-03-03,2021-09-28,Administrative,Male,White,IC7,False
e002040,2020-03-09,2020-06-04,Production,Female,Asian,IC6,False
e002041,2020-03-24,,Sales,Female,White,IC3,False
e002042,2020-03-09,,Sales,Male,White,IC6,False
e002043,2020-03-09,2023-07-14,Production,Female,Asian,S2,False
e002044,2020-03-17,2023-07-25,Sales,Male,Black,IC6,True
e002045,2020-03-31,2020-06-29,Administrative,Male,White,S3,False
e002046,2020-03-13,2024-04-16,Administrative,Non-binary,Hispanic,S3,True
e002047,2020-03-09,2024-03-12,Production,Female,Asian,IC4,False
e002048,2020-03-06,2024-03-20,Production,Female,Black,IC3,True
e002049,2020-03-12,2020-06-16,Production,Male,Black,IC1,True
e002050,2020-03-18,2022-07-12,Sales,Male,Hispanic,IC1,True
e002051,2020-03-03,,Sales,Female,Asian,IC5,False
e002052,2020-03-25,2020-05-01,Sales,Female,Asian,IC3,False
e002053,2020-03-19,2022-11-08,Sales,Female,Asian,S2,False
e002054,2020-03-06,2020-06-18,Production,Non-binary,Asian,S3,False
e002055,2020-03-02,2020-10-23,Production,Female,Asian,M5,False
e002056,2020-03-25,,Sales,Male,White,S1,False
e002057,2020-03-23,,Production,Female,White,IC8,False
e002058,2020-03-09,2020-05-18,Sales,Male,Black,S1,True
e002059,2020-03-25,,Production,Female,Asian,S3,False
e002060,2020-03-16,2024-06-24,Administrative,Female,Black,S3,True
e002061,2020-03-31,,Administrative,Female,Hispanic,IC5,True
e002062,2020-03-17,2020-08-26,Administrative,Female,Black,IC1,True
e002063,2020-03-13,2022-04-07,Sales,Female,Asian,M5,False
e002064,2020-03-27,,Sales,Male,Black,IC7,True
e002065,2020-03-31,2023-02-28,Production,Female,Asian,S1,False
e002066,2020-03-18,,Production,Female,Black,IC6,True
e002067,2020-03-06,2021-01-20,Sales,Female,Asian,S3,False
e002068,2020-03-19,2024-06-24,Sales,Female,White,IC2,False
e002069,2020-03-04,2021-09-30,Sales,Male,Hispanic,IC4,True
e002070,2020-03-10,,Sales,Female,Asian,IC7,False
e002071,2020-03-26,2020-07-29,Administrative,Male,Asian,S1,False
e002072,2020-03-04,,Sales,Female,Asian,IC7,False
e002073,2020-03-25,2021-11-09,Administrative,Female,White,S2,False
e002074,2020-03-18,2022-12-13,Administrative,Female,Black,IC6,True
e002075,2020-03-27,2023-03-03,Administrative,Male,White,M6,False
e002076,2020-03-24,2022-12-15,Sales,Male,Asian,S3,False
e002077,2020-03-25,2020-10-13,Administrative,Female,Asian,IC6,False
e002078,2020-03-05,,Sales,Male,Black,S1,True
e002079,2020-03-12,2022-02-01,Administrative,Male,Hispanic,IC3,True
e002080,2020-03-24,2022-12-23,Sales,Male,Asian,M5,False
e002081,2020-03-18,2020-08-11,Sales,Female,Black,IC3,True
e002082,2020-03-10,,Administrative,Female,Asian,IC4,False
e002083,2020-03-12,2020-11-27,Administrative,Female,Hispanic,IC3,True
e002084,2020-03-04,2020-06-24,Administrative,Female,Hispanic,IC3,True
e002085,2020-03-12,,Production,Male,Black,IC6,True
e002086,2020-03-18,2022-08-11,Production,Female,Hispanic,S2,True
e002087,2020-03-13,2021-03-30,Sales,Non-binary,White,IC3,False
e002088,2020-03-12,2021-09-06,Sales,Female,Asian,IC7,False
e002089,2020-03-16,,Administrative,Female,White,M5,False
e002090,2020-03-25,2022-02-15,Administrative,Female,Black,M5,True
e002091,2020-03-10,2020-07-30,Sales,Male,Hispanic,S1,True
e002092,2020-03-20,2023-04-10,Production,Non-binary,Asian,IC7,False
e002093,2020-03-27,2023-11-06,Sales,Male,Hispanic,M4,True
e002094,2020-03-23,2020-07-03,Sales,Female,Asian,S2,False
e002095,2020-03-09,2020-08-26,Production,Male,Black,S2,True
e002096,2020-03-09,2023-09-06,Sales,Non-binary,Asian,IC2,False
e002097,2020-03-13,2023-03-27,Sales,Female,Asian,IC1,False
e002098,2020-03-02,,Administrative,Male,Asian,IC3,False
e002099,2020-03-16,2024-04-08,Administrative,Female,Hispanic,S2,True
e002100,2020-03-27,2020-07-03,Production,Female,Asian,IC4,False
e002101,2020-03-20,2020-10-02,Production,Male,Asian,S1,False
e002102,2020-04-01,,Production,Female,Asian,IC6,False
e002103,2020-04-09,2020-05-26,Production,Male,Black,S2,True
e002104,2020-04-09,2023-07-26,Production,Female,Black,IC7,True
e002105,2020-04-09,2022-01-18,Sales,Female,Black,IC1,True
e002106,2020-04-01,2021-08-13,Administrative,Female,Asian,IC5,False
e002107,2020-04-07,2024-03-08,Sales,Female,White,S3,False
e002108,2020-04-01,,Sales,Male,Asian,S3,False
e002109,2020-04-01,2023-04-28,Sales,Female,White,IC6,False
e002110,2020-04-22,2020-05-20,Sales,Female,White,M6,False
e002111,2020-04-10,2022-07-19,Sales,Female,White,M7,False
e002112,2020-04-27,2023-10-09,Production,Male,Asian,IC9,False
e002113,2020-04-20,2020-07-29,Production,Male,Asian,IC5,False
e002114,2020-04-30,2023-07-20,Administrative,Male,White,S3,False
e002115,2020-04-20,2021-10-14,Sales,Female,Hispanic,S3,True
e002116,2020-04-17,,Administrative,Non-binary,White,IC3,False
e002117,2020-04-20,2024-02-14,Administrative,Male,Asian,M4,False
e002118,2020-04-03,2022-01-12,Sales,Non-binary,Asian,IC3,False
e002119,2020-04-29,2023-07-12,Administrative,Male,Hispanic,IC4,True
e002120,2020-04-30,2021-09-14,Sales,Female,Hispanic,IC4,True
e002121,2020-04-08,,Sales,Male,Black,IC6,True
e002122,2020-04-27,2022-01-19,Sales,Female,Black,IC3,True
e002123,2020-04-27,2020-10-12,Administrative,Female,White,M4,False
e002124,2020-04-02,,Sales,Female,Black,IC5,True
e002125,2020-04-01,2021-03-19,Production,Male,Black,S2,True
e002126,2020-04-30,2022-04-12,Sales,Female,Hispanic,IC2,True
e002127,2020-04-10,,Sales,Male,Hispanic,IC1,True
e002128,2020-04-06,2023-04-25,Administrative,Female,Asian,IC6,False
e002129,2020-04-13,,Administrative,Male,Asian,S2,False
e002130,2020-04-28,2021-07-02,Sales,Male,Asian,IC1,False
e002131,2020-04-13,2020-07-13,Production,Female,White,IC4,False
e002132,2020-04-23,2020-08-21,Sales,Male,White,S1,False
e002133,2020-04-21,2020-05-13,Sales,Female,White,IC1,False
e002134,2020-04-10,2023-05-24,Sales,Non-binary,Asian,IC7,False
e002135,2020-04-10,2021-07-28,Sales,Female,White,IC6,False
e002136,2020-04-07,2021-01-28,Sales,Male,Asian,IC1,False
e002137,2020-04-30,2022-06-21,Production,Male,Hispanic,IC6,True
e002138,2020-04-20,2022-08-01,Sales,Male,Hispanic,M5,True
e002139,2020-04-21,2022-04-18,Sales,Non-binary,Asian,IC5,False
e002140,2020-04-24,2021-10-06,Sales,Male,Asian,IC2,False
e002141,2020-04-24,,Production,Male,Hispanic,S2,True
e002142,2020-04-01,2020-05-20,Production,Female,Asian,IC7,False
e002143,2020-04-24,2023-12-12,Sales,Non-binary,White,M6,False
e002144,2020-04-14,,Administrative,Female,Asian,M5,False
e002145,2020-04-16,,Sales,Female,Asian,IC2,False
e002146,2020-04-06,2020-05-07,Administrative,Female,White,IC9,False
e002147,2020-04-06,2023-04-17,Production,Male,Black,IC3,True
e002148,2020-04-01,2020-07-01,Sales,Male,Hispanic,M5,True
e002149,2020-04-16,2020-07-23,Administrative,Female,Asian,S1,False
e002150,2020-04-14,,Sales,Female,Asian,M9,False
e002151,2020-04-22,,Sales,Male,Asian,IC7,False
e002152,2020-04-14,2020-06-08,Production,Female,Hispanic,IC8,True
e002153,2020-04-24,,Production,Female,Hispanic,IC2,True
e002154,2020-04-08,2020-06-01,Administrative,Female,Hispanic,IC1,True
e002155,2020-04-10,2020-10-21,Administrative,Male,Asian,S1,False
e002156,2020-04-08,2022-04-21,Sales,Male,Asian,IC6,False
e002157,2020-04-01,2021-01-27,Administrative,Male,Asian,IC3,False
e002158,2020-04-09,,Production,Female,White,S2,False
e002159,2020-04-14,2023-07-10,Sales,Female,Hispanic,IC2,True
e002160,2020-04-02,2022-10-18,Sales,Female,Hispanic,IC3,True
e002161,2020-04-08,2023-12-04,Production,Male,White,S2,False
e002162,2020-04-06,2022-11-29,Production,Male,Asian,IC7,False
e002163,2020-04-14,,Production,Male,Black,IC6,True
e002164,2020-04-27,2022-02-02,Administrative,Male,Asian,IC1,False
e002165,2020-04-14,2021-07-08,Sales,Female,Black,S3,True
e002166,2020-04-10,2020-05-18,Administrative,Female,Asian,M4,False
e002167,2020-04-30,2021-08-09,Sales,Female,Asian,IC7,False
e002168,2020-05-27,2020-06-04,Sales,Non-binary,Asian,IC9,False
e002169,2020-05-18,2023-03-23,Administrative,Non-binary,White,M4,False
e002170,2020-06-03,2022-04-22,Sales,Female,Asian,IC5,False
e002171,2020-06-17,2023-03-30,Sales,Male,White,IC7,False
e002172,2020-06-05,2023-01-25,Administrative,Male,Asian,IC6,False
e002173,2020-06-01,2023-04-10,Sales,Female,Black,S1,True
e002174,2020-06-23,,Administrative,Female,White,M4,False
e002175,2020-06-11,2021-12-07,Sales,Male,Asian,IC4,False
e002176,2020-06-11,2022-02-03,Sales,Female,Asian,M5,False
e002177,2020-06-11,2023-06-22,Administrative,Male,Asian,S3,False
e002178,2020-06-19,2021-03-29,Production,Non-binary,White,IC1,False
e002179,2020-06-10,,Production,Female,Asian,IC2,False
e002180,2020-06-09,,Production,Female,White,IC1,False
e002181,2020-06-24,2022-10-11,Sales,Female,White,IC8,False
e002182,2020-06-01,2022-11-17,Sales,Male,White,M5,False
e002183,2020-06-03,2020-09-10,Sales,Female,Asian,S1,False
e002184,2020-06-17,2021-09-17,Sales,Male,Black,IC2,True
e002185,2020-06-22,2023-04-05,Production,Male,White,S2,False
e002186,2020-06-23,2020-07-21,Production,Male,White,M6,False
e002187,2020-06-08,,Sales,Female,Black,M9,True
e002188,2020-06-05,2022-02-23,Administrative,Female,Asian,IC5,False
e002189,2020-06-12,2024-03-22,Sales,Female,Black,M4,True
e002190,2020-06-30,2020-07-08,Administrative,Female,White,S1,False
e002191,2020-06-18,2022-02-15,Production,Male,Asian,M4,False
e002192,2020-06-29,2023-03-02,Sales,Female,Black,IC5,True
e002193,2020-06-17,2024-03-29,Sales,Female,Black,S2,True
e002194,2020-06-26,,Production,Male,Black,IC7,True
e002195,2020-06-01,2023-03-28,Production,Male,Black,S3,True
e002196,2020-06-02,2021-12-30,Sales,Female,White,M4,False
e002197,2020-06-23,2021-11-12,Administrative,Male,White,IC4,False
e002198,2020-06-16,2021-10-01,Sales,Female,Asian,IC2,False
e002199,2020-06-30,2021-05-24,Administrative,Male,Asian,IC8,False
e002200,2020-06-09,2022-05-12,Sales,Male,Asian,S3,False
e002201,2020-06-18,,Sales,Female,Asian,S1,False
e002202,2020-06-03,2021-01-11,Sales,Male,Hispanic,IC6,True
e002203,2020-06-29,2021-03-17,Production,Male,Black,IC1,True
e002204,2020-06-24,2024-05-28,Production,Male,Asian,M6,False
e002205,2020-06-24,,Production,Male,Asian,IC4,False
e002206,2020-06-08,2020-07-01,Administrative,Male,Asian,S1,False
e002207,2020-06-30,2023-06-23,Production,Female,White,IC6,False
e002208,2020-06-25,2022-04-04,Sales,Male,Asian,S3,False
e002209,2020-06-22,2021-01-19,Production,Female,White,IC8,False
e002210,2020-06-03,,Sales,Female,Hispanic,IC1,True
e002211,2020-06-02,2021-01-13,Sales,Male,Asian,IC1,False
e002212,2020-06-11,2021-08-24,Administrative,Male,Asian,M5,False
e002213,2020-06-15,2022-11-17,Sales,Female,Black,M4,True
e002214,2020-06-04,2022-07-20,Sales,Female,Hispanic,IC6,True
e002215,2020-06-09,2023-07-31,Administrative,Female,Black,S3,True
e002216,2020-06-23,2024-04-04,Production,Male,Asian,M6,False
e002217,2020-06-16,2022-06-21,Sales,Male,Asian,M6,False
e002218,2020-06-16,2024-02-15,Production,Female,White,IC2,False
e002219,2020-06-24,2023-12-25,Production,Male,Black,IC2,True
e002220,2020-06-04,2022-07-07,Production,Male,Hispanic,M5,True
e002221,2020-06-08,2020-09-21,Sales,Male,Black,IC4,True
e002222,2020-06-12,2024-03-04,Production,Female,Asian,IC6,False
e002223,2020-06-15,2020-07-17,Administrative,Non-binary,Asian,IC8,False
e002224,2020-06-24,2024-01-02,Sales,Female,Asian,S1,False
e002225,2020-06-23,2021-10-28,Production,Male,Black,IC7,True
e002226,2020-06-30,2020-07-30,Sales,Male,White,IC7,False
e002227,2020-06-19,2022-10-24,Sales,Male,White,IC4,False
e002228,2020-06-02,2023-02-13,Sales,Female,Asian,IC7,False
e002229,2020-06-18,2024-05-17,Production,Female,White,S2,False
e002230,2020-07-15,,Production,Female,Black,M8,True
e002231,2020-07-02,2020-08-27,Administrative,Male,Black,M5,True
e002232,2020-07-20,2024-11-07,Production,Female,Asian,S3,False
e002233,2020-07-16,2021-03-17,Sales,Female,Asian,M4,False
e002234,2020-07-22,2022-04-04,Sales,Male,Black,S3,True
e002235,2020-07-22,2022-02-25,Sales,Male,White,IC2,False
e002236,2020-07-07,2024-01-15,Administrative,Female,Black,IC7,True
e002237,2020-07-20,2024-06-04,Administrative,Male,Hispanic,IC3,True
e002238,2020-07-31,2021-08-03,Administrative,Male,White,IC4,False
e002239,2020-07-02,2021-06-21,Sales,Male,Asian,IC1,False
e002240,2020-07-30,,Administrative,Male,White,IC5,False
e002241,2020-07-31,2023-03-08,Sales,Female,Asian,IC4,False
e002242,2020-07-23,2023-04-10,Sales,Female,Hispanic,M7,True
e002243,2020-07-03,2020-11-26,Sales,Female,Hispanic,S3,True
e002244,2020-07-02,,Sales,Male,White,IC4,False
e002245,2020-07-09,2020-10-05,Administrative,Female,Black,IC2,True
e002246,2020-07-16,2023-05-09,Sales,Male,Asian,S3,False
e002247,2020-07-14,2024-06-20,Sales,Female,Black,M8,True
e002248,2020-07-06,2022-12-06,Production,Male,Asian,IC5,False
e002249,2020-07-17,2020-11-04,Sales,Male,White,S1,False
e002250,2020-07-02,,Administrative,Female,White,M6,False
e002251,2020-07-21,2021-07-21,Administrative,Male,White,M5,False
e002252,2020-07-20,2020-08-05,Sales,Non-binary,White,M4,False
e002253,2020-07-23,2020-08-05,Administrative,Female,Black,IC2,True
e002254,2020-07-01,,Sales,Female,Black,S2,True
e002255,2020-07-22,2022-05-12,Administrative,Female,Asian,IC2,False
e002256,2020-07-07,2024-04-05,Administrative,Female,Asian,S3,False
e002257,2020-07-24,2023-10-30,Sales,Female,Asian,S2,False
e002258,2020-07-28,2020-08-19,Production,Female,Asian,IC2,False
e002259,2020-07-13,2021-10-11,Sales,Female,Asian,M6,False
e002260,2020-07-20,2021-01-12,Sales,Non-binary,Asian,S1,False
e002261,2020-07-23,2021-03-29,Production,Female,Black,IC4,True
e002262,2020-07-31,2024-11-27,Administrative,Male,White,M4,False
e002263,2020-07-27,2021-03-22,Administrative,Male,Asian,IC6,False
e002264,2020-07-15,2022-10-27,Administrative,Male,White,IC2,False
e002265,2020-07-02,2023-02-23,Sales,Female,Asian,IC6,False
e002266,2020-07-22,2024-02-13,Administrative,Male,White,IC2,False
e002267,2020-07-24,2021-08-17,Sales,Male,Asian,S1,False
e002268,2020-07-10,2020-08-13,Administrative,Male,White,IC4,False
e002269,2020-07-20,,Administrative,Female,White,S1,False
e002270,2020-07-02,,Production,Female,Asian,IC2,False
e002271,2020-07-07,2022-12-14,Sales,Female,Asian,S2,False
e002272,2020-07-15,2023-04-26,Administrative,Female,Black,M4,True
e002273,2020-07-10,,Administrative,Female,Hispanic,M5,True
e002274,2020-07-22,,Sales,Male,Asian,IC1,False
e002275,2020-07-20,2020-08-07,Production,Male,White,IC2,False
e002276,2020-07-30,2022-06-23,Sales,Female,Asian,IC6,False
e002277,2020-07-03,2021-03-18,Sales,Male,Black,IC6,True
e002278,2020-07-27,2022-11-02,Sales,Female,White,IC2,False
e002279,2020-07-17,,Sales,Male,White,S1,False
e002280,2020-07-03,2021-01-05,Production,Female,Hispanic,M6,True
e002281,2020-07-21,2024-02-09,Production,Female,Asian,S1,False
e002282,2020-07-15,2020-10-21,Administrative,Male,Black,IC8,True
e002283,2020-07-17,2022-07-28,Sales,Female,Hispanic,M6,True
e002284,2020-07-30,2022-11-02,Administrative,Male,Asian,IC6,False
e002285,2020-07-03,,Administrative,Female,Black,IC4,True
e002286,2020-07-09,2023-04-04,Production,Male,White,IC2,False
e002287,2020-07-10,2021-08-12,Sales,Female,Black,IC4,True
e002288,2020-07-28,2022-10-19,Sales,Female,Hispanic,S3,True
e002289,2020-07-21,2020-11-30,Production,Non-binary,Black,M5,True
e002290,2020-07-14,2021-10-19,Sales,Male,Asian,IC1,False
e002291,2020-07-07,2023-12-06,Administrative,Male,Black,IC4,True
e002292,2020-07-13,2021-10-11,Sales,Male,Asian,IC4,False
e002293,2020-07-31,2021-03-15,Administrative,Female,Hispanic,M5,True
e002294,2020-07-23,,Sales,Female,Black,IC1,True
e002295,2020-07-31,2024-04-17,Sales,Female,Asian,M6,False
e002296,2020-07-28,,Sales,Female,White,IC1,False
e002297,2020-07-03,2023-06-26,Administrative,Female,Black,IC6,True
e002298,2020-07-07,2024-05-23,Production,Male,Black,M4,True
e002299,2020-07-10,2020-10-19,Administrative,Male,Black,S1,True
e002300,2020-07-20,,Administrative,Female,Hispanic,S2,True
e002301,2020-07-06,2022-02-16,Sales,Female,Asian,M5,False
e002302,2020-07-31,,Sales,Female,Asian,IC5,False
e002303,2020-07-02,2023-11-16,Production,Non-binary,White,S3,False
e002304,2020-08-04,2020-11-23,Sales,Female,Asian,S1,False
e002305,2020-08-25,,Sales,Female,Asian,IC2,False
e002306,2020-08-13,,Administrative,Female,White,IC3,False
e002307,2020-08-10,2023-04-13,Production,Female,Asian,M4,False
e002308,2020-08-17,2021-01-04,Sales,Male,Asian,IC2,False
e002309,2020-08-25,,Production,Female,Asian,S2,False
e002310,2020-08-27,,Administrative,Female,White,IC7,False
e002311,2020-08-21,,Sales,Female,Black,IC6,True
e002312,2020-08-27,2024-04-09,Production,Male,White,IC6,False
e002313,2020-08-20,2024-06-28,Sales,Female,White,IC6,False
e002314,2020-08-18,2022-04-01,Sales,Non-binary,Hispanic,S3,True
e002315,2020-08-27,2020-10-26,Production,Male,Asian,IC6,False
e002316,2020-08-20,2023-02-14,Sales,Female,Hispanic,IC6,True
e002317,2020-08-10,2022-10-24,Production,Female,Asian,M6,False
e002318,2020-08-17,2023-06-27,Administrative,Female,Asian,IC5,False
e002319,2020-08-14,2024-06-07,Sales,Female,Asian,IC6,False
e002320,2020-08-31,,Sales,Female,Asian,M5,False
e002321,2020-08-20,2022-11-16,Administrative,Female,Hispanic,S1,True
e002322,2020-08-19,2020-10-09,Production,Male,Black,IC7,True
e002323,2020-08-21,,Sales,Female,Asian,IC1,False
e002324,2020-08-14,2021-07-19,Administrative,Female,Asian,IC2,False
e002325,2020-08-10,,Sales,Female,Asian,S1,False
e002326,2020-08-21,,Administrative,Female,White,IC3,False
e002327,2020-08-11,2023-02-27,Administrative,Female,Asian,M4,False
e002328,2020-08-19,2023-03-08,Sales,Male,Black,S3,True
e002329,2020-08-19,2023-09-12,Administrative,Female,Hispanic,IC2,True
e002330,2020-08-24,2021-12-07,Administrative,Male,Asian,IC4,False
e002331,2020-08-21,2021-01-11,Sales,Female,Black,IC6,True
e002332,2020-08-03,2022-01-06,Production,Female,Hispanic,IC2,True
e002333,2020-08-10,,Sales,Female,Hispanic,S1,True
e002334,2020-08-17,2021-03-03,Sales,Female,Black,IC3,True
e002335,2020-08-20,2023-04-25,Production,Male,Asian,IC2,False
e002336,2020-08-19,2020-10-08,Production,Male,Hispanic,S1,True
e002337,2020-08-07,2022-01-28,Sales,Male,Black,S2,True
e002338,2020-08-17,,Production,Male,Hispanic,IC3,True
e002339,2020-08-27,2021-03-30,Sales,Female,Asian,S3,False
e002340,2020-08-06,2021-03-04,Production,Male,Asian,IC2,False
e002341,2020-08-11,2023-02-07,Sales,Female,Asian,S2,False
e002342,2020-08-26,2023-12-11,Production,Non-binary,White,S3,False
e002343,2020-08-06,2021-08-06,Administrative,Female,White,S2,False
e002344,2020-08-12,2021-01-18,Sales,Female,Asian,IC6,False
e002345,2020-08-12,2023-07-21,Administrative,Female,Hispanic,S2,True
e002346,2020-08-11,2022-11-16,Sales,Female,Hispanic,M6,True
e002347,2020-08-06,2023-09-11,Administrative,Male,Asian,M5,False
e002348,2020-08-28,,Sales,Non-binary,Asian,S1,False
e002349,2020-08-18,,Administrative,Male,Hispanic,IC2,True
e002350,2020-08-21,2022-07-26,Sales,Male,White,IC1,False
e002351,2020-08-11,2021-07-09,Production,Female,Asian,IC5,False
e002352,2020-08-21,2022-01-21,Production,Male,Black,S2,True
e002353,2020-08-27,2021-07-16,Administrative,Male,Asian,IC6,False
e002354,2020-08-13,,Administrative,Male,Black,IC8,True
e002355,2020-08-25,2020-10-29,Sales,Male,Black,M4,True
e002356,2020-08-26,2020-11-17,Sales,Female,Black,S3,True
e002357,2020-08-31,2020-10-15,Production,Female,Hispanic,IC3,True
e002358,2020-08-17,2023-02-28,Sales,Female,White,S1,False
e002359,2020-08-28,2020-10-01,Sales,Female,Hispanic,S2,True
e002360,2020-08-24,2022-02-04,Production,Female,Asian,IC2,False
e002361,2020-08-12,2022-06-28,Sales,Female,Asian,S1,False
e002362,2020-08-17,2021-03-18,Sales,Male,Asian,S2,False
e002363,2020-08-14,2022-10-06,Sales,Female,Hispanic,S3,True
e002364,2020-08-11,2022-02-22,Production,Male,White,IC2,False
e002365,2020-08-14,2022-02-15,Sales,Female,Black,IC1,True
e002366,2020-09-21,2023-07-11,Sales,Female,Hispanic,IC3,True
e002367,2020-09-15,2024-02-09,Administrative,Female,White,M4,False
e002368,2020-09-04,2021-01-25,Sales,Female,Asian,S2,False
e002369,2020-09-18,2022-11-10,Administrative,Female,Black,IC4,True
e002370,2020-09-21,2021-08-31,Sales,Non-binary,White,IC3,False
e002371,2020-09-22,2023-06-30,Administrative,Non-binary,White,IC3,False
e002372,2020-09-10,2022-04-28,Sales,Male,Asian,S2,False
e002373,2020-09-29,,Sales,Male,White,S3,False
e002374,2020-09-24,,Production,Non-binary,White,IC6,False
e002375,2020-09-11,2022-02-07,Administrative,Female,Asian,IC8,False
e002376,2020-09-07,2022-12-30,Administrative,Female,Black,S2,True
e002377,2020-09-03,2021-07-21,Sales,Female,Hispanic,IC3,True
e002378,2020-09-08,2023-06-07,Sales,Female,Black,S1,True
e002379,2020-09-17,,Production,Female,Hispanic,IC4,True
e002380,2020-09-29,2023-03-31,Production,Male,Black,S1,True
e002381,2020-09-28,,Sales,Female,Asian,IC3,False
e002382,2020-09-10,2023-04-24,Sales,Female,Asian,IC2,False
e002383,2020-09-18,2022-05-02,Production,Male,White,IC4,False
e002384,2020-09-15,2024-04-23,Production,Female,White,S1,False
e002385,2020-09-28,2022-08-11,Sales,Male,Black,IC3,True
e002386,2020-09-09,2023-06-02,Production,Female,Asian,M5,False
e002387,2020-09-16,2021-03-25,Administrative,Female,Asian,IC1,False
e002388,2020-09-23,2021-07-30,Sales,Male,Black,S2,True
e002389,2020-09-03,2023-06-19,Sales,Non-binary,Black,M4,True
e002390,2020-09-15,2022-05-20,Sales,Male,Asian,IC5,False
e002391,2020-09-17,2022-02-24,Sales,Female,White,S2,False
e002392,2020-09-24,2024-10-24,Production,Male,Black,S2,True
e002393,2020-09-03,,Production,Female,Asian,IC8,False
e002394,2020-09-30,,Sales,Female,Black,IC4,True
e002395,2020-09-07,2021-01-28,Administrative,Female,Asian,M5,False
e002396,2020-09-22,2023-06-16,Production,Female,White,IC3,False
e002397,2020-09-01,2022-06-06,Administrative,Male,White,IC2,False
e002398,2020-09-01,2022-04-05,Sales,Female,Hispanic,IC1,True
e002399,2020-10-20,,Administrative,Female,Black,S2,True
e002400,2020-10-30,2022-07-21,Sales,Male,Black,IC3,True
e002401,2020-10-28,2022-07-08,Sales,Female,White,S3,False
e002402,2020-10-13,2021-03-10,Sales,Female,White,IC3,False
e002403,2020-10-26,2022-04-21,Sales,Non-binary,Asian,IC5,False
e002404,2020-10-02,2024-04-12,Production,Female,Asian,M6,False
e002405,2020-10-29,2023-01-26,Sales,Male,Asian,IC4,False
e002406,2020-10-30,2021-10-28,Sales,Female,White,S1,False
e002407,2020-10-27,2022-02-09,Administrative,Female,Asian,IC6,False
e002408,2020-10-22,2021-07-20,Administrative,Male,Hispanic,IC6,True
e002409,2020-10-22,2022-01-26,Production,Male,Asian,IC1,False
e002410,2020-10-22,,Sales,Female,Asian,IC5,False
e002411,2020-10-12,2022-05-24,Sales,Male,White,S1,False
e002412,2020-10-20,2022-05-02,Administrative,Female,Black,IC6,True
e002413,2020-10-15,2022-04-25,Sales,Non-binary,Asian,IC1,False
e002414,2020-10-21,2023-03-10,Administrative,Male,White,S1,False
e002415,2020-10-08,,Sales,Male,Asian,IC5,False
e002416,2020-10-15,2023-03-24,Administrative,Male,Black,IC6,True
e002417,2020-10-14,2023-02-28,Administrative,Female,Asian,IC5,False
e002418,2020-10-30,,Administrative,Non-binary,Asian,IC2,False
e002419,2020-10-02,2023-10-10,Sales,Female,White,S2,False
e002420,2020-10-26,2022-04-04,Production,Male,White,S1,False
e002421,2020-10-06,,Sales,Male,Asian,S2,False
e002422,2020-10-19,2022-02-28,Sales,Female,Asian,M4,False
e002423,2020-10-13,,Sales,Female,Hispanic,IC2,True
e002424,2020-10-05,2022-04-08,Sales,Male,White,M5,False
e002425,2020-10-07,2022-11-04,Sales,Female,Asian,IC6,False
e002426,2020-10-23,2024-04-18,Sales,Male,Hispanic,IC4,True
e002427,2020-10-30,2021-03-15,Administrative,Female,Asian,IC2,False
e002428,2020-10-15,,Sales,Male,Black,IC3,True
e002429,2020-10-16,,Sales,Female,Asian,M8,False
e002430,2020-10-09,2022-04-25,Production,Female,Asian,S2,False
e002431,2020-11-12,2024-10-29,Production,Female,White,IC3,False
e002432,2020-11-26,,Production,Female,Asian,M4,False
e002433,2020-11-20,2024-10-07,Administrative,Non-binary,White,S2,False
e002434,2020-11-04,2022-02-21,Sales,Female,White,M4,False
e002435,2020-11-16,2021-03-04,Production,Female,White,IC4,False
e002436,2020-11-11,2023-04-11,Administrative,Male,White,IC8,False
e002437,2020-11-24,2023-02-08,Production,Female,Hispanic,S1,True
e002438,2020-11-18,2024-02-13,Production,Male,Asian,IC4,False
e002439,2020-11-13,2022-11-25,Administrative,Female,Asian,M7,False
e002440,2020-11-09,2023-02-08,Sales,Male,Asian,IC1,False
e002441,2020-11-24,2023-11-24,Sales,Female,Asian,IC7,False
e002442,2020-11-18,2021-01-14,Production,Female,Black,IC4,True
e002443,2020-11-17,2023-04-25,Administrative,Female,White,S3,False
e002444,2020-11-23,2024-03-20,Sales,Female,Hispanic,IC5,True
e002445,2020-11-10,,Administrative,Female,Black,IC3,True
e002446,2020-11-27,2022-01-21,Production,Female,Asian,IC1,False
e002447,2020-11-17,2022-12-19,Administrative,Male,Black,IC9,True
e002448,2020-11-09,2023-06-01,Production,Female,Hispanic,IC9,True
e002449,2020-11-11,,Sales,Female,White,IC6,False
e002450,2020-11-26,2021-01-15,Production,Female,Asian,S1,False
e002451,2020-11-09,,Production,Male,Hispanic,IC2,True
e002452,2020-11-23,2022-12-29,Sales,Female,Black,M5,True
e002453,2020-11-10,2022-06-30,Sales,Female,Hispanic,S2,True
e002454,2020-11-20,2023-09-01,Administrative,Female,White,M7,False
e002455,2020-11-10,2022-05-30,Production,Male,Asian,S2,False
e002456,2020-11-17,2022-12-13,Administrative,Female,Asian,S3,False
e002457,2020-11-20,2021-10-08,Sales,Female,Asian,S2,False
e002458,2020-11-05,2021-08-11,Sales,Female,Hispanic,IC5,True
e002459,2020-11-30,2022-01-10,Production,Female,Asian,IC1,False
e002460,2020-11-12,,Administrative,Male,Asian,IC4,False
e002461,2020-11-27,,Production,Male,Hispanic,S2,True
e002462,2020-11-23,,Sales,Female,White,IC5,False
e002463,2020-11-13,2023-03-13,Production,Male,White,IC2,False
e002464,2020-11-11,,Administrative,Female,Hispanic,S1,True
e002465,2020-11-25,2022-05-04,Sales,Female,Black,S3,True
e002466,2020-11-03,2021-10-04,Production,Female,Black,S2,True
e002467,2020-11-12,2021-07-09,Production,Female,Asian,IC3,False
e002468,2020-11-13,2022-12-28,Production,Male,Hispanic,S3,True
e002469,2020-11-23,2023-12-22,Administrative,Male,Asian,S3,False
e002470,2020-11-03,2023-04-27,Sales,Female,Hispanic,IC5,True
e002471,2020-11-20,,Production,Male,Asian,S2,False
e002472,2020-11-27,2021-10-08,Administrative,Female,Asian,S2,False
e002473,2020-11-06,2024-04-05,Production,Female,Hispanic,S1,True
e002474,2020-11-23,2023-09-06,Production,Male,Asian,IC5,False
e002475,2020-11-23,,Administrative,Female,Hispanic,IC3,True
e002476,2020-11-24,2022-02-09,Sales,Male,Asian,IC4,False
e002477,2020-11-20,2022-11-23,Production,Female,White,IC4,False
e002478,2020-11-09,2023-03-21,Production,Female,Asian,S2,False
e002479,2020-11-24,2022-11-02,Sales,Male,Asian,S2,False
e002480,2020-11-23,,Production,Female,Asian,S3,False
e002481,2020-11-04,,Sales,Female,Hispanic,IC9,True
e002482,2020-11-24,,Administrative,Female,Asian,IC1,False
e002483,2020-11-02,2022-11-28,Sales,Female,Asian,S1,False
e002484,2020-11-09,2022-05-17,Administrative,Male,White,M4,False
e002485,2020-11-30,2021-01-04,Sales,Non-binary,Asian,S1,False
e002486,2020-11-13,2022-11-09,Production,Male,Black,IC1,True
e002487,2020-11-13,2022-07-26,Sales,Female,Asian,IC1,False
e002488,2020-11-02,2024-04-29,Administrative,Female,White,IC7,False
e002489,2020-11-10,,Administrative,Female,Asian,S1,False
e002490,2020-11-30,2024-05-15,Administrative,Male,Black,S1,True
e002491,2020-11-13,,Production,Male,Black,IC3,True
e002492,2020-11-25,2021-09-09,Production,Male,White,IC6,False
e002493,2020-11-11,2021-03-02,Sales,Male,White,IC4,False
e002494,2020-11-23,,Production,Female,Black,S2,True
e002495,2020-12-16,2022-10-11,Sales,Female,Black,S3,True
e002496,2020-12-17,,Production,Female,Asian,IC4,False
e002497,2020-12-14,2023-03-21,Production,Female,Black,IC2,True
e002498,2020-12-29,2023-12-28,Sales,Male,Asian,IC7,False
e002499,2020-12-07,,Sales,Non-binary,White,IC6,False
e002500,2020-12-04,2022-06-07,Sales,Female,Asian,IC6,False
e002501,2020-12-30,2021-10-11,Administrative,Male,Asian,M4,False
e002502,2020-12-10,2022-04-26,Sales,Male,Asian,IC3,False
e002503,2020-12-30,2022-02-21,Sales,Female,Hispanic,S2,True
e002504,2020-12-21,2021-03-02,Administrative,Non-binary,Black,IC5,True
e002505,2020-12-22,2021-03-09,Production,Female,White,IC7,False
e002506,2020-12-08,2021-03-02,Production,Female,Hispanic,IC2,True
e002507,2020-12-21,,Administrative,Male,Asian,S1,False
e002508,2020-12-02,2022-05-31,Sales,Male,Asian,S3,False
e002509,2020-12-30,2023-03-30,Administrative,Female,White,M5,False
e002510,2020-12-14,2022-04-12,Production,Male,Asian,IC4,False
e002511,2020-12-03,2024-04-01,Sales,Female,Asian,IC5,False
e002512,2020-12-18,,Sales,Male,Black,S3,True
e002513,2020-12-04,2022-04-13,Sales,Female,Hispanic,IC7,True
e002514,2020-12-07,2021-01-08,Sales,Non-binary,Black,IC5,True
e002515,2020-12-04,2022-10-25,Production,Female,Hispanic,S1,True
e002516,2020-12-08,2022-05-09,Administrative,Female,White,IC5,False
e002517,2020-12-29,2023-07-31,Administrative,Female,Black,IC3,True
e002518,2020-12-25,2023-05-01,Sales,Male,Asian,IC4,False
e002519,2020-12-02,,Sales,Female,Hispanic,IC1,True
e002520,2020-12-10,,Production,Female,Asian,S3,False
e002521,2020-12-28,,Production,Female,Asian,IC3,False
e002522,2020-12-09,2023-12-22,Production,Male,Black,IC4,True
e002523,2020-12-16,2021-01-08,Production,Non-binary,Asian,IC1,False
e002524,2020-12-01,,Sales,Non-binary,White,IC1,False
e002525,2020-12-23,2021-01-12,Administrative,Male,Black,IC8,True
e002526,2020-12-23,2021-12-23,Sales,Male,White,IC2,False
e002527,2020-12-22,2022-04-06,Administrative,Female,Asian,M5,False
e002528,2020-12-25,2021-03-30,Administrative,Female,Asian,IC7,False
e002529,2020-12-22,2021-03-05,Administrative,Male,Asian,IC5,False
e002530,2020-12-09,2022-04-21,Administrative,Male,White,IC2,False
e002531,2020-12-30,,Sales,Female,Asian,IC5,False
e002532,2020-12-29,,Administrative,Male,Black,IC6,True
e002533,2020-12-31,2023-03-20,Administrative,Female,Hispanic,IC2,True
e002534,2020-12-17,,Production,Female,Asian,IC1,False
e002535,2021-01-01,2022-10-03,Sales,Non-binary,Asian,IC7,False
e002536,2021-01-21,,Production,Male,White,IC6,False
e002537,2021-01-04,,Sales,Female,White,S1,False
e002538,2021-01-26,,Production,Female,Asian,S1,False
e002539,2021-01-05,2024-04-04,Sales,Male,Asian,IC3,False
e002540,2021-01-06,2022-02-22,Production,Female,Asian,M6,False
e002541,2021-01-08,2022-02-04,Sales,Male,Hispanic,M5,True
e002542,2021-01-05,2023-01-27,Production,Female,Hispanic,S1,True
e002543,2021-01-05,2023-03-24,Production,Female,Asian,IC2,False
e002544,2021-01-15,2021-03-24,Administrative,Female,Asian,IC6,False
e002545,2021-01-01,2023-07-11,Sales,Female,White,IC7,False
e002546,2021-01-04,2023-06-01,Administrative,Female,Asian,IC4,False
e002547,2021-01-21,2022-02-16,Sales,Female,Black,S1,True
e002548,2021-01-28,2021-05-31,Sales,Male,Asian,IC8,False
e002549,2021-01-20,2023-12-27,Sales,Female,Black,IC3,True
e002550,2021-01-21,2023-10-19,Sales,Non-binary,White,IC2,False
e002551,2021-01-18,2024-05-22,Production,Male,Asian,IC3,False
e002552,2021-01-27,2021-07-29,Sales,Female,Hispanic,S3,True
e002553,2021-01-05,2023-03-29,Sales,Male,Hispanic,IC4,True
e002554,2021-01-08,2022-05-25,Administrative,Female,Asian,IC4,False
e002555,2021-01-21,2023-10-16,Sales,Male,Hispanic,IC5,True
e002556,2021-01-13,,Administrative,Male,Black,IC2,True
e002557,2021-01-11,2023-02-01,Production,Male,White,IC3,False
e002558,2021-01-14,2022-08-02,Sales,Female,Asian,IC1,False
e002559,2021-01-04,2021-05-31,Sales,Male,Hispanic,IC2,True
e002560,2021-01-14,2023-05-12,Administrative,Male,Black,M4,True
e002561,2021-01-27,2022-01-07,Administrative,Female,Asian,IC1,False
e002562,2021-01-13,2023-09-28,Sales,Male,White,IC4,False
e002563,2021-01-15,2022-12-15,Sales,Female,Asian,IC1,False
e002564,2021-01-29,2024-11-18,Sales,Male,White,S1,False
e002565,2021-01-28,,Administrative,Female,Black,S3,True
e002566,2021-01-01,2022-01-21,Administrative,Female,Black,S3,True
e002567,2021-01-07,2021-03-08,Administrative,Male,Hispanic,IC3,True
e002568,2021-01-15,2022-02-16,Sales,Female,Asian,IC4,False
e002569,2021-01-25,2022-02-14,Production,Female,Hispanic,M4,True
e002570,2021-01-12,2021-03-08,Administrative,Non-binary,Hispanic,S3,True
e002571,2021-01-07,2024-10-07,Administrative,Female,White,IC6,False
e002572,2021-01-04,2023-04-14,Sales,Male,Hispanic,S1,True
e002573,2021-01-04,,Sales,Female,Asian,IC2,False
e002574,2021-01-08,2022-07-13,Sales,Male,Black,M8,True
e002575,2021-01-14,2023-05-22,Sales,Female,Asian,IC3,False
e002576,2021-01-11,2024-01-29,Administrative,Male,White,IC1,False
e002577,2021-01-07,2024-09-19,Production,Male,Hispanic,S2,True
e002578,2021-01-27,2024-05-15,Sales,Female,Asian,IC3,False
e002579,2021-01-27,2023-02-20,Sales,Male,Black,IC6,True
e002580,2021-01-13,2021-08-12,Production,Female,White,IC1,False
e002581,2021-01-22,2021-10-07,Production,Female,Black,IC1,True
e002582,2021-01-29,2023-05-09,Sales,Female,Black,IC2,True
e002583,2021-01-06,2021-05-04,Sales,Female,Asian,S1,False
e002584,2021-01-01,2023-12-29,Production,Female,Black,IC4,True
e002585,2021-01-01,,Administrative,Male,White,M4,False
e002586,2021-01-11,2021-10-29,Administrative,Male,Hispanic,IC3,True
e002587,2021-01-15,2024-04-18,Administrative,Non-binary,Asian,IC2,False
e002588,2021-01-08,2023-06-09,Sales,Female,Asian,IC7,False
e002589,2021-01-01,,Production,Female,Asian,IC3,False
e002590,2021-01-25,2022-04-18,Production,Female,Black,IC4,True
e002591,2021-01-28,2022-10-10,Production,Female,Hispanic,M5,True
e002592,2021-01-06,2021-10-21,Sales,Male,Hispanic,IC3,True
e002593,2021-01-22,2021-03-02,Sales,Male,White,S1,False
e002594,2021-01-11,,Sales,Female,Black,IC7,True
e002595,2021-01-01,,Administrative,Male,White,S3,False
e002596,2021-01-12,2024-05-09,Administrative,Female,Black,S2,True
e002597,2021-01-04,,Administrative,Male,Asian,IC6,False
e002598,2021-01-15,,Administrative,Male,White,IC3,False
e002599,2021-01-25,2021-05-11,Production,Female,Black,S3,True
e002600,2021-01-15,,Administrative,Male,White,S3,False
e002601,2021-01-12,2024-02-05,Sales,Male,White,IC2,False
e002602,2021-01-04,2024-04-16,Sales,Male,Asian,IC6,False
e002603,2021-01-04,2022-11-21,Sales,Male,White,IC9,False
e002604,2021-01-20,2023-01-18,Production,Female,Black,M5,True
e002605,2021-01-25,2022-07-05,Sales,Male,White,S3,False
e002606,2021-01-01,2023-02-13,Sales,Female,Hispanic,IC3,True
e002607,2021-01-11,,Administrative,Female,Asian,IC2,False
e002608,2021-01-27,2023-01-05,Sales,Male,Asian,IC5,False
e002609,2021-01-14,2024-04-16,Administrative,Male,Black,IC1,True
e002610,2021-01-05,2022-05-11,Production,Female,Asian,IC3,False
e002611,2021-01-08,2023-05-15,Administrative,Female,White,IC7,False
e002612,2021-01-05,,Administrative,Female,White,M6,False
e002613,2021-01-27,,Sales,Female,Black,S1,True
e002614,2021-01-25,2021-09-01,Administrative,Female,Black,IC7,True
e002615,2021-01-21,2024-01-24,Production,Female,Asian,M6,False
e002616,2021-01-26,2024-02-06,Production,Male,White,S1,False
e002617,2021-01-21,2022-02-10,Production,Female,Asian,IC6,False
e002618,2021-02-08,,Administrative,Female,Hispanic,M4,True
e002619,2021-02-12,2023-09-08,Sales,Female,Asian,IC4,False
e002620,2021-02-23,2022-07-11,Administrative,Female,Asian,M4,False
e002621,2021-02-05,,Production,Female,Asian,IC1,False
e002622,2021-02-01,2022-04-11,Administrative,Male,White,S2,False
e002623,2021-02-22,,Production,Male,Asian,M6,False
e002624,2021-02-04,2022-02-15,Production,Female,Hispanic,IC7,True
e002625,2021-02-23,2022-04-19,Sales,Male,Hispanic,M4,True
e002626,2021-02-23,2022-02-16,Production,Male,White,IC4,False
e002627,2021-02-23,2024-04-29,Production,Female,Hispanic,IC3,True
e002628,2021-02-01,2022-10-24,Production,Female,Hispanic,S1,True
e002629,2021-02-19,,Production,Male,Black,M5,True
e002630,2021-02-09,2022-11-04,Sales,Male,Asian,M6,False
e002631,2021-02-04,,Production,Female,Hispanic,S3,True
e002632,2021-02-19,2022-12-20,Production,Male,Asian,IC5,False
e002633,2021-02-11,2023-12-21,Sales,Female,Hispanic,IC1,True
e002634,2021-02-10,2022-01-25,Sales,Female,Hispanic,IC5,True
e002635,2021-02-10,2021-09-07,Sales,Male,Black,M4,True
e002636,2021-02-17,2023-02-02,Production,Female,Asian,IC1,False
e002637,2021-02-09,2023-06-26,Sales,Female,White,M4,False
e002638,2021-02-22,,Sales,Female,White,M6,False
e002639,2021-02-01,,Sales,Male,Asian,IC1,False
e002640,2021-02-16,2022-06-22,Sales,Female,Hispanic,IC7,True
e002641,2021-02-17,2021-09-03,Production,Male,Black,IC3,True
e002642,2021-02-15,2023-03-08,Administrative,Non-binary,Hispanic,IC6,True
e002643,2021-02-04,2021-11-25,Production,Non-binary,White,M7,False
e002644,2021-02-10,2022-05-12,Sales,Female,Black,S1,True
e002645,2021-02-15,2021-03-19,Production,Non-binary,Black,S2,True
e002646,2021-02-11,2023-06-26,Sales,Female,White,S3,False
e002647,2021-02-24,,Production,Non-binary,Asian,IC4,False
e002648,2021-02-04,2021-03-19,Administrative,Female,White,IC7,False
e002649,2021-02-23,,Administrative,Female,White,S1,False
e002650,2021-02-04,2022-02-25,Sales,Female,Asian,IC5,False
e002651,2021-02-12,,Sales,Female,White,IC1,False
e002652,2021-02-15,2021-08-03,Production,Female,White,IC6,False
e002653,2021-02-04,2022-02-21,Administrative,Female,Black,M5,True
e002654,2021-02-16,2024-01-05,Administrative,Non-binary,White,S3,False
e002655,2021-02-11,2021-03-22,Production,Female,Hispanic,S2,True
e002656,2021-02-22,2022-04-22,Production,Male,Black,IC1,True
e002657,2021-02-24,2022-11-25,Sales,Male,Asian,S2,False
e002658,2021-02-16,,Administrative,Female,Asian,S1,False
e002659,2021-02-05,2022-02-07,Production,Non-binary,Asian,IC3,False
e002660,2021-02-22,,Production,Male,White,S2,False
e002661,2021-02-19,,Production,Female,Asian,IC8,False
e002662,2021-02-19,,Sales,Male,Asian,IC5,False
e002663,2021-02-26,2022-01-26,Administrative,Male,Asian,M4,False
e002664,2021-02-03,2022-07-21,Production,Non-binary,Asian,S2,False
e002665,2021-02-26,2022-11-15,Sales,Female,Asian,S2,False
e002666,2021-02-25,2024-04-03,Sales,Female,Black,S3,True
e002667,2021-02-19,,Production,Female,Hispanic,IC2,True
e002668,2021-02-05,2022-10-12,Production,Female,Asian,IC7,False
e002669,2021-02-15,,Production,Male,Hispanic,IC3,True
e002670,2021-02-09,2022-06-28,Sales,Non-binary,Asian,IC5,False
e002671,2021-02-24,2022-01-21,Production,Female,White,IC4,False
e002672,2021-03-05,2021-10-14,Administrative,Non-binary,White,S2,False
e002673,2021-03-05,2022-06-13,Production,Female,Hispanic,M6,True
e002674,2021-03-11,2022-05-24,Production,Female,Asian,IC6,False
e002675,2021-03-15,,Administrative,Female,Black,IC4,True
e002676,2021-03-10,2022-12-12,Administrative,Male,Asian,IC5,False
e002677,2021-03-30,2024-03-04,Administrative,Female,Black,M9,True
e002678,2021-03-03,2023-06-30,Production,Female,Hispanic,IC2,True
e002679,2021-03-16,2022-02-21,Sales,Female,Black,IC2,True
e002680,2021-03-16,2024-01-30,Administrative,Female,Asian,IC5,False
e002681,2021-03-05,2023-03-30,Sales,Female,Black,IC6,True
e002682,2021-03-18,,Administrative,Female,Black,IC6,True
e002683,2021-03-12,,Sales,Male,Asian,IC4,False
e002684,2021-03-31,2023-07-13,Sales,Female,Asian,IC8,False
e002685,2021-03-09,2023-05-18,Sales,Male,White,IC4,False
e002686,2021-03-19,2024-06-24,Production,Male,White,M4,False
e002687,2021-03-19,2021-08-25,Sales,Female,Hispanic,S2,True
e002688,2021-03-23,2022-06-27,Sales,Female,Hispanic,IC6,True
e002689,2021-03-29,,Sales,Female,Asian,M7,False
e002690,2021-03-30,2022-11-02,Production,Female,Hispanic,IC8,True
e002691,2021-03-16,2024-10-02,Sales,Female,Black,S2,True
e002692,2021-03-19,2022-04-06,Administrative,Male,Asian,IC3,False
e002693,2021-04-27,2023-05-02,Sales,Male,White,S3,False
e002694,2021-04-13,2022-04-11,Administrative,Male,Hispanic,IC5,True
e002695,2021-04-28,,Production,Non-binary,Asian,M5,False
e002696,2021-04-29,2023-03-20,Sales,Male,Hispanic,IC3,True
e002697,2021-04-01,2023-09-20,Sales,Female,Hispanic,S1,True
e002698,2021-04-12,2022-01-03,Administrative,Female,Asian,M9,False
e002699,2021-04-01,2022-01-27,Sales,Male,Hispanic,S3,True
e002700,2021-04-09,,Sales,Female,Black,IC9,True
e002701,2021-04-30,,Production,Female,Asian,M4,False
e002702,2021-04-19,,Sales,Female,Asian,IC6,False
e002703,2021-04-19,2022-07-13,Administrative,Non-binary,Asian,S1,False
e002704,2021-04-27,2024-04-25,Administrative,Female,Hispanic,S3,True
e002705,2021-04-08,,Sales,Female,Hispanic,IC4,True
e002706,2021-04-06,2022-11-17,Administrative,Female,Black,IC5,True
e002707,2021-04-13,2023-06-09,Sales,Female,White,IC5,False
e002708,2021-04-05,2022-04-19,Production,Female,Asian,IC2,False
e002709,2021-04-01,2021-12-20,Production,Female,Asian,IC6,False
e002710,2021-04-23,2021-06-22,Sales,Female,Asian,IC3,False
e002711,2021-04-27,2022-05-12,Administrative,Female,White,M6,False
e002712,2021-04-09,2021-12-22,Production,Female,Asian,IC2,False
e002713,2021-04-26,,Production,Male,Hispanic,M4,True
e002714,2021-04-12,2021-05-06,Sales,Male,Hispanic,S1,True
e002715,2021-04-15,,Production,Male,Asian,IC2,False
e002716,2021-04-13,,Sales,Female,Hispanic,IC5,True
e002717,2021-04-09,2024-10-18,Sales,Female,Asian,S3,False
e002718,2021-04-05,2024-01-19,Administrative,Male,Asian,S2,False
e002719,2021-04-30,2021-09-21,Production,Female,Asian,S1,False
e002720,2021-04-30,,Administrative,Female,Asian,S1,False
e002721,2021-04-07,,Sales,Male,Hispanic,S3,True
e002722,2021-04-05,2024-04-02,Sales,Female,Asian,S2,False
e002723,2021-04-27,2022-05-20,Sales,Female,Hispanic,S3,True
e002724,2021-04-09,2022-12-28,Production,Female,Hispanic,S3,True
e002725,2021-04-07,2024-06-18,Production,Female,Asian,IC3,False
e002726,2021-04-26,,Sales,Male,Asian,S2,False
e002727,2021-04-01,,Administrative,Female,Asian,IC4,False
e002728,2021-04-22,,Administrative,Male,Asian,S2,False
e002729,2021-04-30,2022-02-04,Administrative,Female,Black,IC2,True
e002730,2021-04-07,2021-09-08,Administrative,Female,Asian,IC6,False
e002731,2021-04-21,2023-05-23,Administrative,Male,Hispanic,IC3,True
e002732,2021-04-05,2023-10-23,Administrative,Male,White,S3,False
e002733,2021-04-15,,Production,Female,Hispanic,IC5,True
e002734,2021-04-02,,Sales,Male,Black,IC4,True
e002735,2021-04-28,,Sales,Male,Black,IC1,True
e002736,2021-04-29,,Administrative,Female,White,IC3,False
e002737,2021-04-23,2023-05-22,Production,Male,Asian,M4,False
e002738,2021-04-27,,Administrative,Female,Hispanic,IC2,True
e002739,2021-04-13,2022-11-15,Administrative,Female,Asian,M8,False
e002740,2021-04-02,2022-04-08,Administrative,Male,Black,IC4,True
e002741,2021-04-22,2024-04-05,Administrative,Male,Hispanic,S3,True
e002742,2021-04-16,2024-09-12,Administrative,Male,Asian,IC3,False
e002743,2021-04-23,2022-04-21,Production,Female,Black,M4,True
e002744,2021-04-26,2023-02-03,Sales,Male,Asian,S3,False
e002745,2021-04-27,2021-07-30,Sales,Male,Black,S3,True
e002746,2021-04-14,2021-12-22,Production,Female,White,M4,False
e002747,2021-04-20,2023-02-07,Sales,Female,Asian,IC5,False
e002748,2021-04-06,2024-03-26,Sales,Male,Asian,M7,False
e002749,2021-04-27,2022-02-02,Administrative,Male,Asian,M6,False
e002750,2021-04-07,2023-10-16,Sales,Female,Asian,S1,False
e002751,2021-04-15,,Production,Female,White,IC2,False
e002752,2021-04-07,2022-04-14,Administrative,Female,Black,IC6,True
e002753,2021-04-29,2023-01-13,Production,Female,Hispanic,IC5,True
e002754,2021-04-27,2021-09-24,Sales,Non-binary,Asian,M4,False
e002755,2021-04-23,2023-06-19,Production,Female,Asian,IC2,False
e002756,2021-04-21,,Sales,Female,White,S2,False
e002757,2021-04-23,2022-11-30,Production,Female,Black,IC4,True
e002758,2021-04-05,2022-02-10,Sales,Female,White,M5,False
e002759,2021-04-15,,Sales,Non-binary,Asian,IC1,False
e002760,2021-04-06,2023-06-22,Administrative,Female,Black,IC3,True
e002761,2021-04-06,2022-04-11,Sales,Male,White,IC9,False
e002762,2021-04-27,,Sales,Female,Hispanic,S3,True
e002763,2021-04-05,,Administrative,Male,Black,IC2,True
e002764,2021-04-20,2024-05-16,Administrative,Female,Hispanic,IC6,True
e002765,2021-04-08,2023-10-30,Production,Female,Asian,IC7,False
e002766,2021-04-06,2024-06-18,Administrative,Female,Asian,IC4,False
e002767,2021-04-05,,Administrative,Female,White,IC4,False
e002768,2021-04-20,2022-04-29,Production,Female,White,IC7,False
e002769,2021-04-27,2022-08-23,Production,Female,Hispanic,IC4,True
e002770,2021-04-06,2021-07-02,Sales,Male,White,M6,False
e002771,2021-04-06,,Administrative,Non-binary,Asian,S1,False
e002772,2021-04-05,,Production,Female,White,IC5,False
e002773,2021-04-09,,Administrative,Male,Hispanic,IC9,True
e002774,2021-04-02,2021-07-27,Administrative,Female,White,IC1,False
e002775,2021-04-01,2021-10-11,Sales,Female,Black,IC2,True
e002776,2021-04-05,2022-02-03,Production,Female,Asian,M4,False
e002777,2021-04-02,,Administrative,Female,White,S1,False
e002778,2021-04-30,,Administrative,Female,Hispanic,M5,True
e002779,2021-04-30,2021-07-07,Production,Male,Asian,IC6,False
e002780,2021-04-19,2021-07-06,Sales,Female,White,IC7,False
e002781,2021-04-02,2021-07-28,Sales,Female,Asian,IC7,False
e002782,2021-04-14,2024-04-23,Administrative,Female,Asian,IC3,False
e002783,2021-04-09,,Administrative,Male,White,M6,False
e002784,2021-04-21,2022-08-05,Production,Male,White,IC3,False
e002785,2021-04-15,,Production,Male,Hispanic,IC1,True
e002786,2021-04-21,2023-05-16,Sales,Male,Hispanic,IC3,True
e002787,2021-04-28,2024-06-17,Sales,Male,White,IC3,False
e002788,2021-04-20,2021-08-03,Production,Female,Hispanic,S3,True
e002789,2021-04-05,,Administrative,Female,Black,IC4,True
e002790,2021-04-16,2022-04-06,Sales,Female,Asian,S2,False
e002791,2021-04-01,,Administrative,Male,Asian,S1,False
e002792,2021-05-11,2021-11-02,Sales,Male,Asian,IC2,False
e002793,2021-05-28,,Sales,Female,Hispanic,M4,True
e002794,2021-05-05,2021-08-17,Sales,Female,White,IC3,False
e002795,2021-05-17,2021-11-12,Sales,Female,Asian,S2,False
e002796,2021-05-20,2023-07-07,Administrative,Male,Hispanic,S3,True
e002797,2021-05-31,2022-01-24,Administrative,Male,Asian,S3,False
e002798,2021-05-04,2022-01-27,Sales,Male,Hispanic,IC3,True
e002799,2021-05-13,2023-04-13,Administrative,Male,Hispanic,IC4,True
e002800,2021-05-03,,Sales,Female,Asian,M4,False
e002801,2021-05-03,2022-11-23,Sales,Male,Asian,S3,False
e002802,2021-05-05,2024-01-19,Production,Male,White,IC3,False
e002803,2021-05-24,2022-04-26,Sales,Non-binary,Hispanic,M4,True
e002804,2021-05-21,2023-11-23,Sales,Female,Hispanic,IC3,True
e002805,2021-05-07,,Production,Female,Hispanic,IC7,True
e002806,2021-05-17,,Administrative,Female,Asian,IC6,False
e002807,2021-05-11,,Production,Male,Hispanic,M6,True
e002808,2021-05-20,2022-04-26,Production,Male,Black,IC3,True
e002809,2021-05-26,,Sales,Female,Black,IC4,True
e002810,2021-05-11,2024-06-12,Administrative,Male,Asian,IC1,False
e002811,2021-05-07,2022-07-11,Administrative,Female,Asian,IC5,False
e002812,2021-05-12,2024-01-23,Sales,Male,Black,IC5,True
e002813,2021-05-05,2022-04-15,Sales,Male,White,IC6,False
e002814,2021-05-17,2022-07-28,Administrative,Female,Black,IC3,True
e002815,2021-05-07,,Administrative,Female,White,IC4,False
e002816,2021-05-06,,Production,Female,White,IC3,False
e002817,2021-05-26,,Production,Male,White,IC3,False
e002818,2021-05-31,2022-02-15,Sales,Male,Hispanic,S2,True
e002819,2021-05-04,2021-07-02,Administrative,Male,Asian,S3,False
e002820,2021-05-24,2021-07-13,Administrative,Female,Hispanic,M7,True
e002821,2021-05-19,2023-05-16,Production,Male,White,IC6,False
e002822,2021-05-04,2022-10-05,Sales,Female,Black,IC9,True
e002823,2021-05-20,2022-06-29,Sales,Female,Black,S2,True
e002824,2021-05-10,2022-01-19,Administrative,Female,Asian,IC4,False
e002825,2021-05-31,2022-01-18,Sales,Female,Hispanic,S1,True
e002826,2021-05-13,2022-11-29,Sales,Male,Asian,IC4,False
e002827,2021-05-05,2021-08-03,Sales,Female,Asian,S3,False
e002828,2021-05-28,2022-01-20,Sales,Female,White,IC3,False
e002829,2021-05-11,2023-02-21,Sales,Female,White,IC1,False
e002830,2021-05-27,2022-04-27,Sales,Female,Hispanic,IC1,True
e002831,2021-05-04,,Administrative,Female,Asian,S1,False
e002832,2021-05-06,2023-09-08,Sales,Female,Asian,S1,False
e002833,2021-05-18,2022-12-27,Sales,Male,White,IC3,False
e002834,2021-05-12,2023-02-08,Sales,Male,Black,M6,True
e002835,2021-05-10,2022-12-19,Sales,Female,Black,M5,True
e002836,2021-05-24,,Production,Female,Black,S2,True
e002837,2021-06-04,2021-10-19,Sales,Female,Asian,IC6,False
e002838,2021-06-22,2022-12-20,Administrative,Female,Asian,IC3,False
e002839,2021-06-08,,Production,Female,Black,IC6,True
e002840,2021-06-17,2021-08-24,Sales,Female,White,M4,False
e002841,2021-06-18,2023-04-14,Sales,Male,Asian,IC3,False
e002842,2021-06-23,2022-02-18,Administrative,Non-binary,Black,IC2,True
e002843,2021-06-22,2022-06-13,Production,Male,Hispanic,M4,True
e002844,2021-06-30,2022-05-17,Production,Female,Black,IC6,True
e002845,2021-06-01,2021-10-04,Sales,Female,Asian,S3,False
e002846,2021-06-22,2023-04-03,Administrative,Male,Asian,M5,False
e002847,2021-06-07,,Production,Non-binary,Black,M4,True
e002848,2021-06-28,,Administrative,Female,White,S1,False
e002849,2021-06-03,2022-11-24,Administrative,Male,Hispanic,IC2,True
e002850,2021-06-21,2023-09-05,Sales,Female,White,IC3,False
e002851,2021-06-22,2022-04-25,Administrative,Female,Asian,IC7,False
e002852,2021-06-21,,Sales,Female,Hispanic,IC7,True
e002853,2021-06-09,2022-11-02,Administrative,Male,Asian,IC4,False
e002854,2021-06-09,2023-06-29,Production,Female,Black,IC1,True
e002855,2021-06-17,,Production,Female,Asian,S3,False
e002856,2021-06-08,2022-11-22,Production,Male,Asian,S3,False
e002857,2021-06-21,2023-06-08,Sales,Male,Hispanic,S3,True
e002858,2021-06-04,2022-10-18,Sales,Male,Asian,M6,False
e002859,2021-06-28,2023-04-19,Sales,Female,White,IC6,False
e002860,2021-06-23,2023-07-06,Sales,Non-binary,Hispanic,S2,True
e002861,2021-06-10,,Production,Female,Asian,IC3,False
e002862,2021-06-08,2023-10-09,Administrative,Female,Hispanic,IC5,True
e002863,2021-06-09,2022-10-20,Production,Male,Black,IC3,True
e002864,2021-06-17,2022-12-13,Sales,Female,Asian,IC1,False
e002865,2021-06-01,2022-12-27,Administrative,Female,White,M4,False
e002866,2021-06-23,2023-06-29,Sales,Male,White,IC7,False
e002867,2021-06-07,2023-04-03,Sales,Female,Asian,IC6,False
e002868,2021-06-09,2024-04-25,Administrative,Female,Asian,IC4,False
e002869,2021-06-25,2022-01-21,Production,Female,Black,IC7,True
e002870,2021-06-14,2024-04-22,Administrative,Male,Black,S2,True
e002871,2021-06-03,2021-09-30,Administrative,Female,Hispanic,M4,True
e002872,2021-06-02,2023-04-20,Production,Female,Hispanic,S3,True
e002873,2021-06-02,,Sales,Female,White,IC2,False
e002874,2021-06-25,,Administrative,Non-binary,Asian,S1,False
e002875,2021-06-28,2023-05-15,Sales,Female,White,S1,False
e002876,2021-06-03,,Administrative,Female,Black,S3,True
e002877,2021-06-14,,Administrative,Female,Asian,IC6,False
e002878,2021-06-04,2023-05-15,Production,Female,Hispanic,S3,True
e002879,2021-06-16,2021-07-22,Sales,Female,Asian,IC6,False
e002880,2021-06-14,2022-02-21,Sales,Male,Black,IC1,True
e002881,2021-06-16,2023-03-29,Production,Female,Black,S3,True
e002882,2021-06-09,2022-05-16,Production,Male,Asian,S2,False
e002883,2021-06-15,2022-02-04,Production,Non-binary,Asian,IC3,False
e002884,2021-06-18,2021-10-22,Administrative,Male,Asian,S3,False
e002885,2021-06-25,2022-02-23,Sales,Female,White,M4,False
e002886,2021-06-08,2023-01-11,Administrative,Female,Black,S2,True
e002887,2021-06-21,2023-06-01,Sales,Non-binary,Asian,IC4,False
e002888,2021-06-16,2021-11-08,Administrative,Female,Asian,S3,False
e002889,2021-06-21,2022-07-12,Sales,Male,White,IC7,False
e002890,2021-06-14,2022-02-17,Production,Female,Hispanic,IC4,True
e002891,2021-06-22,2021-09-20,Production,Female,Hispanic,IC5,True
e002892,2021-06-04,2022-07-04,Sales,Male,White,IC6,False
e002893,2021-06-22,2024-01-29,Administrative,Male,Asian,IC5,False
e002894,2021-06-30,,Production,Female,Asian,M6,False
e002895,2021-06-07,2022-11-14,Production,Male,Asian,IC2,False
e002896,2021-06-29,,Production,Female,Asian,S1,False
e002897,2021-06-17,2023-05-09,Sales,Female,Asian,IC3,False
e002898,2021-06-21,2023-06-12,Production,Male,White,S2,False
e002899,2021-06-21,2022-02-23,Sales,Male,Black,M4,True
e002900,2021-06-28,2023-05-18,Production,Male,White,IC7,False
e002901,2021-06-02,,Administrative,Female,Asian,S2,False
e002902,2021-06-18,,Administrative,Female,Asian,IC2,False
e002903,2021-06-18,,Sales,Female,Hispanic,S2,True
e002904,2021-06-28,2024-04-02,Production,Male,Asian,IC2,False
e002905,2021-06-11,,Production,Male,White,IC6,False
e002906,2021-06-15,2022-06-22,Production,Female,Asian,M7,False
e002907,2021-06-30,,Sales,Male,Hispanic,IC2,True
e002908,2021-06-25,2022-06-02,Sales,Female,Asian,M4,False
e002909,2021-07-21,,Administrative,Male,Asian,IC5,False
e002910,2021-07-14,,Administrative,Male,Asian,IC6,False
e002911,2021-08-06,2022-02-18,Sales,Female,Asian,IC2,False
e002912,2021-08-17,2022-12-06,Production,Female,Black,IC7,True
e002913,2021-08-10,,Administrative,Male,Hispanic,IC7,True
e002914,2021-08-27,,Sales,Female,White,IC5,False
e002915,2021-08-30,2023-10-26,Sales,Female,Asian,S3,False
e002916,2021-08-17,2022-02-18,Sales,Male,Asian,IC1,False
e002917,2021-08-18,2022-04-11,Administrative,Female,Asian,S2,False
e002918,2021-08-12,,Sales,Female,Hispanic,S3,True
e002919,2021-08-10,,Production,Male,Asian,IC6,False
e002920,2021-08-04,,Administrative,Male,White,M7,False
e002921,2021-08-12,2023-10-02,Administrative,Male,Asian,IC6,False
e002922,2021-08-26,,Administrative,Female,White,IC4,False
e002923,2021-08-09,2024-02-01,Production,Male,Hispanic,S2,True
e002924,2021-08-18,2024-10-07,Administrative,Female,Black,S3,True
e002925,2021-08-09,2022-11-15,Production,Female,Hispanic,M4,True
e002926,2021-08-18,2023-11-01,Sales,Female,White,IC1,False
e002927,2021-08-18,2021-11-15,Sales,Female,Black,IC5,True
e002928,2021-08-13,2022-01-19,Sales,Female,White,IC3,False
e002929,2021-08-27,,Sales,Male,Hispanic,IC2,True
e002930,2021-08-26,2024-05-06,Production,Female,Asian,IC5,False
e002931,2021-08-13,,Administrative,Male,Black,IC1,True
e002932,2021-08-23,2023-02-03,Sales,Male,Asian,S1,False
e002933,2021-08-27,,Administrative,Female,White,IC1,False
e002934,2021-08-13,2024-02-29,Sales,Male,Asian,S2,False
e002935,2021-08-03,2023-02-07,Sales,Male,White,IC7,False
e002936,2021-08-16,2022-02-21,Administrative,Male,Hispanic,IC5,True
e002937,2021-08-16,2022-01-27,Administrative,Female,White,S1,False
e002938,2021-08-23,2022-11-24,Sales,Female,Hispanic,IC5,True
e002939,2021-08-06,2024-04-03,Sales,Female,Asian,IC4,False
e002940,2021-08-23,,Production,Male,Asian,S3,False
e002941,2021-08-18,,Production,Female,Hispanic,IC3,True
e002942,2021-08-30,2022-04-06,Sales,Female,Asian,IC6,False
e002943,2021-08-10,,Production,Female,Asian,IC2,False
e002944,2021-09-13,2023-10-30,Production,Male,White,IC9,False
e002945,2021-09-21,2022-02-09,Sales,Female,Black,IC8,True
e002946,2021-09-21,,Production,Male,Asian,S3,False
e002947,2021-09-09,2022-06-27,Administrative,Male,White,IC8,False
e002948,2021-09-29,2023-07-28,Administrative,Female,Asian,IC5,False
e002949,2021-09-07,,Sales,Female,White,S1,False
e002950,2021-09-20,2024-10-16,Sales,Female,White,S1,False
e002951,2021-09-17,,Production,Female,White,IC5,False
e002952,2021-09-28,2023-05-29,Sales,Non-binary,Black,IC1,True
e002953,2021-09-01,,Sales,Male,White,S3,False
e002954,2021-09-13,2023-03-23,Administrative,Female,White,IC5,False
e002955,2021-09-29,2024-05-08,Administrative,Male,White,S3,False
e002956,2021-09-22,2023-05-19,Sales,Female,Asian,M4,False
e002957,2021-09-15,2024-03-29,Sales,Female,Black,IC4,True
e002958,2021-09-24,2023-11-14,Production,Male,Hispanic,M7,True
e002959,2021-09-07,,Production,Male,Asian,S1,False
e002960,2021-09-13,2022-02-18,Sales,Female,Asian,IC3,False
e002961,2021-09-24,2022-02-04,Sales,Female,Hispanic,IC4,True
e002962,2021-09-02,,Administrative,Female,Hispanic,IC3,True
e002963,2021-09-24,2022-02-10,Administrative,Male,White,S1,False
e002964,2021-09-16,,Sales,Female,Black,IC4,True
e002965,2021-09-09,2022-07-11,Sales,Male,Asian,IC4,False
e002966,2021-09-08,2022-04-13,Sales,Female,Asian,IC4,False
e002967,2021-09-10,2023-10-05,Production,Male,Asian,S2,False
e002968,2021-09-17,2024-03-14,Production,Female,Asian,S3,False
e002969,2021-09-21,2023-02-16,Sales,Male,Asian,M6,False
e002970,2021-09-24,2022-04-25,Production,Male,Black,S3,True
e002971,2021-10-19,,Administrative,Non-binary,Asian,S1,False
e002972,2021-10-06,2022-02-09,Production,Female,Asian,IC6,False
e002973,2021-10-14,2024-02-23,Sales,Female,Asian,IC1,False
e002974,2021-10-05,2023-06-19,Sales,Male,White,IC3,False
e002975,2021-10-28,2023-07-07,Sales,Female,White,IC3,False
e002976,2021-10-18,,Sales,Female,Black,S2,True
e002977,2021-10-28,2024-02-26,Production,Male,Asian,IC5,False
e002978,2021-10-20,2024-06-06,Production,Male,White,IC1,False
e002979,2021-10-01,2022-12-06,Administrative,Male,Hispanic,IC8,True
e002980,2021-10-26,2023-11-17,Sales,Male,White,IC6,False
e002981,2021-10-19,2022-02-01,Sales,Female,Black,S3,True
e002982,2021-10-28,,Administrative,Female,Hispanic,IC4,True
e002983,2021-10-22,,Administrative,Female,Black,IC7,True
e002984,2021-10-21,2022-12-16,Sales,Female,Asian,IC5,False
e002985,2021-10-11,,Production,Male,Asian,IC3,False
e002986,2021-10-18,2023-03-31,Administrative,Female,Black,IC3,True
e002987,2021-10-18,2024-04-08,Sales,Female,Black,S2,True
e002988,2021-10-11,2023-03-16,Sales,Male,Black,IC5,True
e002989,2021-10-07,,Administrative,Female,Hispanic,M5,True
e002990,2021-10-12,,Sales,Female,Asian,IC4,False
e002991,2021-10-04,2023-06-22,Administrative,Female,Hispanic,IC1,True
e002992,2021-10-29,2022-11-09,Sales,Female,Black,IC6,True
e002993,2021-10-20,,Sales,Female,Hispanic,IC7,True
e002994,2021-10-14,2022-04-13,Production,Female,Asian,IC2,False
e002995,2021-10-29,2022-05-17,Administrative,Male,Asian,IC1,False
e002996,2021-10-13,2021-12-10,Sales,Female,Asian,M4,False
e002997,2021-10-26,2023-01-19,Sales,Non-binary,Hispanic,IC1,True
e002998,2021-10-11,,Production,Male,Asian,IC1,False
e002999,2021-10-14,2023-05-30,Production,Male,Asian,S2,False
e003000,2021-10-28,,Production,Female,Hispanic,IC6,True
e003001,2021-10-25,2022-04-04,Production,Female,White,IC5,False
e003002,2021-10-06,,Sales,Male,Hispanic,IC1,True
e003003,2021-10-11,2022-11-24,Sales,Non-binary,Hispanic,IC7,True
e003004,2021-12-02,,Sales,Female,Asian,IC2,False
e003005,2021-12-16,2024-02-20,Production,Female,White,IC4,False
e003006,2021-12-20,2023-06-07,Administrative,Male,Hispanic,IC6,True
e003007,2021-12-29,,Sales,Female,Hispanic,IC2,True
e003008,2021-12-14,,Administrative,Male,White,M7,False
e003009,2021-12-23,2022-12-21,Administrative,Female,Asian,IC7,False
e003010,2021-12-31,,Sales,Female,Asian,M4,False
e003011,2022-01-03,2023-06-06,Sales,Female,Asian,S1,False
e003012,2022-01-26,,Administrative,Female,White,IC6,False
e003013,2022-01-20,,Sales,Female,Black,IC1,True
e003014,2022-01-18,2023-04-21,Production,Female,Asian,M5,False
e003015,2022-01-04,2022-11-09,Sales,Female,White,S2,False
e003016,2022-02-18,,Administrative,Female,Asian,IC5,False
e003017,2022-02-09,2024-06-18,Administrative,Male,Asian,IC7,False
e003018,2022-02-24,2023-10-27,Sales,Female,White,IC3,False
e003019,2022-02-01,2022-04-19,Administrative,Male,Black,IC2,True
e003020,2022-02-11,2023-06-14,Administrative,Female,Black,IC1,True
e003021,2022-02-11,2024-02-19,Administrative,Female,Asian,IC2,False
e003022,2022-02-02,2022-12-20,Production,Female,White,IC7,False
e003023,2022-02-01,,Sales,Female,White,IC7,False
e003024,2022-02-24,2024-11-27,Administrative,Female,White,IC6,False
e003025,2022-02-08,2023-02-21,Administrative,Female,Asian,S3,False
e003026,2022-02-16,,Production,Female,White,S3,False
e003027,2022-02-23,2024-03-01,Production,Male,White,IC1,False
e003028,2022-02-10,,Sales,Male,Asian,IC6,False
e003029,2022-02-04,,Administrative,Male,White,S2,False
e003030,2022-02-09,2024-04-25,Sales,Female,Black,S2,True
e003031,2022-02-28,2024-03-26,Administrative,Female,Hispanic,IC2,True
e003032,2022-02-04,,Administrative,Female,Asian,M4,False
e003033,2022-02-16,2023-07-28,Production,Female,White,IC6,False
e003034,2022-02-22,2022-12-01,Sales,Female,White,IC3,False
e003035,2022-02-24,,Administrative,Female,Hispanic,IC1,True
e003036,2022-02-17,,Production,Male,Asian,IC1,False
e003037,2022-02-08,,Sales,Male,Black,IC3,True
e003038,2022-02-04,2022-12-14,Production,Male,Black,S3,True
e003039,2022-02-21,2022-08-18,Administrative,Female,White,S3,False
e003040,2022-02-21,2022-04-29,Sales,Female,Asian,IC6,False
e003041,2022-02-21,,Sales,Female,Hispanic,IC4,True
e003042,2022-02-16,,Sales,Female,Asian,IC2,False
e003043,2022-02-08,,Production,Female,White,S2,False
e003044,2022-02-28,2024-02-26,Sales,Male,White,IC3,False
e003045,2022-02-08,2022-05-13,Sales,Non-binary,Asian,IC3,False
e003046,2022-02-11,2022-11-15,Administrative,Male,Black,IC3,True
e003047,2022-02-08,2022-12-26,Production,Female,Asian,IC2,False
e003048,2022-02-08,,Production,Female,White,IC5,False
e003049,2022-02-23,,Production,Female,Black,S2,True
e003050,2022-02-14,,Production,Non-binary,Asian,M4,False
e003051,2022-02-14,,Production,Female,Asian,S1,False
e003052,2022-02-07,2023-04-03,Production,Male,Hispanic,IC3,True
e003053,2022-02-17,,Production,Female,Asian,S3,False
e003054,2022-02-14,2023-06-14,Sales,Male,Asian,IC2,False
e003055,2022-02-11,2023-04-14,Administrative,Female,Black,S2,True
e003056,2022-02-10,,Administrative,Female,Black,M4,True
e003057,2022-02-11,2023-06-13,Sales,Male,Black,M5,True
e003058,2022-02-08,2022-12-22,Sales,Male,Asian,M6,False
e003059,2022-02-09,2023-03-16,Production,Male,Black,S3,True
e003060,2022-02-14,,Administrative,Female,White,S1,False
e003061,2022-02-08,,Administrative,Female,Black,M6,True
e003062,2022-02-03,2023-06-09,Administrative,Female,Asian,IC4,False
e003063,2022-02-10,2024-01-24,Sales,Female,Hispanic,IC5,True
e003064,2022-02-14,2024-03-29,Production,Male,White,IC4,False
e003065,2022-02-11,2022-12-14,Sales,Male,Hispanic,IC2,True
e003066,2022-02-08,2022-11-07,Production,Female,White,IC4,False
e003067,2022-02-02,,Sales,Male,Black,M6,True
e003068,2022-02-28,,Administrative,Female,Asian,IC1,False
e003069,2022-02-28,2022-04-22,Administrative,Male,Asian,S3,False
e003070,2022-02-25,,Production,Male,White,IC6,False
e003071,2022-02-01,2023-10-12,Production,Female,Asian,S2,False
e003072,2022-02-10,2023-04-28,Production,Male,Hispanic,IC3,True
e003073,2022-02-23,2022-11-15,Administrative,Female,Asian,M4,False
e003074,2022-02-02,2023-04-05,Sales,Female,Hispanic,IC1,True
e003075,2022-02-21,,Administrative,Non-binary,Asian,S2,False
e003076,2022-02-11,,Administrative,Non-binary,Asian,IC1,False
e003077,2022-02-02,2023-06-29,Sales,Non-binary,White,M7,False
e003078,2022-02-14,2022-07-18,Sales,Female,White,S1,False
e003079,2022-02-10,2023-03-22,Sales,Female,Hispanic,IC2,True
e003080,2022-02-24,,Sales,Male,Black,IC3,True
e003081,2022-02-17,2022-04-28,Sales,Male,Asian,S2,False
e003082,2022-02-23,2022-12-27,Administrative,Female,Black,M4,True
e003083,2022-02-14,2023-03-16,Sales,Female,Hispanic,M5,True
e003084,2022-02-16,2023-02-14,Administrative,Male,Black,S3,True
e003085,2022-02-17,2023-09-08,Production,Female,White,IC2,False
e003086,2022-02-16,,Administrative,Male,Hispanic,IC6,True
e003087,2022-02-14,2022-04-27,Administrative,Female,Asian,IC1,False
e003088,2022-02-07,2022-12-30,Administrative,Female,White,S1,False
e003089,2022-02-04,2024-04-02,Sales,Female,Asian,IC8,False
e003090,2022-02-08,2024-04-12,Production,Male,Black,S2,True
e003091,2022-02-23,2022-07-28,Production,Female,White,M7,False
e003092,2022-02-11,,Production,Male,Black,S3,True
e003093,2022-02-28,2023-04-20,Production,Male,Asian,M5,False
e003094,2022-02-01,2023-02-24,Sales,Female,White,S3,False
e003095,2022-02-04,,Production,Female,Asian,IC3,False
e003096,2022-02-02,2022-12-08,Sales,Female,Asian,IC1,False
e003097,2022-02-17,,Sales,Female,Asian,IC1,False
e003098,2022-02-10,,Sales,Male,Asian,IC4,False
e003099,2022-02-11,,Sales,Male,White,S3,False
e003100,2022-02-11,,Administrative,Female,Asian,M7,False
e003101,2022-02-16,2023-02-15,Sales,Male,Hispanic,IC1,True
e003102,2022-02-24,,Production,Non-binary,White,S2,False
e003103,2022-02-25,2024-05-27,Administrative,Female,White,IC6,False
e003104,2022-02-07,2023-06-05,Administrative,Non-binary,Asian,IC3,False
e003105,2022-02-14,2022-05-19,Sales,Female,Hispanic,S3,True
e003106,2022-02-16,2024-04-22,Production,Male,Hispanic,S2,True
e003107,2022-02-04,,Sales,Female,White,IC6,False
e003108,2022-02-02,,Sales,Male,Asian,IC4,False
e003109,2022-02-25,,Production,Male,Asian,IC3,False
e003110,2022-02-14,2022-04-15,Administrative,Female,Asian,M6,False
e003111,2022-02-14,2022-05-30,Sales,Male,Hispanic,S3,True
e003112,2022-02-18,2023-10-13,Administrative,Male,Asian,IC1,False
e003113,2022-02-21,2023-06-14,Administrative,Female,Black,S3,True
e003114,2022-02-08,,Production,Female,Black,IC5,True
e003115,2022-02-04,,Production,Female,Hispanic,S3,True
e003116,2022-02-23,2023-05-23,Sales,Male,Black,IC3,True
e003117,2022-02-11,,Production,Female,Hispanic,IC3,True
e003118,2022-02-14,,Sales,Male,Hispanic,IC1,True
e003119,2022-02-11,,Production,Female,Asian,S1,False
e003120,2022-02-15,2024-04-15,Sales,Female,Hispanic,IC1,True
e003121,2022-02-15,2023-02-09,Administrative,Male,Hispanic,IC4,True
e003122,2022-02-25,2023-03-30,Sales,Female,Black,M5,True
e003123,2022-02-28,,Production,Male,Hispanic,S2,True
e003124,2022-02-24,2023-07-10,Sales,Male,Asian,S2,False
e003125,2022-02-08,,Sales,Male,Asian,IC8,False
e003126,2022-02-17,,Sales,Female,Asian,IC2,False
e003127,2022-02-18,,Administrative,Male,White,IC5,False
e003128,2022-02-04,,Sales,Female,Black,IC6,True
e003129,2022-02-11,2023-10-27,Administrative,Female,Black,IC2,True
e003130,2022-02-21,,Production,Non-binary,Hispanic,IC5,True
e003131,2022-02-02,2022-04-25,Sales,Non-binary,White,M5,False
e003132,2022-02-25,2023-07-07,Administrative,Female,Black,IC2,True
e003133,2022-02-07,2023-03-20,Production,Male,Hispanic,M6,True
e003134,2022-02-15,,Production,Female,Black,IC5,True
e003135,2022-02-22,2023-06-09,Sales,Female,Asian,IC5,False
e003136,2022-02-24,2024-10-30,Administrative,Male,Asian,IC5,False
e003137,2022-02-22,2023-05-04,Sales,Male,Asian,S1,False
e003138,2022-02-22,,Administrative,Male,Asian,IC4,False
e003139,2022-02-07,2022-12-15,Sales,Male,Hispanic,IC1,True
e003140,2022-02-23,2022-07-12,Production,Female,Hispanic,IC7,True
e003141,2022-02-09,,Administrative,Female,Hispanic,S1,True
e003142,2022-02-11,2022-10-17,Sales,Female,Asian,M4,False
e003143,2022-02-25,,Sales,Male,Asian,M4,False
e003144,2022-02-24,2023-03-13,Sales,Female,Asian,IC3,False
e003145,2022-02-09,2022-11-04,Administrative,Male,Black,IC2,True
e003146,2022-02-23,2022-07-21,Sales,Male,Black,S2,True
e003147,2022-02-21,2023-02-27,Production,Male,Asian,M4,False
e003148,2022-02-28,,Administrative,Female,Asian,S2,False
e003149,2022-02-01,2023-05-11,Sales,Female,White,IC1,False
e003150,2022-02-11,,Administrative,Female,White,IC7,False
e003151,2022-02-15,2023-02-28,Production,Male,Asian,IC2,False
e003152,2022-02-15,,Administrative,Male,Hispanic,IC3,True
e003153,2022-02-23,,Administrative,Male,Asian,IC3,False
e003154,2022-02-08,2024-03-26,Administrative,Male,Asian,S1,False
e003155,2022-02-21,,Sales,Non-binary,White,S3,False
e003156,2022-02-25,,Administrative,Female,Black,IC1,True
e003157,2022-02-08,2024-05-01,Administrative,Male,Hispanic,S2,True
e003158,2022-02-15,2024-05-06,Administrative,Female,Asian,IC7,False
e003159,2022-02-21,,Sales,Male,Asian,S2,False
e003160,2022-02-11,,Sales,Female,Asian,IC6,False
e003161,2022-02-04,2022-08-23,Production,Male,Black,S2,True
e003162,2022-02-11,2024-02-08,Administrative,Female,Hispanic,S1,True
e003163,2022-02-11,,Sales,Female,Black,IC4,True
e003164,2022-02-14,2022-07-18,Sales,Female,White,IC1,False
e003165,2022-02-10,,Production,Female,Black,S1,True
e003166,2022-02-09,,Administrative,Female,Hispanic,S3,True
e003167,2022-02-22,2023-04-03,Sales,Male,Asian,S3,False
e003168,2022-02-14,2022-06-17,Administrative,Female,Asian,IC7,False
e003169,2022-02-03,2022-06-20,Sales,Non-binary,Asian,S2,False
e003170,2022-02-25,2023-10-06,Production,Male,Asian,IC1,False
e003171,2022-02-01,2024-04-08,Sales,Female,Asian,IC6,False
e003172,2022-02-25,2024-10-17,Administrative,Female,White,IC5,False
e003173,2022-02-22,2022-11-08,Production,Male,Hispanic,S1,True
e003174,2022-02-03,,Administrative,Male,White,IC1,False
e003175,2022-02-25,2023-02-03,Production,Male,Hispanic,IC4,True
e003176,2022-02-16,,Production,Male,White,IC6,False
e003177,2022-02-25,,Production,Female,Asian,IC8,False
e003178,2022-02-17,2023-06-08,Production,Female,Asian,S1,False
e003179,2022-02-04,,Production,Female,Black,IC2,True
e003180,2022-02-03,2022-04-22,Administrative,Male,Hispanic,IC5,True
e003181,2022-02-02,2022-04-06,Sales,Male,Hispanic,S2,True
e003182,2022-02-25,2022-04-05,Production,Male,Asian,IC5,False
e003183,2022-02-07,,Sales,Non-binary,Asian,S3,False
e003184,2022-02-10,2023-01-13,Administrative,Female,White,M5,False
e003185,2022-02-21,,Sales,Male,White,S3,False
e003186,2022-02-24,2023-05-15,Sales,Male,White,S3,False
e003187,2022-02-07,2024-02-05,Sales,Female,Hispanic,S3,True
e003188,2022-02-18,2023-05-22,Sales,Male,Black,S3,True
e003189,2022-02-25,2024-03-28,Production,Male,White,IC2,False
e003190,2022-02-07,,Sales,Male,Asian,IC5,False
e003191,2022-02-11,2022-06-23,Administrative,Female,White,IC1,False
e003192,2022-02-18,2023-03-01,Administrative,Female,Asian,IC7,False
e003193,2022-02-07,2023-07-05,Administrative,Female,Hispanic,IC3,True
e003194,2022-02-23,2023-02-01,Production,Male,Black,IC1,True
e003195,2022-02-25,2023-06-22,Administrative,Female,Asian,S3,False
e003196,2022-02-23,2023-04-04,Production,Female,Asian,IC1,False
e003197,2022-02-16,2023-07-04,Production,Female,Asian,IC5,False
e003198,2022-02-17,2023-02-16,Sales,Female,White,M4,False
e003199,2022-02-24,2022-04-01,Sales,Male,Asian,S2,False
e003200,2022-02-07,,Sales,Female,Asian,IC1,False
e003201,2022-02-25,2022-11-24,Administrative,Female,White,IC2,False
e003202,2022-02-04,2023-06-29,Production,Male,Asian,IC2,False
e003203,2022-02-16,2024-01-08,Administrative,Male,Asian,M4,False
e003204,2022-02-16,2022-06-29,Sales,Male,Black,IC2,True
e003205,2022-02-08,2023-02-10,Production,Female,Asian,IC1,False
e003206,2022-02-28,2022-06-30,Administrative,Male,Asian,IC6,False
e003207,2022-02-17,2022-04-28,Production,Male,Asian,IC4,False
e003208,2022-02-04,,Sales,Female,Black,IC3,True
e003209,2022-02-25,,Production,Male,White,IC2,False
e003210,2022-02-22,,Sales,Male,Hispanic,M4,True
e003211,2022-02-22,2022-10-20,Production,Non-binary,Asian,S3,False
e003212,2022-03-08,2022-11-03,Sales,Non-binary,Asian,S3,False
e003213,2022-03-04,2022-04-01,Administrative,Male,Asian,IC6,False
e003214,2022-03-29,2024-02-16,Administrative,Female,Asian,IC1,False
e003215,2022-03-30,,Administrative,Male,Black,IC6,True
e003216,2022-03-07,2022-12-09,Sales,Female,White,IC8,False
e003217,2022-03-22,2023-07-18,Administrative,Female,Asian,IC1,False
e003218,2022-03-16,,Production,Female,Hispanic,IC1,True
e003219,2022-03-23,,Sales,Female,Hispanic,IC1,True
e003220,2022-03-02,2022-12-30,Sales,Female,Asian,IC4,False
e003221,2022-03-07,2022-12-19,Sales,Male,Asian,IC2,False
e003222,2022-03-23,2024-05-15,Administrative,Non-binary,Black,S3,True
e003223,2022-03-21,2023-04-21,Sales,Male,Asian,IC8,False
e003224,2022-03-23,2022-10-04,Sales,Female,Asian,S3,False
e003225,2022-03-14,2022-10-10,Production,Male,Asian,IC1,False
e003226,2022-03-11,2023-07-12,Administrative,Female,Asian,S2,False
e003227,2022-03-10,,Sales,Non-binary,White,IC3,False
e003228,2022-03-02,2024-04-08,Production,Non-binary,Hispanic,IC4,True
e003229,2022-03-01,2022-04-22,Administrative,Male,White,M6,False
e003230,2022-03-09,2023-06-02,Administrative,Female,Asian,IC1,False
e003231,2022-03-14,2022-07-07,Sales,Female,Black,IC1,True
e003232,2022-03-01,,Production,Female,Asian,S3,False
e003233,2022-03-29,,Sales,Female,Asian,S2,False
e003234,2022-03-04,2022-04-27,Administrative,Female,White,S1,False
e003235,2022-03-14,2022-05-10,Production,Female,Hispanic,S1,True
e003236,2022-03-08,2022-07-04,Production,Female,White,IC8,False
e003237,2022-03-30,2022-05-26,Sales,Female,White,IC3,False
e003238,2022-03-16,2023-05-12,Production,Male,White,M4,False
e003239,2022-03-29,,Production,Female,Hispanic,S2,True
e003240,2022-03-29,2023-03-10,Administrative,Female,Asian,IC2,False
e003241,2022-03-15,2023-06-12,Administrative,Female,Black,IC3,True
e003242,2022-03-21,2024-05-20,Administrative,Female,Asian,S1,False
e003243,2022-03-07,2024-02-26,Administrative,Male,Asian,M7,False
e003244,2022-03-10,2023-03-21,Sales,Female,White,M4,False
e003245,2022-03-15,2022-10-12,Production,Male,Asian,IC2,False
e003246,2022-03-04,2022-05-06,Sales,Male,Asian,M4,False
e003247,2022-03-08,2022-11-16,Sales,Male,Asian,M4,False
e003248,2022-03-22,2022-11-17,Sales,Non-binary,Hispanic,S2,True
e003249,2022-03-02,2024-03-04,Production,Male,Asian,S2,False
e003250,2022-03-31,2022-04-27,Administrative,Female,Asian,IC5,False
e003251,2022-03-17,2023-07-04,Sales,Non-binary,Hispanic,IC3,True
e003252,2022-03-29,2023-10-09,Production,Female,Asian,S1,False
e003253,2022-03-03,2022-05-25,Sales,Female,Hispanic,S3,True
e003254,2022-03-15,,Production,Non-binary,White,S2,False
e003255,2022-03-10,2024-04-02,Sales,Female,White,S3,False
e003256,2022-03-08,,Sales,Male,Hispanic,IC5,True
e003257,2022-03-28,2023-10-31,Production,Male,Hispanic,IC4,True
e003258,2022-03-29,2022-07-26,Sales,Male,Black,IC6,True
e003259,2022-03-07,2022-06-15,Administrative,Female,Black,S2,True
e003260,2022-03-02,2023-02-06,Administrative,Male,White,S1,False
e003261,2022-03-25,,Sales,Male,Black,IC7,True
e003262,2022-03-02,2023-12-27,Production,Male,Asian,S1,False
e003263,2022-03-14,2024-01-19,Sales,Female,Asian,IC1,False
e003264,2022-03-08,2023-06-01,Production,Female,Asian,M8,False
e003265,2022-03-07,2023-11-28,Sales,Female,White,S3,False
e003266,2022-03-28,2024-04-24,Administrative,Female,Hispanic,S1,True
e003267,2022-03-09,,Administrative,Female,White,S1,False
e003268,2022-03-09,2023-04-24,Production,Female,Asian,S1,False
e003269,2022-03-08,,Sales,Female,Asian,IC1,False
e003270,2022-03-17,2023-06-05,Administrative,Female,White,S3,False
e003271,2022-03-03,2024-11-26,Sales,Female,White,IC2,False
e003272,2022-03-23,,Production,Male,Asian,M6,False
e003273,2022-03-18,2022-04-26,Production,Female,Asian,IC1,False
e003274,2022-03-03,2023-03-17,Sales,Female,Asian,IC2,False
e003275,2022-03-17,2023-02-14,Sales,Female,Hispanic,IC8,True
e003276,2022-03-17,,Sales,Female,White,IC3,False
e003277,2022-03-14,,Administrative,Female,Asian,S3,False
e003278,2022-04-20,2022-11-17,Production,Female,Asian,IC3,False
e003279,2022-04-06,2022-08-23,Administrative,Male,Hispanic,S2,True
e003280,2022-04-19,2024-09-03,Administrative,Female,Black,IC3,True
e003281,2022-04-15,2023-03-17,Sales,Female,Asian,IC4,False
e003282,2022-04-28,2023-05-17,Administrative,Female,Asian,S3,False
e003283,2022-04-01,,Administrative,Female,Asian,IC5,False
e003284,2022-04-12,2023-05-18,Administrative,Female,Asian,IC1,False
e003285,2022-04-04,,Sales,Female,Asian,IC2,False
e003286,2022-04-29,,Sales,Female,Black,IC3,True
e003287,2022-04-20,2022-12-21,Administrative,Female,Asian,IC2,False
e003288,2022-04-20,,Sales,Female,Asian,S2,False
e003289,2022-04-18,2024-05-28,Production,Male,Hispanic,IC7,True
e003290,2022-04-25,,Administrative,Female,White,IC1,False
e003291,2022-04-29,,Administrative,Female,White,M5,False
e003292,2022-04-08,2022-07-29,Administrative,Female,White,IC2,False
e003293,2022-04-19,,Production,Male,Asian,M4,False
e003294,2022-04-06,,Production,Male,Asian,M5,False
e003295,2022-04-29,2023-05-25,Sales,Female,White,S3,False
e003296,2022-04-18,2023-05-05,Sales,Female,White,S3,False
e003297,2022-04-27,,Sales,Male,Hispanic,M5,True
e003298,2022-04-20,2022-05-10,Sales,Female,Asian,S1,False
e003299,2022-04-04,2023-05-09,Production,Female,Hispanic,IC1,True
e003300,2022-04-26,2023-06-27,Production,Male,Asian,IC7,False
e003301,2022-04-15,,Production,Female,White,M5,False
e003302,2022-04-28,2023-10-02,Sales,Female,Black,IC5,True
e003303,2022-04-14,2023-04-20,Administrative,Female,Black,IC6,True
e003304,2022-04-22,,Production,Female,Asian,S1,False
e003305,2022-04-19,,Production,Male,Asian,IC5,False
e003306,2022-04-06,,Administrative,Female,Black,IC1,True
e003307,2022-04-07,2024-01-10,Sales,Non-binary,Asian,IC4,False
e003308,2022-04-04,2022-06-23,Sales,Non-binary,Asian,IC2,False
e003309,2022-04-13,2024-04-26,Production,Male,White,S2,False
e003310,2022-04-15,2023-04-19,Administrative,Male,Hispanic,IC6,True
e003311,2022-04-25,,Sales,Male,Asian,S1,False
e003312,2022-04-08,,Sales,Male,Hispanic,S3,True
e003313,2022-04-06,2024-03-06,Administrative,Female,White,M5,False
e003314,2022-04-28,2023-03-21,Sales,Male,White,S2,False
e003315,2022-04-27,2023-05-23,Administrative,Male,Hispanic,S1,True
e003316,2022-04-01,2022-05-30,Production,Female,Black,S2,True
e003317,2022-04-06,2022-11-09,Production,Non-binary,Hispanic,M6,True
e003318,2022-04-15,2022-11-04,Administrative,Non-binary,White,S1,False
e003319,2022-04-14,,Production,Female,Black,S3,True
e003320,2022-04-28,2023-07-06,Production,Male,Hispanic,IC6,True
e003321,2022-04-12,2024-05-22,Administrative,Female,White,IC3,False
e003322,2022-04-25,,Production,Female,Asian,S2,False
e003323,2022-04-04,2024-06-27,Production,Male,White,IC9,False
e003324,2022-04-28,2023-06-28,Administrative,Non-binary,White,IC4,False
e003325,2022-04-13,,Sales,Male,White,IC1,False
e003326,2022-04-12,2022-06-17,Administrative,Male,Asian,IC4,False
e003327,2022-04-26,2023-09-27,Sales,Female,Black,M6,True
e003328,2022-04-11,2022-12-05,Sales,Male,Hispanic,S1,True
e003329,2022-04-18,2023-04-20,Production,Female,Asian,M4,False
e003330,2022-04-01,2022-07-13,Production,Male,Hispanic,S1,True
e003331,2022-04-27,2024-02-23,Administrative,Female,Asian,IC3,False
e003332,2022-04-22,,Administrative,Male,Asian,IC2,False
e003333,2022-04-29,,Administrative,Male,White,IC4,False
e003334,2022-04-11,,Production,Male,Asian,S2,False
e003335,2022-04-27,2022-10-04,Production,Non-binary,Black,IC5,True
e003336,2022-04-15,2022-11-24,Production,Female,Black,M4,True
e003337,2022-04-21,,Sales,Male,Asian,IC1,False
e003338,2022-04-07,2022-11-17,Production,Female,Black,M4,True
e003339,2022-04-11,2024-04-18,Administrative,Male,Hispanic,IC7,True
e003340,2022-04-05,2022-07-01,Sales,Male,Asian,IC3,False
e003341,2022-04-12,,Production,Female,Asian,IC5,False
e003342,2022-04-13,,Administrative,Male,Hispanic,IC5,True
e003343,2022-04-21,2023-07-12,Administrative,Male,White,IC5,False
e003344,2022-04-15,,Sales,Male,Hispanic,IC3,True
e003345,2022-04-21,,Administrative,Female,Black,IC6,True
e003346,2022-04-11,2023-04-12,Administrative,Female,White,S2,False
e003347,2022-04-22,,Sales,Female,Asian,IC6,False
e003348,2022-04-14,2024-04-22,Sales,Female,Black,IC1,True
e003349,2022-04-19,2023-05-12,Sales,Female,Asian,IC7,False
e003350,2022-04-14,,Sales,Male,Asian,IC2,False
e003351,2022-04-15,2023-01-13,Production,Female,Hispanic,IC6,True
e003352,2022-04-01,,Production,Female,Black,M4,True
e003353,2022-04-08,2023-02-09,Production,Female,Hispanic,IC4,True
e003354,2022-04-04,2023-10-20,Administrative,Male,Black,IC1,True
e003355,2022-04-15,,Sales,Male,White,IC2,False
e003356,2022-04-07,2022-12-27,Sales,Female,Asian,IC1,False
e003357,2022-04-05,,Production,Female,Asian,IC4,False
e003358,2022-04-29,2022-11-04,Sales,Female,Asian,S3,False
e003359,2022-04-04,2023-04-12,Administrative,Female,White,S2,False
e003360,2022-04-12,,Production,Female,Asian,S1,False
e003361,2022-04-12,2023-03-13,Sales,Female,Asian,IC3,False
e003362,2022-04-22,2022-11-28,Sales,Male,Hispanic,IC3,True
e003363,2022-04-26,,Administrative,Male,White,M4,False
e003364,2022-04-04,2022-05-31,Administrative,Female,Black,IC5,True
e003365,2022-04-22,2023-06-08,Administrative,Female,Hispanic,IC6,True
e003366,2022-04-11,2022-06-14,Administrative,Female,Hispanic,IC6,True
e003367,2022-04-07,,Production,Female,Black,M5,True
e003368,2022-04-12,2024-04-05,Sales,Male,Hispanic,IC3,True
e003369,2022-04-21,2022-12-13,Production,Female,White,IC4,False
e003370,2022-04-12,,Production,Female,Black,S2,True
e003371,2022-04-12,2022-11-29,Sales,Female,Black,S3,True
e003372,2022-04-13,,Administrative,Female,White,IC2,False
e003373,2022-04-11,2022-12-13,Production,Female,Black,S2,True
e003374,2022-04-01,2023-05-25,Sales,Female,Asian,M5,False
e003375,2022-04-20,2022-07-06,Administrative,Female,Black,IC3,True
e003376,2022-04-04,2023-07-05,Administrative,Male,Black,S1,True
e003377,2022-04-15,2022-06-09,Production,Female,Hispanic,M6,True
e003378,2022-04-08,2022-11-29,Sales,Female,Asian,IC6,False
e003379,2022-04-20,2022-11-01,Sales,Male,Asian,S2,False
e003380,2022-04-18,2024-02-21,Administrative,Female,Black,M4,True
e003381,2022-04-12,2022-10-28,Production,Female,Hispanic,IC2,True
e003382,2022-04-15,2023-11-17,Administrative,Male,Asian,S3,False
e003383,2022-04-08,,Sales,Female,Asian,S1,False
e003384,2022-04-25,2023-01-11,Sales,Female,Hispanic,IC5,True
e003385,2022-04-21,2022-11-14,Administrative,Female,White,M4,False
e003386,2022-04-06,2022-11-04,Administrative,Male,Black,S2,True
e003387,2022-04-13,,Production,Female,Asian,IC5,False
e003388,2022-04-25,2023-10-26,Production,Female,Asian,IC2,False
e003389,2022-04-08,2022-07-29,Administrative,Male,Asian,IC6,False
e003390,2022-04-14,2023-04-19,Sales,Female,Asian,IC6,False
e003391,2022-04-21,2023-05-10,Sales,Male,Asian,IC3,False
e003392,2022-04-14,,Administrative,Female,Asian,S2,False
e003393,2022-04-04,2023-01-11,Administrative,Female,Asian,IC1,False
e003394,2022-04-26,2024-04-05,Sales,Male,Asian,S3,False
e003395,2022-04-05,2023-06-15,Sales,Male,Asian,M5,False
e003396,2022-04-05,,Sales,Male,White,IC4,False
e003397,2022-04-18,2023-07-12,Production,Male,Asian,S3,False
e003398,2022-04-05,2023-03-30,Sales,Female,Hispanic,IC6,True
e003399,2022-04-28,2022-11-18,Sales,Non-binary,Black,M4,True
e003400,2022-04-13,,Production,Non-binary,Black,S1,True
e003401,2022-04-18,,Administrative,Male,Black,IC6,True
e003402,2022-04-01,,Administrative,Female,White,IC3,False
e003403,2022-04-21,2023-06-21,Administrative,Female,Black,S3,True
e003404,2022-04-07,2023-06-16,Sales,Male,Asian,IC2,False
e003405,2022-04-29,,Production,Female,White,IC5,False
e003406,2022-05-09,,Administrative,Male,Asian,IC5,False
e003407,2022-05-03,2023-06-29,Sales,Female,Black,S2,True
e003408,2022-05-12,,Sales,Female,Black,M4,True
e003409,2022-05-10,,Sales,Female,Hispanic,IC3,True
e003410,2022-05-30,2022-11-09,Administrative,Male,Hispanic,IC1,True
e003411,2022-05-27,,Administrative,Male,Asian,IC6,False
e003412,2022-05-19,,Sales,Male,Black,IC4,True
e003413,2022-05-19,2024-06-04,Production,Female,Hispanic,IC7,True
e003414,2022-05-02,2023-05-15,Sales,Male,Asian,IC4,False
e003415,2022-05-31,,Sales,Non-binary,Asian,S2,False
e003416,2022-05-27,,Production,Male,Black,S1,True
e003417,2022-05-16,2024-01-17,Sales,Female,Asian,S3,False
e003418,2022-05-02,2023-02-03,Sales,Female,Asian,M6,False
e003419,2022-05-10,2023-04-06,Administrative,Non-binary,Hispanic,IC5,True
e003420,2022-05-25,2023-01-25,Sales,Female,Asian,M6,False
e003421,2022-05-05,2022-06-30,Sales,Male,Black,S2,True
e003422,2022-05-19,2023-06-26,Administrative,Female,Black,IC3,True
e003423,2022-05-23,2022-08-23,Sales,Female,Black,S3,True
e003424,2022-05-12,,Sales,Female,Black,IC6,True
e003425,2022-05-17,2023-07-19,Sales,Male,White,IC1,False
e003426,2022-05-12,2023-04-18,Administrative,Non-binary,Black,M4,True
e003427,2022-05-11,,Production,Non-binary,Asian,IC1,False
e003428,2022-05-04,2022-11-07,Production,Male,Black,IC7,True
e003429,2022-05-12,,Production,Male,White,IC5,False
e003430,2022-05-19,2022-06-03,Production,Female,Asian,IC1,False
e003431,2022-05-05,2023-05-26,Production,Male,Asian,M4,False
e003432,2022-05-26,2024-03-18,Sales,Male,Asian,IC4,False
e003433,2022-05-09,2024-09-19,Production,Female,White,IC5,False
e003434,2022-05-10,2023-05-08,Administrative,Female,Hispanic,S3,True
e003435,2022-05-11,2022-12-28,Administrative,Male,Asian,IC6,False
e003436,2022-05-11,,Sales,Male,White,S3,False
e003437,2022-05-13,2023-05-11,Sales,Male,Hispanic,M6,True
e003438,2022-05-05,2023-03-24,Sales,Female,White,M4,False
e003439,2022-05-25,,Administrative,Male,White,S1,False
e003440,2022-05-31,2024-10-22,Sales,Male,Asian,IC3,False
e003441,2022-05-18,,Sales,Female,Asian,IC7,False
e003442,2022-05-03,,Production,Female,Black,IC2,True
e003443,2022-05-05,2022-10-05,Administrative,Female,Black,IC1,True
e003444,2022-05-05,,Administrative,Female,Asian,M6,False
e003445,2022-05-19,2024-04-23,Sales,Male,Asian,IC7,False
e003446,2022-05-11,,Administrative,Female,Asian,S1,False
e003447,2022-05-11,,Sales,Female,White,M6,False
e003448,2022-05-02,2022-06-30,Production,Female,Black,S2,True
e003449,2022-05-10,2023-06-16,Administrative,Female,Hispanic,IC6,True
e003450,2022-05-24,2023-02-07,Sales,Male,Black,IC1,True
e003451,2022-06-15,2023-12-15,Administrative,Female,Hispanic,S3,True
e003452,2022-06-14,,Sales,Female,Asian,M7,False
e003453,2022-06-16,,Administrative,Male,Black,S1,True
e003454,2022-06-22,2023-05-18,Sales,Male,Black,S2,True
e003455,2022-06-13,2023-03-15,Administrative,Non-binary,White,IC3,False
e003456,2022-06-02,2022-11-14,Production,Female,Black,IC6,True
e003457,2022-06-14,2023-05-26,Administrative,Male,Asian,IC4,False
e003458,2022-06-22,,Production,Female,Asian,IC6,False
e003459,2022-06-20,,Administrative,Female,Hispanic,IC6,True
e003460,2022-06-02,,Administrative,Male,Black,IC8,True
e003461,2022-06-09,2022-11-30,Sales,Female,Black,IC6,True
e003462,2022-06-20,2024-10-01,Production,Female,Asian,S1,False
e003463,2022-06-21,,Production,Male,Asian,IC1,False
e003464,2022-06-16,2022-07-25,Sales,Female,Black,IC6,True
e003465,2022-06-07,2024-11-28,Sales,Non-binary,Hispanic,IC1,True
e003466,2022-06-30,2024-05-27,Sales,Female,Black,IC2,True
e003467,2022-06-24,2024-04-24,Production,Male,Asian,IC2,False
e003468,2022-06-21,2023-04-11,Administrative,Male,Asian,S2,False
e003469,2022-06-03,,Sales,Male,Asian,IC3,False
e003470,2022-06-13,,Administrative,Female,Asian,IC7,False
e003471,2022-06-02,2023-05-02,Sales,Female,Hispanic,IC2,True
e003472,2022-06-24,,Production,Non-binary,Asian,M4,False
e003473,2022-06-16,2023-05-02,Administrative,Male,Asian,IC3,False
e003474,2022-06-29,2023-04-18,Production,Female,Black,S3,True
e003475,2022-06-09,,Administrative,Male,Asian,S1,False
e003476,2022-06-24,,Sales,Male,Hispanic,IC6,True
e003477,2022-06-28,2023-03-09,Sales,Male,White,IC5,False
e003478,2022-06-24,,Sales,Female,Hispanic,S3,True
e003479,2022-06-17,2023-03-22,Sales,Female,Asian,IC2,False
e003480,2022-06-30,2023-04-11,Administrative,Male,White,S2,False
e003481,2022-06-01,2024-03-01,Sales,Non-binary,Hispanic,IC2,True
e003482,2022-06-22,,Administrative,Male,White,M8,False
e003483,2022-06-07,,Sales,Female,White,M4,False
e003484,2022-06-03,2024-11-28,Administrative,Male,Asian,S3,False
e003485,2022-06-09,2023-11-27,Sales,Non-binary,White,S1,False
e003486,2022-06-20,2023-10-05,Administrative,Male,Black,S3,True
e003487,2022-06-10,,Production,Female,Asian,S3,False
e003488,2022-06-10,2023-05-30,Production,Non-binary,Hispanic,M4,True
e003489,2022-06-28,2024-04-08,Sales,Female,Black,IC1,True
e003490,2022-06-08,,Sales,Male,Asian,IC8,False
e003491,2022-06-06,2023-01-30,Sales,Female,Asian,IC3,False
e003492,2022-06-15,2023-07-27,Sales,Male,Black,IC7,True
e003493,2022-07-01,2023-06-14,Production,Non-binary,Asian,S3,False
e003494,2022-07-08,,Sales,Female,Asian,IC5,False
e003495,2022-07-06,,Sales,Female,Asian,S1,False
e003496,2022-07-20,2024-10-17,Sales,Male,Black,IC2,True
e003497,2022-07-12,2023-09-07,Sales,Female,White,S3,False
e003498,2022-07-27,2023-05-26,Sales,Female,Hispanic,M4,True
e003499,2022-07-27,,Administrative,Female,Asian,IC5,False
e003500,2022-07-22,,Administrative,Female,Hispanic,IC1,True
e003501,2022-07-08,2023-10-11,Sales,Male,White,S1,False
e003502,2022-07-12,2024-06-21,Sales,Female,Asian,S3,False
e003503,2022-08-23,,Sales,Female,Asian,S2,False
e003504,2022-08-10,2023-02-21,Administrative,Male,Hispanic,IC3,True
e003505,2022-08-03,2022-10-19,Production,Male,White,IC1,False
e003506,2022-08-17,2022-11-15,Sales,Female,Asian,S2,False
e003507,2022-08-22,2024-05-17,Production,Male,Black,S2,True
e003508,2022-08-24,2023-03-16,Sales,Male,Asian,S2,False
e003509,2022-08-29,,Administrative,Female,Asian,IC5,False
e003510,2022-08-19,2023-02-24,Sales,Male,White,S3,False
e003511,2022-08-29,2024-04-02,Administrative,Male,Asian,M4,False
e003512,2022-08-31,2023-05-08,Administrative,Female,Asian,M5,False
e003513,2022-08-10,,Sales,Male,Asian,IC7,False
e003514,2022-08-08,2023-12-20,Production,Non-binary,Asian,IC3,False
e003515,2022-08-17,2023-03-23,Production,Male,White,IC4,False
e003516,2022-08-23,2023-09-25,Administrative,Female,White,IC3,False
e003517,2022-08-16,2023-06-16,Sales,Female,Hispanic,IC2,True
e003518,2022-08-08,2023-02-09,Sales,Female,White,IC2,False
e003519,2022-08-11,,Sales,Male,Asian,IC1,False
e003520,2022-08-15,2024-02-06,Production,Female,Black,S2,True
e003521,2022-08-17,2024-06-05,Administrative,Female,Hispanic,IC1,True
e003522,2022-08-04,2023-11-03,Production,Male,Asian,S1,False
e003523,2022-09-15,2024-10-28,Production,Female,White,IC7,False
e003524,2022-09-15,2022-11-15,Administrative,Female,White,IC1,False
e003525,2022-09-22,,Administrative,Female,White,IC5,False
e003526,2022-09-15,2022-12-20,Administrative,Male,Asian,S1,False
e003527,2022-09-19,2023-12-29,Sales,Female,Asian,IC5,False
e003528,2022-09-14,,Administrative,Male,Black,S1,True
e003529,2022-09-26,2022-11-14,Production,Female,Asian,M4,False
e003530,2022-09-07,2023-02-13,Sales,Male,Asian,M4,False
e003531,2022-09-05,,Production,Male,Hispanic,M4,True
e003532,2022-09-07,,Sales,Male,Asian,S2,False
e003533,2022-09-06,2023-10-10,Sales,Male,Asian,IC5,False
e003534,2022-09-20,,Production,Female,White,IC2,False
e003535,2022-09-09,2024-06-20,Sales,Female,White,S2,False
e003536,2022-09-09,2023-03-13,Production,Non-binary,Asian,M7,False
e003537,2022-09-05,2024-03-20,Administrative,Male,Asian,IC3,False
e003538,2022-09-08,,Administrative,Male,Hispanic,IC6,True
e003539,2022-09-28,,Administrative,Female,Hispanic,M4,True
e003540,2022-09-07,,Production,Female,Asian,IC1,False
e003541,2022-09-09,,Production,Female,White,S3,False
e003542,2022-09-28,,Production,Female,Asian,S1,False
e003543,2022-09-13,2023-03-30,Sales,Female,Asian,IC6,False
e003544,2022-09-15,2024-02-29,Administrative,Female,Asian,IC4,False
e003545,2022-09-15,,Sales,Female,Black,S3,True
e003546,2022-09-13,2023-09-05,Sales,Male,Black,IC2,True
e003547,2022-09-15,2023-04-25,Production,Male,Asian,S1,False
e003548,2022-09-12,2023-04-25,Administrative,Male,White,M5,False
e003549,2022-09-14,2023-02-24,Sales,Male,Hispanic,IC3,True
e003550,2022-09-08,2024-03-21,Production,Male,Asian,IC6,False
e003551,2022-09-06,2024-05-28,Sales,Female,Asian,S3,False
e003552,2022-09-09,2023-07-26,Production,Female,Hispanic,IC4,True
e003553,2022-09-20,,Production,Female,Asian,IC6,False
e003554,2022-09-28,2023-03-20,Administrative,Male,Hispanic,IC7,True
e003555,2022-09-12,2022-12-14,Sales,Male,Hispanic,S1,True
e003556,2022-09-27,,Sales,Female,Asian,S3,False
e003557,2022-09-16,2024-02-12,Production,Male,Asian,S3,False
e003558,2022-09-26,2023-04-05,Production,Female,Black,IC4,True
e003559,2022-09-23,2023-04-27,Sales,Female,Asian,IC6,False
e003560,2022-09-29,,Production,Female,Asian,IC7,False
e003561,2022-09-30,2023-04-20,Production,Female,Hispanic,IC2,True
e003562,2022-09-01,,Sales,Female,Asian,IC3,False
e003563,2022-09-13,2022-11-07,Sales,Non-binary,Black,M6,True
e003564,2022-09-16,,Production,Female,Black,M4,True
e003565,2022-09-02,,Production,Female,Hispanic,M5,True
e003566,2022-09-15,2022-10-21,Sales,Non-binary,Black,IC3,True
e003567,2022-09-09,2023-03-02,Production,Female,Black,M4,True
e003568,2022-09-21,2023-05-18,Production,Female,Asian,S1,False
e003569,2022-09-09,2023-04-14,Sales,Female,Asian,S3,False
e003570,2022-09-26,2024-01-11,Production,Female,White,IC1,False
e003571,2022-09-21,2023-09-07,Sales,Female,Asian,M4,False
e003572,2022-09-14,2024-02-16,Administrative,Female,Hispanic,IC7,True
e003573,2022-09-12,,Production,Female,Black,IC6,True
e003574,2022-09-27,2023-06-20,Administrative,Female,Asian,M4,False
e003575,2022-09-13,2023-07-11,Administrative,Female,White,IC5,False
e003576,2022-09-28,2023-07-04,Production,Male,White,IC5,False
e003577,2022-09-06,,Production,Male,Asian,M6,False
e003578,2022-09-23,2022-12-06,Production,Female,Hispanic,IC2,True
e003579,2022-09-16,2024-03-28,Administrative,Male,White,IC1,False
e003580,2022-09-06,2024-02-06,Sales,Male,Asian,S1,False
e003581,2022-09-27,,Sales,Female,White,IC2,False
e003582,2022-09-01,2023-04-17,Sales,Male,Hispanic,IC4,True
e003583,2022-09-30,2022-10-19,Production,Male,White,IC3,False
e003584,2022-09-26,,Sales,Female,Hispanic,M6,True
e003585,2022-09-09,2023-05-04,Production,Female,Hispanic,M5,True
e003586,2022-09-02,2023-07-12,Administrative,Male,Asian,IC1,False
e003587,2022-09-27,,Sales,Male,Asian,IC4,False
e003588,2022-09-15,2022-10-18,Administrative,Female,Asian,IC2,False
e003589,2022-09-27,2024-05-24,Sales,Male,Asian,IC4,False
e003590,2022-09-30,,Sales,Female,White,IC9,False
e003591,2022-09-09,,Sales,Female,Asian,IC2,False
e003592,2022-09-20,2023-04-28,Administrative,Female,Black,IC1,True
e003593,2022-09-02,,Administrative,Non-binary,Asian,S2,False
e003594,2022-09-13,2022-12-20,Administrative,Non-binary,Asian,IC7,False
e003595,2022-09-27,2023-02-15,Production,Female,Asian,M4,False
e003596,2022-09-06,,Administrative,Male,Asian,M5,False
e003597,2022-09-16,2023-03-30,Sales,Male,Asian,IC1,False
e003598,2022-09-09,2024-03-19,Production,Male,Asian,IC7,False
e003599,2022-09-22,2024-04-04,Production,Female,Asian,IC5,False
e003600,2022-09-27,2023-11-20,Sales,Male,Hispanic,IC4,True
e003601,2022-09-05,,Production,Female,White,S2,False
e003602,2022-09-08,2023-07-24,Administrative,Female,Black,IC3,True
e003603,2022-09-02,,Administrative,Female,Black,S1,True
e003604,2022-09-22,2024-01-29,Sales,Female,Black,S1,True
e003605,2022-09-09,2023-04-24,Administrative,Female,Hispanic,IC3,True
e003606,2022-09-14,,Production,Female,Asian,IC7,False
e003607,2022-09-29,2023-01-02,Production,Male,White,S3,False
e003608,2022-09-15,2022-10-03,Sales,Male,Hispanic,S3,True
e003609,2022-09-22,2024-02-07,Administrative,Female,White,IC3,False
e003610,2022-09-19,2023-02-20,Administrative,Male,Black,S3,True
e003611,2022-09-06,2023-02-07,Sales,Male,Hispanic,IC6,True
e003612,2022-09-14,2024-03-18,Production,Male,Black,IC3,True
e003613,2022-09-29,2023-06-16,Production,Non-binary,Hispanic,IC1,True
e003614,2022-09-23,2024-02-19,Sales,Female,White,M4,False
e003615,2022-09-13,,Sales,Non-binary,Asian,S2,False
e003616,2022-09-30,2024-04-25,Administrative,Non-binary,Asian,S2,False
e003617,2022-09-16,2022-11-29,Administrative,Female,White,IC2,False
e003618,2022-09-19,,Administrative,Male,Hispanic,S1,True
e003619,2022-09-07,2022-10-11,Production,Male,Hispanic,IC3,True
e003620,2022-09-27,,Sales,Female,Asian,IC3,False
e003621,2022-09-06,2023-09-21,Sales,Male,Hispanic,S2,True
e003622,2022-09-06,2023-01-19,Administrative,Non-binary,Black,IC1,True
e003623,2022-09-20,2023-06-22,Administrative,Non-binary,Hispanic,IC5,True
e003624,2022-09-15,2023-04-14,Administrative,Male,Black,S2,True
e003625,2022-09-28,2023-11-22,Production,Female,Asian,S2,False
e003626,2022-09-14,,Sales,Female,White,S1,False
e003627,2022-09-22,2022-11-14,Production,Male,Black,IC8,True
e003628,2022-09-27,2023-03-01,Production,Female,Asian,IC1,False
e003629,2022-09-07,,Production,Female,White,IC2,False
e003630,2022-09-22,2023-02-16,Administrative,Female,Hispanic,IC4,True
e003631,2022-09-05,2023-03-23,Administrative,Female,Black,IC3,True
e003632,2022-09-15,2023-07-18,Production,Female,Asian,S3,False
e003633,2022-09-05,2022-12-19,Administrative,Non-binary,White,IC6,False
e003634,2022-09-09,2023-03-27,Sales,Female,Black,IC4,True
e003635,2022-09-01,2023-12-29,Administrative,Male,White,M5,False
e003636,2022-09-16,2022-11-23,Production,Female,Asian,IC7,False
e003637,2022-09-13,2023-12-26,Sales,Female,Black,IC5,True
e003638,2022-09-28,,Administrative,Female,Hispanic,IC2,True
e003639,2022-09-27,2023-07-25,Sales,Female,White,IC1,False
e003640,2022-09-02,2023-03-09,Sales,Female,Asian,IC2,False
e003641,2022-09-20,,Sales,Female,Black,S2,True
e003642,2022-09-22,2024-05-13,Production,Female,Asian,IC7,False
e003643,2022-09-12,2023-09-12,Production,Female,Black,M4,True
e003644,2022-09-09,2023-12-27,Sales,Female,Asian,S2,False
e003645,2022-09-02,2022-11-10,Administrative,Female,White,M4,False
e003646,2022-09-19,,Sales,Female,Asian,S1,False
e003647,2022-09-15,,Administrative,Female,Asian,S2,False
e003648,2022-09-08,,Administrative,Non-binary,Black,IC3,True
e003649,2022-09-23,2023-02-22,Sales,Female,Asian,M4,False
e003650,2022-09-29,,Sales,Female,White,S1,False
e003651,2022-09-30,2024-03-06,Production,Female,Hispanic,IC2,True
e003652,2022-09-16,2023-05-19,Administrative,Male,Asian,S3,False
e003653,2022-09-01,2022-10-03,Sales,Male,Asian,IC7,False
e003654,2022-09-20,2023-12-14,Production,Female,Asian,IC5,False
e003655,2022-09-09,2022-11-24,Production,Female,Asian,S3,False
e003656,2022-09-06,2023-05-10,Sales,Male,Black,IC1,True
e003657,2022-09-16,2024-01-09,Sales,Male,Asian,S2,False
e003658,2022-09-15,2023-09-20,Sales,Male,White,IC3,False
e003659,2022-09-30,2023-06-01,Sales,Female,White,IC2,False
e003660,2022-09-23,,Sales,Non-binary,Hispanic,IC3,True
e003661,2022-09-09,,Production,Male,Asian,IC1,False
e003662,2022-09-30,2023-10-26,Production,Female,Hispanic,S2,True
e003663,2022-09-30,2023-06-05,Administrative,Male,Hispanic,M6,True
e003664,2022-09-30,,Sales,Female,Asian,S3,False
e003665,2022-09-27,2024-03-07,Production,Male,Black,IC1,True
e003666,2022-09-06,2022-12-27,Production,Female,White,IC6,False
e003667,2022-09-01,2024-02-02,Sales,Female,Hispanic,M4,True
e003668,2022-09-13,2023-05-22,Administrative,Male,Black,S2,True
e003669,2022-09-26,2022-11-09,Production,Male,Asian,S1,False
e003670,2022-09-22,,Production,Female,Hispanic,S1,True
e003671,2022-09-07,2024-11-12,Administrative,Female,Black,IC4,True
e003672,2022-09-13,2023-06-22,Sales,Male,Hispanic,S3,True
e003673,2022-09-20,,Administrative,Male,Asian,M5,False
e003674,2022-09-16,2023-05-25,Production,Male,Asian,IC4,False
e003675,2022-09-12,2023-07-31,Administrative,Male,White,S1,False
e003676,2022-09-07,2023-05-31,Administrative,Female,Black,M6,True
e003677,2022-09-16,2023-06-02,Production,Male,Hispanic,IC2,True
e003678,2022-09-28,,Administrative,Male,Asian,S1,False
e003679,2022-09-07,2022-11-21,Sales,Female,Black,M6,True
e003680,2022-09-28,2024-03-08,Production,Female,Asian,IC3,False
e003681,2022-09-07,,Production,Female,Black,IC3,True
e003682,2022-09-15,,Sales,Female,White,M6,False
e003683,2022-09-02,,Sales,Female,White,IC7,False
e003684,2022-09-23,2022-11-08,Production,Female,Black,S1,True
e003685,2022-09-09,2023-10-30,Administrative,Female,Asian,IC2,False
e003686,2022-09-06,2023-02-07,Production,Female,Asian,IC3,False
e003687,2022-09-16,,Sales,Male,Asian,S1,False
e003688,2022-09-01,,Administrative,Male,Asian,IC3,False
e003689,2022-09-23,,Production,Female,Asian,IC6,False
e003690,2022-09-29,2022-11-24,Production,Male,Asian,IC3,False
e003691,2022-09-21,,Production,Male,White,IC1,False
e003692,2022-09-23,2022-12-26,Administrative,Female,White,IC7,False
e003693,2022-09-22,,Production,Female,Asian,S3,False
e003694,2022-09-27,2024-01-26,Production,Female,Black,S2,True
e003695,2022-09-29,2023-03-30,Sales,Male,Black,IC9,True
e003696,2022-09-14,,Sales,Female,Asian,IC4,False
e003697,2022-09-27,2024-02-15,Production,Female,Asian,IC3,False
e003698,2022-09-16,,Administrative,Non-binary,White,IC6,False
e003699,2022-09-20,,Sales,Female,Black,IC6,True
e003700,2022-09-06,2023-05-30,Administrative,Male,Black,IC4,True
e003701,2022-09-15,,Production,Male,White,IC1,False
e003702,2022-09-09,2023-09-06,Sales,Female,Black,IC1,True
e003703,2022-09-19,2023-04-11,Sales,Female,Black,IC6,True
e003704,2022-09-16,2023-04-27,Sales,Female,Hispanic,M4,True
e003705,2022-09-12,2023-04-27,Administrative,Male,Black,S3,True
e003706,2022-09-26,2024-05-16,Production,Male,White,IC3,False
e003707,2022-10-24,,Sales,Male,Hispanic,S1,True
e003708,2022-10-24,,Administrative,Non-binary,White,S2,False
e003709,2022-10-21,,Sales,Female,Hispanic,S2,True
e003710,2022-10-06,2023-10-20,Administrative,Male,Asian,IC2,False
e003711,2022-10-07,2024-04-03,Sales,Male,Black,IC6,True
e003712,2022-10-13,,Production,Female,Asian,IC2,False
e003713,2022-10-24,2023-01-30,Production,Female,White,IC8,False
e003714,2022-10-20,,Sales,Male,Asian,S3,False
e003715,2022-10-06,2022-12-15,Sales,Male,White,S2,False
e003716,2022-11-21,,Sales,Female,Asian,S2,False
e003717,2022-11-23,,Production,Female,Asian,S2,False
e003718,2022-11-28,2023-09-07,Sales,Non-binary,Asian,IC4,False
e003719,2022-11-24,,Administrative,Female,Asian,M5,False
e003720,2022-11-24,2024-02-16,Sales,Male,White,IC2,False
e003721,2022-11-14,2024-05-21,Production,Male,Asian,IC8,False
e003722,2022-11-08,2023-09-08,Production,Female,Asian,IC2,False
e003723,2022-11-16,2023-11-06,Administrative,Male,Black,M5,True
e003724,2022-11-11,2023-05-22,Production,Male,White,S3,False
e003725,2022-11-29,2023-12-26,Administrative,Female,Hispanic,IC4,True
e003726,2022-11-03,2023-06-02,Sales,Female,Black,IC3,True
e003727,2022-11-18,2023-12-04,Sales,Male,Black,IC1,True
e003728,2022-11-22,2023-09-15,Administrative,Female,Black,IC6,True
e003729,2022-11-30,2022-12-22,Production,Male,Black,IC3,True
e003730,2022-11-07,2023-02-14,Sales,Female,Asian,IC8,False
e003731,2022-11-03,2024-05-10,Production,Male,White,S2,False
e003732,2022-11-08,2024-01-17,Sales,Female,White,S1,False
e003733,2022-11-16,,Production,Female,Asian,M4,False
e003734,2022-11-23,2022-12-06,Administrative,Female,Hispanic,IC7,True
e003735,2022-11-24,,Production,Female,Black,IC7,True
e003736,2022-11-04,2023-05-11,Sales,Female,White,M6,False
e003737,2022-11-15,2023-02-20,Administrative,Male,Black,IC2,True
e003738,2022-11-14,,Sales,Female,Asian,M4,False
e003739,2022-11-16,2023-02-27,Sales,Female,Asian,IC3,False
e003740,2022-11-02,,Production,Female,Asian,IC5,False
e003741,2022-11-15,,Administrative,Female,Hispanic,M4,True
e003742,2022-11-21,,Administrative,Female,Black,IC1,True
e003743,2022-11-25,2022-12-06,Administrative,Female,Asian,IC5,False
e003744,2022-11-23,2023-09-26,Administrative,Female,Hispanic,M6,True
e003745,2022-11-11,,Production,Female,White,IC3,False
e003746,2022-11-02,,Sales,Female,Asian,IC1,False
e003747,2022-11-08,2023-07-05,Sales,Female,Black,IC4,True
e003748,2022-11-23,2023-11-08,Sales,Male,Asian,IC2,False
e003749,2022-11-30,2023-09-29,Administrative,Female,Asian,IC8,False
e003750,2022-11-30,2023-04-10,Administrative,Female,Asian,S2,False
e003751,2022-11-09,2024-03-20,Administrative,Non-binary,Black,M4,True
e003752,2022-11-17,,Sales,Non-binary,Hispanic,IC2,True
e003753,2022-11-10,2023-05-10,Administrative,Female,Black,S1,True
e003754,2022-11-03,2024-01-25,Production,Female,Black,IC7,True
e003755,2022-11-09,,Production,Male,Hispanic,IC2,True
e003756,2022-11-10,,Sales,Female,Hispanic,S1,True
e003757,2022-11-07,2024-03-19,Administrative,Male,Asian,IC4,False
e003758,2022-11-03,2023-06-06,Administrative,Male,Hispanic,IC2,True
e003759,2022-11-24,2023-07-06,Sales,Non-binary,Asian,M6,False
e003760,2022-11-07,,Sales,Male,White,IC3,False
e003761,2022-11-17,2024-03-21,Production,Male,Black,S1,True
e003762,2022-11-24,2023-05-05,Administrative,Female,White,IC5,False
e003763,2022-11-30,2023-01-06,Administrative,Female,Asian,S3,False
e003764,2022-11-01,2024-06-27,Sales,Female,Hispanic,IC1,True
e003765,2022-11-04,2023-05-11,Administrative,Female,Hispanic,IC4,True
e003766,2022-11-03,2023-06-09,Administrative,Male,Asian,S3,False
e003767,2022-11-18,,Administrative,Female,Hispanic,S1,True
e003768,2022-11-03,,Administrative,Female,Asian,M4,False
e003769,2022-11-07,,Sales,Non-binary,Asian,IC1,False
e003770,2022-11-25,2023-03-01,Sales,Female,Black,M6,True
e003771,2022-11-11,,Administrative,Male,Asian,IC4,False
e003772,2022-11-10,,Sales,Female,Asian,IC1,False
e003773,2022-11-17,2024-06-18,Administrative,Male,Asian,IC4,False
e003774,2022-11-24,2023-10-13,Production,Female,Asian,IC1,False
e003775,2022-11-16,2023-06-20,Administrative,Male,Asian,IC1,False
e003776,2022-11-11,,Administrative,Female,Asian,IC2,False
e003777,2022-11-22,2024-04-15,Administrative,Female,Black,IC6,True
e003778,2022-11-16,2023-05-19,Production,Female,Black,IC3,True
e003779,2022-11-07,,Sales,Female,Asian,IC2,False
e003780,2022-11-21,2023-04-28,Production,Female,White,IC4,False
e003781,2022-11-18,2024-02-15,Sales,Male,Hispanic,M4,True
e003782,2022-11-23,2023-02-07,Administrative,Female,Black,IC6,True
e003783,2022-11-16,2023-09-07,Sales,Male,Asian,IC5,False
e003784,2022-11-25,,Administrative,Non-binary,Hispanic,M6,True
e003785,2022-11-09,2023-02-09,Sales,Female,White,IC4,False
e003786,2022-11-08,2023-10-27,Sales,Non-binary,Hispanic,S1,True
e003787,2022-11-29,,Administrative,Non-binary,Asian,S1,False
e003788,2022-11-11,2023-06-21,Sales,Female,Hispanic,IC4,True
e003789,2022-11-18,2023-10-11,Sales,Female,Asian,S3,False
e003790,2022-11-22,2023-10-19,Administrative,Female,Black,IC5,True
e003791,2022-11-25,2024-10-24,Administrative,Female,Asian,IC2,False
e003792,2022-11-14,2023-06-05,Sales,Male,Asian,M4,False
e003793,2022-11-11,2023-05-26,Administrative,Female,Asian,S2,False
e003794,2022-11-03,,Production,Female,White,IC3,False
e003795,2022-11-03,2024-06-13,Production,Female,Black,IC5,True
e003796,2022-11-21,2023-04-12,Administrative,Male,Black,M7,True
e003797,2022-11-21,2023-03-22,Sales,Female,Asian,S1,False
e003798,2022-11-28,2024-05-22,Production,Female,Hispanic,IC6,True
e003799,2022-11-03,,Administrative,Female,Black,IC5,True
e003800,2022-11-17,,Production,Female,Black,M7,True
e003801,2022-11-04,2023-04-21,Administrative,Female,Asian,IC1,False
e003802,2022-11-28,2023-07-24,Production,Female,White,M4,False
e003803,2022-11-28,2023-05-15,Production,Non-binary,Hispanic,M5,True
e003804,2022-11-02,2023-03-06,Production,Female,Hispanic,IC2,True
e003805,2022-11-15,,Sales,Female,Asian,IC2,False
e003806,2022-11-28,,Sales,Female,White,S2,False
e003807,2022-11-24,,Sales,Female,Asian,IC4,False
e003808,2022-11-14,2024-04-09,Administrative,Female,Asian,IC4,False
e003809,2022-11-03,2023-06-21,Administrative,Female,White,S3,False
e003810,2022-11-29,2022-12-28,Production,Female,Asian,M5,False
e003811,2022-11-25,2023-03-09,Sales,Female,Hispanic,IC5,True
e003812,2022-11-30,2024-10-16,Production,Female,Asian,IC7,False
e003813,2022-11-01,2023-01-09,Sales,Female,White,IC1,False
e003814,2022-11-08,2024-03-07,Production,Male,Black,M5,True
e003815,2022-11-25,2023-09-13,Administrative,Female,Hispanic,IC3,True
e003816,2022-11-16,2024-06-13,Sales,Male,Asian,IC6,False
e003817,2022-11-25,,Sales,Non-binary,Black,S1,True
e003818,2022-11-23,2023-12-11,Administrative,Female,Asian,IC6,False
e003819,2022-11-08,2023-06-14,Production,Female,Black,IC5,True
e003820,2022-11-30,2023-02-02,Production,Male,White,IC4,False
e003821,2022-11-23,2023-04-13,Sales,Non-binary,Black,M5,True
e003822,2022-11-08,,Production,Male,White,IC4,False
e003823,2022-11-17,,Administrative,Male,White,S1,False
e003824,2022-11-21,2024-03-05,Sales,Female,White,IC3,False
e003825,2022-11-02,,Production,Female,Asian,IC4,False
e003826,2022-11-29,2024-03-01,Production,Female,Hispanic,IC7,True
e003827,2022-11-18,2024-05-13,Sales,Male,Hispanic,M7,True
e003828,2022-11-11,,Production,Male,Asian,M7,False
e003829,2022-11-15,2024-01-25,Production,Male,Hispanic,IC2,True
e003830,2022-11-22,,Production,Male,Black,IC6,True
e003831,2022-11-25,2024-04-18,Production,Non-binary,Black,M7,True
e003832,2022-11-17,2023-05-02,Production,Non-binary,Asian,IC8,False
e003833,2022-11-29,,Production,Female,Asian,IC7,False
e003834,2022-11-30,2022-12-12,Sales,Female,Hispanic,S1,True
e003835,2022-11-24,,Production,Male,Asian,IC3,False
e003836,2022-11-11,2023-10-12,Sales,Female,Asian,IC3,False
e003837,2022-11-03,2023-11-23,Sales,Female,White,S1,False
e003838,2022-11-09,2024-04-24,Production,Female,Hispanic,IC3,True
e003839,2022-11-17,2024-03-08,Sales,Non-binary,Hispanic,IC9,True
e003840,2022-11-23,2024-06-03,Sales,Female,Asian,IC5,False
e003841,2022-11-23,2024-10-01,Sales,Female,Asian,IC3,False
e003842,2022-11-07,2024-06-14,Sales,Non-binary,Asian,IC1,False
e003843,2022-11-22,,Administrative,Female,Asian,M4,False
e003844,2022-11-03,2023-04-04,Sales,Male,Black,S3,True
e003845,2022-11-17,2024-06-04,Administrative,Female,White,IC6,False
e003846,2022-11-22,2023-02-15,Administrative,Male,White,IC1,False
e003847,2022-11-28,2024-03-05,Sales,Male,Hispanic,S1,True
e003848,2022-11-04,2024-03-18,Administrative,Female,Asian,S1,False
e003849,2022-11-01,2024-10-31,Production,Female,Asian,IC7,False
e003850,2022-11-24,,Administrative,Female,White,M4,False
e003851,2022-11-07,,Administrative,Female,Hispanic,M4,True
e003852,2022-11-29,2023-02-13,Sales,Female,Asian,S2,False
e003853,2022-11-16,2023-04-07,Administrative,Female,Black,IC7,True
e003854,2022-11-08,2023-02-27,Administrative,Female,Hispanic,S2,True
e003855,2022-11-11,2024-10-31,Administrative,Female,Hispanic,IC3,True
e003856,2022-11-15,2023-09-04,Administrative,Female,Asian,IC3,False
e003857,2022-11-25,,Administrative,Female,Black,S3,True
e003858,2022-11-22,2024-11-13,Sales,Non-binary,Asian,IC3,False
e003859,2022-11-16,2024-03-19,Sales,Male,Black,IC2,True
e003860,2022-11-14,,Administrative,Female,Asian,IC4,False
e003861,2022-11-30,2023-03-27,Sales,Male,Black,M4,True
e003862,2022-11-09,2024-02-01,Administrative,Male,Asian,M4,False
e003863,2022-11-10,2023-05-04,Administrative,Male,Black,IC5,True
e003864,2022-11-22,2023-06-15,Production,Male,Black,IC5,True
e003865,2022-11-29,2024-01-03,Administrative,Female,Asian,S1,False
e003866,2022-11-23,,Administrative,Male,White,S1,False
e003867,2022-11-16,,Administrative,Female,Black,IC1,True
e003868,2022-11-29,2023-11-17,Administrative,Female,Asian,S1,False
e003869,2022-11-30,,Sales,Male,Asian,IC3,False
e003870,2022-11-17,,Sales,Female,White,IC3,False
e003871,2022-11-29,2023-04-12,Sales,Male,White,S1,False
e003872,2022-11-02,2024-01-30,Administrative,Female,Black,S1,True
e003873,2022-11-22,,Sales,Female,Asian,IC1,False
e003874,2022-11-03,2023-04-14,Sales,Female,Asian,IC3,False
e003875,2022-11-16,2023-04-04,Sales,Female,Black,IC6,True
e003876,2022-11-24,2022-12-14,Administrative,Non-binary,Asian,S3,False
e003877,2022-11-17,2023-03-27,Administrative,Female,Asian,IC3,False
e003878,2022-11-17,2022-12-22,Sales,Female,White,S2,False
e003879,2022-11-29,2023-07-28,Sales,Male,Asian,S2,False
e003880,2022-11-02,,Administrative,Female,Asian,M5,False
e003881,2022-11-02,,Administrative,Male,Asian,IC6,False
e003882,2022-11-11,2023-03-16,Sales,Female,Black,IC2,True
e003883,2022-11-30,,Sales,Female,Asian,IC3,False
e003884,2022-11-24,2023-01-24,Administrative,Male,Asian,M4,False
e003885,2022-11-14,,Administrative,Female,Hispanic,M5,True
e003886,2022-11-11,,Production,Male,Asian,S3,False
e003887,2022-11-24,2024-01-22,Production,Non-binary,Hispanic,S1,True
e003888,2022-11-07,2024-10-04,Production,Female,Hispanic,M6,True
e003889,2022-11-02,2023-04-05,Administrative,Male,Asian,IC5,False
e003890,2022-11-14,2023-07-17,Administrative,Non-binary,White,IC4,False
e003891,2022-11-23,,Sales,Female,Hispanic,IC3,True
e003892,2022-11-29,,Production,Female,Black,S3,True
e003893,2022-11-10,2024-02-13,Sales,Female,Black,M4,True
e003894,2022-11-07,2023-05-19,Sales,Female,Black,IC5,True
e003895,2022-11-16,2024-04-22,Production,Female,White,S3,False
e003896,2022-11-10,,Sales,Male,Hispanic,M4,True
e003897,2022-11-16,,Administrative,Female,Asian,M4,False
e003898,2022-11-28,,Sales,Female,Hispanic,S2,True
e003899,2022-11-24,,Sales,Female,Asian,IC7,False
e003900,2022-11-01,2024-04-10,Administrative,Female,Asian,S1,False
e003901,2022-11-16,,Administrative,Male,Hispanic,S2,True
e003902,2022-11-24,2023-09-07,Administrative,Female,Black,M5,True
e003903,2022-11-29,,Administrative,Female,Asian,IC1,False
e003904,2022-11-07,,Administrative,Female,Asian,IC2,False
e003905,2022-11-15,,Production,Male,Asian,IC4,False
e003906,2022-12-08,2024-10-15,Sales,Female,Hispanic,S3,True
e003907,2022-12-02,,Sales,Female,Asian,IC4,False
e003908,2022-12-28,,Sales,Male,Asian,M6,False
e003909,2022-12-07,2023-07-27,Sales,Female,Asian,IC4,False
e003910,2022-12-09,2023-05-17,Sales,Female,Asian,IC7,False
e003911,2022-12-13,,Sales,Male,Black,IC5,True
e003912,2022-12-16,2024-05-16,Sales,Female,Asian,IC2,False
e003913,2022-12-01,2023-02-13,Administrative,Female,Asian,S1,False
e003914,2022-12-14,,Production,Female,Asian,M6,False
e003915,2022-12-15,2023-03-06,Sales,Female,White,IC5,False
e003916,2022-12-14,2023-11-30,Production,Female,Hispanic,IC4,True
e003917,2022-12-29,,Production,Female,Hispanic,S1,True
e003918,2022-12-08,,Production,Male,Asian,S3,False
e003919,2022-12-08,2023-05-18,Administrative,Male,White,IC4,False
e003920,2022-12-29,,Production,Non-binary,Asian,IC4,False
e003921,2022-12-05,2023-03-14,Administrative,Male,Asian,IC9,False
e003922,2022-12-02,,Production,Male,Asian,IC4,False
e003923,2022-12-08,,Sales,Female,White,IC9,False
e003924,2022-12-19,,Sales,Female,Asian,IC4,False
e003925,2022-12-26,,Sales,Female,Black,S3,True
e003926,2022-12-01,,Production,Female,Asian,S1,False
e003927,2022-12-28,,Sales,Female,White,M5,False
e003928,2022-12-19,,Sales,Female,Asian,S2,False
e003929,2022-12-19,2023-10-24,Production,Female,Hispanic,IC2,True
e003930,2022-12-01,2023-10-10,Production,Female,Asian,IC1,False
e003931,2022-12-23,2024-04-02,Administrative,Female,Asian,IC4,False
e003932,2022-12-26,,Administrative,Female,Black,IC5,True
e003933,2022-12-27,,Sales,Female,Black,IC2,True
e003934,2022-12-05,2023-04-06,Sales,Male,Hispanic,IC3,True
e003935,2022-12-07,,Production,Male,Black,S1,True
e003936,2022-12-07,,Production,Female,Black,IC3,True
e003937,2022-12-14,2023-03-10,Sales,Male,Black,S1,True
e003938,2022-12-13,2023-03-31,Sales,Female,Hispanic,IC1,True
e003939,2022-12-05,2023-05-30,Sales,Female,Black,S3,True
e003940,2022-12-15,2023-06-07,Sales,Female,White,S1,False
e003941,2022-12-28,,Administrative,Male,Black,IC2,True
e003942,2022-12-05,,Production,Non-binary,Hispanic,IC8,True
e003943,2022-12-07,,Production,Male,Asian,IC5,False
e003944,2022-12-12,2023-02-06,Administrative,Female,Asian,IC5,False
e003945,2022-12-30,,Sales,Female,White,M5,False
e003946,2022-12-01,2024-11-01,Administrative,Male,White,S1,False
e003947,2022-12-29,2023-04-05,Administrative,Female,Asian,S3,False
e003948,2022-12-09,2024-04-19,Administrative,Female,Asian,IC1,False
e003949,2022-12-01,,Sales,Male,Asian,S1,False
e003950,2022-12-27,,Sales,Male,Black,IC4,True
e003951,2022-12-14,,Sales,Female,Asian,IC4,False
e003952,2022-12-29,,Sales,Male,Asian,IC3,False
e003953,2022-12-12,,Production,Female,White,S3,False
e003954,2022-12-05,,Sales,Female,Asian,IC1,False
e003955,2022-12-27,,Administrative,Male,Asian,IC5,False
e003956,2022-12-29,2024-11-04,Administrative,Female,Black,M4,True
e003957,2022-12-08,,Administrative,Female,White,IC7,False
e003958,2022-12-12,2024-04-15,Administrative,Female,Hispanic,S3,True
e003959,2022-12-12,2023-06-27,Sales,Male,Hispanic,IC4,True
e003960,2022-12-12,,Sales,Female,Asian,IC7,False
e003961,2022-12-08,,Sales,Female,Asian,IC3,False
e003962,2022-12-30,2024-10-17,Sales,Male,Asian,M4,False
e003963,2022-12-12,2024-10-24,Production,Female,Asian,M9,False
e003964,2022-12-01,2024-04-17,Production,Female,Asian,S1,False
e003965,2022-12-06,2024-02-27,Production,Male,Black,S1,True
e003966,2022-12-23,2023-09-20,Production,Female,White,IC3,False
e003967,2022-12-27,2023-06-21,Sales,Female,Asian,S3,False
e003968,2022-12-19,2023-03-10,Sales,Female,Asian,M5,False
e003969,2022-12-19,2024-01-24,Production,Female,Black,S3,True
e003970,2022-12-06,2023-04-24,Sales,Female,Asian,S1,False
e003971,2022-12-14,,Administrative,Female,Black,IC2,True
e003972,2022-12-30,2023-06-19,Administrative,Female,White,IC7,False
e003973,2022-12-23,,Production,Female,Hispanic,IC3,True
e003974,2022-12-01,2023-03-23,Administrative,Male,Hispanic,IC5,True
e003975,2022-12-20,2024-05-23,Administrative,Male,Asian,IC4,False
e003976,2022-12-21,2024-10-08,Sales,Male,Hispanic,IC8,True
e003977,2022-12-23,,Administrative,Male,Asian,IC3,False
e003978,2022-12-28,,Administrative,Female,Hispanic,IC4,True
e003979,2022-12-12,2023-07-05,Sales,Female,White,IC4,False
e003980,2022-12-14,,Administrative,Female,Hispanic,IC8,True
e003981,2022-12-29,2023-05-12,Sales,Female,Hispanic,M6,True
e003982,2022-12-29,,Sales,Male,Black,IC2,True
e003983,2022-12-29,,Administrative,Male,Asian,IC4,False
e003984,2022-12-07,,Production,Male,Black,IC6,True
e003985,2022-12-12,,Sales,Male,Asian,IC1,False
e003986,2022-12-23,2024-05-03,Administrative,Non-binary,Asian,IC1,False
e003987,2022-12-06,2023-06-20,Production,Non-binary,Asian,S1,False
e003988,2022-12-08,,Sales,Female,White,IC7,False
e003989,2022-12-20,2023-03-29,Sales,Female,White,IC3,False
e003990,2022-12-21,,Sales,Female,White,IC2,False
e003991,2022-12-12,2024-04-09,Sales,Female,Asian,IC6,False
e003992,2022-12-13,,Administrative,Female,Asian,S3,False
e003993,2022-12-22,,Production,Female,White,M5,False
e003994,2022-12-06,2024-06-26,Sales,Female,Black,IC3,True
e003995,2022-12-08,2023-03-14,Sales,Female,White,IC1,False
e003996,2022-12-01,,Production,Female,Hispanic,IC4,True
e003997,2022-12-29,,Sales,Male,Black,M7,True
e003998,2022-12-19,,Sales,Female,Asian,M4,False
e003999,2022-12-01,2023-03-20,Sales,Female,White,S1,False
e004000,2022-12-21,,Production,Male,Hispanic,S1,True
e004001,2022-12-30,,Sales,Female,Hispanic,M6,True
e004002,2022-12-20,2024-10-11,Production,Male,Asian,IC2,False
e004003,2022-12-28,2024-02-29,Sales,Female,Asian,IC2,False
e004004,2022-12-21,2024-11-28,Sales,Female,Black,S2,True
e004005,2022-12-14,,Sales,Male,Black,S3,True
e004006,2022-12-20,,Administrative,Male,Hispanic,S1,True
e004007,2022-12-26,2023-01-31,Production,Male,White,IC6,False
e004008,2022-12-26,2024-06-12,Sales,Male,Asian,IC6,False
e004009,2022-12-06,,Administrative,Non-binary,White,S1,False
e004010,2022-12-21,2023-09-29,Sales,Male,Black,IC5,True
e004011,2023-01-25,2023-10-27,Administrative,Female,Asian,IC7,False
e004012,2023-01-20,,Sales,Female,Black,S1,True
e004013,2023-01-04,,Sales,Male,White,M5,False
e004014,2023-01-31,2024-01-29,Sales,Female,Black,M6,True
e004015,2023-01-24,,Administrative,Female,Asian,IC7,False
e004016,2023-01-10,2023-02-15,Sales,Male,White,IC8,False
e004017,2023-01-13,,Sales,Male,Hispanic,IC1,True
e004018,2023-01-11,2023-03-10,Sales,Male,Asian,S1,False
e004019,2023-01-16,,Sales,Female,White,S3,False
e004020,2023-01-12,,Administrative,Female,Hispanic,M5,True
e004021,2023-01-04,2024-02-22,Sales,Female,Asian,IC5,False
e004022,2023-01-24,2024-06-26,Production,Male,Asian,IC7,False
e004023,2023-01-13,,Sales,Female,Black,S1,True
e004024,2023-01-24,2023-03-24,Sales,Female,Asian,IC5,False
e004025,2023-01-31,2023-09-06,Production,Male,Hispanic,IC1,True
e004026,2023-01-04,,Sales,Female,Asian,IC8,False
e004027,2023-01-26,2024-03-20,Administrative,Male,Black,IC3,True
e004028,2023-01-17,,Administrative,Female,Black,M4,True
e004029,2023-01-20,,Sales,Female,Black,IC9,True
e004030,2023-01-30,,Sales,Male,Black,M7,True
e004031,2023-01-06,2023-02-09,Production,Female,White,IC3,False
e004032,2023-01-11,,Sales,Non-binary,White,IC5,False
e004033,2023-01-04,2024-05-02,Sales,Female,White,M5,False
e004034,2023-01-26,2023-05-22,Production,Male,Black,IC2,True
e004035,2023-01-09,2023-03-06,Production,Male,Asian,IC5,False
e004036,2023-01-23,2023-02-15,Administrative,Female,Asian,IC2,False
e004037,2023-01-24,2023-09-22,Sales,Female,Asian,IC7,False
e004038,2023-01-04,2023-04-19,Administrative,Female,White,S2,False
e004039,2023-01-30,,Production,Female,Hispanic,IC2,True
e004040,2023-01-30,2023-10-16,Administrative,Non-binary,Hispanic,IC4,True
e004041,2023-01-24,2023-06-16,Sales,Female,Asian,S1,False
e004042,2023-01-18,2023-03-02,Administrative,Female,Asian,IC2,False
e004043,2023-01-13,2024-01-11,Administrative,Female,Asian,S3,False
e004044,2023-01-26,2024-03-29,Sales,Female,Black,IC3,True
e004045,2023-01-09,,Sales,Male,Hispanic,IC1,True
e004046,2023-01-26,2023-04-28,Sales,Female,White,IC6,False
e004047,2023-01-03,2023-02-08,Administrative,Male,Asian,IC1,False
e004048,2023-01-25,2023-04-26,Administrative,Female,Hispanic,IC4,True
e004049,2023-01-05,2023-03-23,Sales,Male,Black,IC7,True
e004050,2023-01-02,2024-10-22,Production,Non-binary,White,M5,False
e004051,2023-01-24,,Administrative,Female,Asian,M4,False
e004052,2023-01-12,2023-05-02,Production,Male,Hispanic,IC2,True
e004053,2023-01-11,2023-05-15,Sales,Male,Hispanic,S1,True
e004054,2023-01-12,2023-10-19,Administrative,Non-binary,White,M4,False
e004055,2023-01-19,2023-03-24,Production,Male,Asian,S3,False
e004056,2023-01-09,2024-04-04,Administrative,Female,Black,IC3,True
e004057,2023-01-24,2023-07-17,Sales,Female,Hispanic,S3,True
e004058,2023-01-24,2023-03-22,Sales,Female,Asian,IC7,False
e004059,2023-01-02,,Administrative,Female,Asian,IC1,False
e004060,2023-01-20,2024-05-24,Administrative,Male,Asian,IC1,False
e004061,2023-01-27,2024-04-11,Sales,Female,Hispanic,IC9,True
e004062,2023-01-06,2023-03-16,Administrative,Female,Black,IC2,True
e004063,2023-01-05,,Production,Female,Hispanic,S1,True
e004064,2023-01-16,,Sales,Female,Hispanic,IC4,True
e004065,2023-01-06,2024-06-11,Administrative,Male,Asian,IC2,False
e004066,2023-01-26,2023-03-03,Production,Female,White,IC3,False
e004067,2023-01-17,2024-04-17,Administrative,Female,Asian,S3,False
e004068,2023-01-13,2023-11-29,Sales,Male,Hispanic,S2,True
e004069,2023-01-18,2023-07-03,Administrative,Male,Hispanic,IC4,True
e004070,2023-01-23,2023-05-17,Production,Female,Hispanic,IC6,True
e004071,2023-01-25,2023-07-17,Sales,Male,Hispanic,M4,True
e004072,2023-01-11,2024-11-12,Administrative,Non-binary,Asian,S1,False
e004073,2023-01-06,2024-02-08,Administrative,Female,Black,S3,True
e004074,2023-01-31,,Production,Female,Asian,M5,False
e004075,2023-01-12,2023-05-09,Sales,Female,Asian,IC3,False
e004076,2023-01-03,2024-10-03,Administrative,Male,Asian,S2,False
e004077,2023-01-02,2024-03-04,Administrative,Male,White,IC4,False
e004078,2023-01-23,2023-06-27,Administrative,Non-binary,Black,S2,True
e004079,2023-01-11,2023-05-19,Sales,Female,Black,S1,True
e004080,2023-01-11,2024-10-14,Administrative,Male,Hispanic,S2,True
e004081,2023-01-26,2023-11-08,Administrative,Female,Asian,IC2,False
e004082,2023-01-25,2024-06-18,Sales,Female,Hispanic,IC7,True
e004083,2023-01-16,2023-02-17,Sales,Male,Asian,S1,False
e004084,2023-01-25,2023-04-12,Administrative,Female,Asian,IC1,False
e004085,2023-01-30,2023-03-16,Production,Female,Asian,IC3,False
e004086,2023-01-19,2024-02-22,Sales,Female,Hispanic,S1,True
e004087,2023-01-04,2024-03-08,Sales,Female,Hispanic,IC6,True
e004088,2023-01-30,,Administrative,Non-binary,Asian,M4,False
e004089,2023-01-30,2024-02-21,Sales,Female,White,IC1,False
e004090,2023-01-04,2023-02-28,Sales,Female,Hispanic,IC9,True
e004091,2023-01-11,,Production,Male,Black,S2,True
e004092,2023-01-10,,Administrative,Female,Hispanic,S2,True
e004093,2023-01-31,,Sales,Female,Black,S3,True
e004094,2023-01-25,,Production,Female,Asian,S2,False
e004095,2023-01-27,2024-11-19,Sales,Female,Asian,M5,False
e004096,2023-02-20,,Production,Female,Black,S1,True
e004097,2023-02-17,2024-03-07,Sales,Female,Asian,IC4,False
e004098,2023-02-20,2024-01-11,Sales,Female,Hispanic,S1,True
e004099,2023-02-13,,Sales,Male,White,S1,False
e004100,2023-02-03,2024-05-14,Sales,Male,Asian,S2,False
e004101,2023-02-03,,Sales,Male,White,IC4,False
e004102,2023-02-14,,Administrative,Male,Black,S1,True
e004103,2023-02-06,,Production,Male,White,IC6,False
e004104,2023-02-09,2024-05-14,Sales,Female,Hispanic,IC6,True
e004105,2023-02-15,,Administrative,Female,White,IC4,False
e004106,2023-02-23,,Sales,Female,White,S2,False
e004107,2023-02-07,,Administrative,Female,White,IC2,False
e004108,2023-02-23,,Production,Female,Hispanic,IC4,True
e004109,2023-02-28,,Sales,Female,White,M5,False
e004110,2023-02-08,2023-04-17,Production,Male,Black,IC3,True
e004111,2023-02-07,2024-03-22,Sales,Female,Hispanic,IC2,True
e004112,2023-02-14,,Sales,Male,Asian,S2,False
e004113,2023-02-28,2024-04-15,Production,Female,Hispanic,IC1,True
e004114,2023-02-16,,Administrative,Male,Asian,IC6,False
e004115,2023-02-07,,Production,Male,Black,IC4,True
e004116,2023-02-20,2023-03-17,Sales,Female,Black,S1,True
e004117,2023-02-02,2023-12-27,Administrative,Male,Black,M5,True
e004118,2023-02-16,2024-09-10,Production,Female,White,IC8,False
e004119,2023-02-22,2023-04-10,Sales,Male,White,IC2,False
e004120,2023-02-10,2023-07-10,Production,Female,White,IC4,False
e004121,2023-02-28,,Administrative,Female,Asian,IC4,False
e004122,2023-02-14,2023-09-14,Sales,Male,Hispanic,S2,True
e004123,2023-02-03,2024-02-26,Sales,Female,Black,IC8,True
e004124,2023-02-03,,Administrative,Female,Black,S2,True
e004125,2023-02-28,2023-07-07,Sales,Male,Black,S3,True
e004126,2023-02-02,2023-09-22,Sales,Male,White,IC5,False
e004127,2023-02-08,,Production,Non-binary,Asian,M7,False
e004128,2023-02-24,2024-10-14,Administrative,Female,Asian,IC1,False
e004129,2023-02-15,,Production,Female,Black,IC7,True
e004130,2023-02-22,,Sales,Female,Black,IC4,True
e004131,2023-02-15,2023-03-23,Administrative,Female,Asian,IC8,False
e004132,2023-02-27,2023-09-29,Administrative,Female,Asian,IC2,False
e004133,2023-02-15,2023-04-13,Production,Female,White,IC1,False
e004134,2023-02-16,2024-05-14,Sales,Male,Black,S3,True
e004135,2023-02-27,,Production,Female,Asian,IC2,False
e004136,2023-02-27,2024-09-19,Administrative,Female,Hispanic,IC4,True
e004137,2023-02-10,,Sales,Female,White,IC2,False
e004138,2023-02-15,2023-06-01,Production,Female,Hispanic,IC1,True
e004139,2023-02-08,2023-03-21,Administrative,Male,Hispanic,IC1,True
e004140,2023-02-24,,Sales,Female,Asian,IC3,False
e004141,2023-02-27,,Administrative,Female,Black,IC4,True
e004142,2023-02-24,2024-06-05,Sales,Male,White,IC1,False
e004143,2023-02-15,2024-06-20,Production,Female,Asian,IC5,False
e004144,2023-02-09,,Administrative,Female,Black,IC3,True
e004145,2023-02-28,2023-05-10,Sales,Male,Asian,IC1,False
e004146,2023-02-21,2023-09-28,Administrative,Non-binary,Asian,S3,False
e004147,2023-02-02,2023-03-06,Sales,Female,Black,IC2,True
e004148,2023-02-10,,Sales,Female,Asian,S3,False
e004149,2023-02-14,2024-04-26,Administrative,Female,Hispanic,IC1,True
e004150,2023-02-06,,Sales,Non-binary,Black,IC3,True
e004151,2023-02-13,,Production,Female,White,IC7,False
e004152,2023-02-06,2024-10-16,Administrative,Female,White,M4,False
e004153,2023-02-13,,Sales,Female,Asian,M6,False
e004154,2023-02-20,2023-10-05,Sales,Male,Asian,IC1,False
e004155,2023-02-21,2024-02-07,Sales,Female,Asian,IC2,False
e004156,2023-02-14,2023-03-13,Production,Male,Asian,IC6,False
e004157,2023-02-27,,Sales,Female,Asian,S1,False
e004158,2023-02-13,,Administrative,Female,Black,M5,True
e004159,2023-02-13,,Sales,Female,Asian,IC3,False
e004160,2023-02-06,,Production,Male,Hispanic,IC6,True
e004161,2023-02-24,2024-02-12,Sales,Male,Black,IC5,True
e004162,2023-02-22,2023-05-03,Production,Male,Asian,S3,False
e004163,2023-02-17,,Sales,Female,White,IC2,False
e004164,2023-02-22,,Production,Female,Asian,IC6,False
e004165,2023-02-06,2023-11-15,Sales,Male,Hispanic,IC5,True
e004166,2023-02-13,,Sales,Female,White,IC6,False
e004167,2023-02-14,,Production,Male,Hispanic,S2,True
e004168,2023-02-16,2023-04-25,Administrative,Female,Asian,S1,False
e004169,2023-02-20,2024-10-09,Sales,Female,Asian,IC2,False
e004170,2023-02-07,2023-06-07,Production,Non-binary,Black,IC1,True
e004171,2023-02-16,2023-11-10,Sales,Male,Black,IC4,True
e004172,2023-02-07,,Production,Male,Asian,S1,False
e004173,2023-02-14,,Administrative,Female,White,IC3,False
e004174,2023-02-17,2023-05-29,Administrative,Non-binary,Hispanic,IC7,True
e004175,2023-02-06,2024-05-28,Production,Male,Hispanic,S1,True
e004176,2023-02-22,,Sales,Male,Asian,IC3,False
e004177,2023-02-09,2024-10-15,Sales,Female,Hispanic,S2,True
e004178,2023-02-15,2023-06-06,Production,Male,Asian,IC4,False
e004179,2023-02-09,2024-10-09,Sales,Female,Black,IC3,True
e004180,2023-02-20,2024-02-13,Production,Male,Asian,IC1,False
e004181,2023-02-07,2023-04-17,Production,Non-binary,Black,IC8,True
e004182,2023-02-21,,Administrative,Male,White,S3,False
e004183,2023-02-23,2023-06-19,Administrative,Male,White,IC1,False
e004184,2023-02-23,,Sales,Male,Asian,IC5,False
e004185,2023-02-13,2023-06-22,Sales,Female,White,S2,False
e004186,2023-02-21,,Administrative,Male,Asian,S1,False
e004187,2023-02-16,2023-10-09,Sales,Male,Black,M5,True
e004188,2023-02-23,,Production,Male,Black,IC1,True
e004189,2023-02-28,2023-10-03,Production,Female,Black,IC1,True
e004190,2023-02-09,2024-04-12,Sales,Female,Asian,IC7,False
e004191,2023-02-02,2023-05-23,Sales,Male,Asian,IC7,False
e004192,2023-02-20,2023-09-18,Administrative,Female,Asian,IC4,False
e004193,2023-02-20,,Administrative,Female,White,IC2,False
e004194,2023-02-13,2023-05-24,Sales,Female,Asian,IC5,False
e004195,2023-02-28,2024-03-26,Production,Female,Black,S1,True
e004196,2023-02-21,,Production,Male,White,M4,False
e004197,2023-02-17,2024-11-19,Sales,Male,Asian,M6,False
e004198,2023-02-10,,Administrative,Male,Asian,M4,False
e004199,2023-02-07,2023-03-14,Sales,Male,Asian,M5,False
e004200,2023-02-20,2023-09-28,Administrative,Male,White,M4,False
e004201,2023-02-28,2023-04-27,Sales,Female,Hispanic,M4,True
e004202,2023-02-01,,Sales,Male,Black,S1,True
e004203,2023-02-21,2024-04-16,Administrative,Male,White,IC9,False
e004204,2023-02-17,2023-10-09,Administrative,Female,Hispanic,S2,True
e004205,2023-02-24,2023-04-28,Sales,Female,Black,IC6,True
e004206,2023-02-20,2024-06-03,Production,Male,Hispanic,IC4,True
e004207,2023-02-02,,Administrative,Male,Asian,IC3,False
e004208,2023-02-21,,Production,Non-binary,White,IC3,False
e004209,2023-02-02,,Sales,Male,Hispanic,M6,True
e004210,2023-02-28,2023-07-12,Sales,Male,Asian,S3,False
e004211,2023-02-24,,Sales,Female,Asian,IC3,False
e004212,2023-02-09,,Production,Female,White,M4,False
e004213,2023-02-22,2024-04-24,Production,Female,Black,IC6,True
e004214,2023-02-06,,Production,Male,White,IC5,False
e004215,2023-03-01,2023-04-24,Administrative,Female,White,S2,False
e004216,2023-03-16,2023-09-12,Sales,Female,Black,IC4,True
e004217,2023-03-15,2023-09-19,Production,Male,Asian,S2,False
e004218,2023-03-08,,Administrative,Female,White,IC5,False
e004219,2023-03-28,,Sales,Male,Asian,IC3,False
e004220,2023-03-22,2023-06-30,Sales,Male,Black,S3,True
e004221,2023-03-16,2024-10-22,Production,Female,Black,M4,True
e004222,2023-03-30,2024-03-12,Production,Female,Hispanic,IC3,True
e004223,2023-04-06,2023-12-19,Production,Male,Asian,M4,False
e004224,2023-04-11,,Sales,Female,Asian,IC3,False
e004225,2023-04-10,,Production,Male,Asian,M4,False
e004226,2023-04-06,,Sales,Female,Hispanic,IC6,True
e004227,2023-04-26,2023-12-20,Sales,Female,Black,IC3,True
e004228,2023-04-24,,Production,Female,Asian,M6,False
e004229,2023-04-11,,Sales,Female,White,S3,False
e004230,2023-04-28,,Sales,Non-binary,Hispanic,IC8,True
e004231,2023-04-18,,Administrative,Non-binary,Hispanic,IC7,True
e004232,2023-05-05,,Sales,Female,White,S1,False
e004233,2023-05-23,,Sales,Female,Hispanic,IC5,True
e004234,2023-05-18,2023-06-09,Sales,Male,White,IC4,False
e004235,2023-05-19,2023-12-12,Production,Male,White,IC2,False
e004236,2023-05-17,,Sales,Female,Asian,IC3,False
e004237,2023-05-05,2023-09-26,Administrative,Female,Asian,IC5,False
e004238,2023-05-31,,Sales,Female,White,IC8,False
e004239,2023-05-08,,Sales,Female,Asian,IC2,False
e004240,2023-05-25,,Sales,Female,Black,S3,True
e004241,2023-05-11,,Administrative,Female,Black,S3,True
e004242,2023-05-15,,Production,Female,Hispanic,IC2,True
e004243,2023-05-31,,Administrative,Male,Asian,S1,False
e004244,2023-05-17,,Sales,Male,White,IC7,False
e004245,2023-05-23,,Sales,Female,Asian,M5,False
e004246,2023-05-23,,Production,Male,Asian,M5,False
e004247,2023-05-22,,Sales,Female,Hispanic,IC6,True
e004248,2023-05-22,,Production,Female,Black,S2,True
e004249,2023-05-01,2024-04-25,Administrative,Male,Black,IC2,True
e004250,2023-05-17,,Production,Female,Hispanic,IC1,True
e004251,2023-05-08,2024-06-24,Sales,Male,White,IC4,False
e004252,2023-05-04,2023-11-16,Administrative,Female,Hispanic,IC5,True
e004253,2023-05-11,,Sales,Female,Asian,IC5,False
e004254,2023-05-09,,Sales,Female,Asian,IC7,False
e004255,2023-05-17,,Production,Male,White,IC1,False
e004256,2023-05-05,2023-06-26,Administrative,Female,Black,S1,True
e004257,2023-05-23,,Production,Female,White,IC5,False
e004258,2023-05-08,2023-09-26,Production,Male,Asian,IC3,False
e004259,2023-05-19,2024-02-14,Production,Female,White,S2,False
e004260,2023-05-10,,Production,Male,Black,M5,True
e004261,2023-05-19,,Administrative,Non-binary,Asian,IC7,False
e004262,2023-05-03,,Sales,Male,White,IC2,False
e004263,2023-05-22,2023-11-09,Sales,Female,Hispanic,M5,True
e004264,2023-05-08,,Production,Male,Black,IC6,True
e004265,2023-05-31,,Sales,Female,Asian,IC3,False
e004266,2023-05-22,,Sales,Male,Hispanic,M5,True
e004267,2023-05-31,,Administrative,Female,Hispanic,IC4,True
e004268,2023-05-08,2024-04-04,Sales,Female,Asian,M5,False
e004269,2023-05-02,,Sales,Male,Hispanic,IC1,True
e004270,2023-05-25,2023-07-05,Sales,Non-binary,Asian,IC9,False
e004271,2023-05-18,2023-06-23,Sales,Female,Hispanic,M4,True
e004272,2023-05-24,,Sales,Female,Black,S3,True
e004273,2023-05-24,2024-05-17,Sales,Male,Asian,IC4,False
e004274,2023-05-11,2023-10-02,Production,Male,Asian,S1,False
e004275,2023-05-16,2024-03-08,Production,Male,Hispanic,S2,True
e004276,2023-05-12,,Administrative,Female,Black,IC8,True
e004277,2023-05-05,,Administrative,Female,Hispanic,M4,True
e004278,2023-05-09,2024-01-15,Administrative,Male,White,IC3,False
e004279,2023-05-22,,Administrative,Female,Hispanic,S1,True
e004280,2023-05-08,,Production,Male,Hispanic,M7,True
e004281,2023-05-25,2023-06-02,Sales,Male,Black,M4,True
e004282,2023-05-18,,Sales,Female,Black,IC5,True
e004283,2023-05-30,,Sales,Male,Hispanic,IC2,True
e004284,2023-05-09,,Sales,Male,Black,IC2,True
e004285,2023-05-30,,Sales,Female,White,IC4,False
e004286,2023-05-16,2024-02-21,Sales,Male,White,S2,False
e004287,2023-05-23,,Administrative,Male,White,IC6,False
e004288,2023-05-24,,Sales,Female,White,IC3,False
e004289,2023-05-26,,Production,Female,Black,S3,True
e004290,2023-05-17,,Production,Male,Asian,IC4,False
e004291,2023-05-19,2024-11-15,Sales,Female,Asian,M4,False
e004292,2023-05-08,2024-03-21,Administrative,Male,Hispanic,S3,True
e004293,2023-05-29,2023-10-25,Sales,Male,Asian,S1,False
e004294,2023-05-26,2024-01-04,Production,Male,Black,IC5,True
e004295,2023-06-29,,Sales,Female,White,IC3,False
e004296,2023-06-16,2024-04-15,Production,Male,White,IC6,False
e004297,2023-06-28,,Production,Male,Asian,IC3,False
e004298,2023-06-29,,Sales,Male,Hispanic,IC5,True
e004299,2023-06-27,,Sales,Female,Hispanic,M5,True
e004300,2023-06-22,2023-12-14,Administrative,Male,Black,S2,True
e004301,2023-06-23,2024-06-25,Sales,Male,Asian,M5,False
e004302,2023-06-14,,Sales,Female,White,M4,False
e004303,2023-06-15,,Sales,Male,White,S2,False
e004304,2023-06-20,,Production,Non-binary,Black,IC3,True
e004305,2023-06-29,2024-05-02,Sales,Female,Asian,S3,False
e004306,2023-06-13,,Sales,Female,Asian,IC8,False
e004307,2023-06-08,,Production,Female,Black,IC3,True
e004308,2023-06-28,2023-07-03,Production,Male,Asian,IC2,False
e004309,2023-06-27,,Sales,Female,Asian,IC1,False
e004310,2023-06-27,,Production,Female,Asian,S3,False
e004311,2023-06-13,,Production,Male,Black,M4,True
e004312,2023-06-12,2023-11-22,Administrative,Female,Black,S2,True
e004313,2023-06-09,,Production,Female,Hispanic,IC3,True
e004314,2023-06-14,,Sales,Female,White,IC7,False
e004315,2023-06-20,,Administrative,Female,White,IC1,False
e004316,2023-06-02,2024-02-21,Production,Male,Asian,S3,False
e004317,2023-06-22,,Sales,Male,Black,IC2,True
e004318,2023-06-19,,Production,Non-binary,Asian,M4,False
e004319,2023-06-13,,Production,Female,Asian,IC4,False
e004320,2023-06-29,2023-07-14,Administrative,Male,White,S2,False
e004321,2023-06-28,,Administrative,Non-binary,Hispanic,S3,True
e004322,2023-06-29,2024-04-04,Administrative,Female,Asian,M5,False
e004323,2023-06-28,2024-05-03,Sales,Female,Asian,M8,False
e004324,2023-06-02,,Sales,Male,Black,S3,True
e004325,2023-06-30,2023-11-28,Production,Female,Black,S3,True
e004326,2023-06-15,,Production,Female,White,S3,False
e004327,2023-06-14,,Sales,Female,Black,IC5,True
e004328,2023-06-20,2023-12-25,Production,Non-binary,Black,S2,True
e004329,2023-06-01,2024-10-08,Administrative,Male,Asian,S2,False
e004330,2023-06-29,2024-02-13,Sales,Male,Black,S2,True
e004331,2023-06-14,,Sales,Female,Hispanic,IC1,True
e004332,2023-06-14,2024-02-15,Sales,Female,Hispanic,IC4,True
e004333,2023-06-16,,Administrative,Female,Asian,IC4,False
e004334,2023-06-15,,Administrative,Non-binary,Asian,IC1,False
e004335,2023-06-05,,Production,Female,Hispanic,IC2,True
e004336,2023-06-16,2024-03-13,Administrative,Female,White,IC7,False
e004337,2023-06-02,2024-03-08,Production,Female,Asian,M4,False
e004338,2023-06-23,,Sales,Female,Black,IC3,True
e004339,2023-06-22,,Administrative,Female,Hispanic,M7,True
e004340,2023-06-02,,Production,Male,White,IC3,False
e004341,2023-06-12,2024-04-04,Sales,Female,Asian,M5,False
e004342,2023-06-29,,Sales,Female,Asian,IC6,False
e004343,2023-06-22,2024-02-07,Production,Female,White,M6,False
e004344,2023-06-12,,Sales,Male,Black,M5,True
e004345,2023-06-26,2024-01-05,Sales,Female,Asian,IC2,False
e004346,2023-06-21,2023-11-22,Administrative,Male,White,IC2,False
e004347,2023-06-26,2023-10-12,Administrative,Female,White,IC3,False
e004348,2023-06-30,,Administrative,Female,Asian,IC1,False
e004349,2023-06-30,,Production,Female,Hispanic,IC6,True
e004350,2023-06-06,,Sales,Male,Black,IC2,True
e004351,2023-06-07,,Sales,Female,White,M7,False
e004352,2023-06-26,,Administrative,Female,Black,IC2,True
e004353,2023-06-23,,Production,Male,Asian,M4,False
e004354,2023-06-26,,Production,Female,Black,S2,True
e004355,2023-06-13,,Sales,Female,Asian,S1,False
e004356,2023-06-01,,Production,Female,Asian,IC6,False
e004357,2023-06-08,,Production,Male,Hispanic,IC7,True
e004358,2023-06-29,2024-04-01,Production,Non-binary,Black,S2,True
e004359,2023-06-16,,Administrative,Female,White,M5,False
e004360,2023-06-14,,Sales,Non-binary,White,IC4,False
e004361,2023-06-13,2024-04-29,Production,Male,Asian,IC5,False
e004362,2023-06-27,,Administrative,Female,White,S2,False
e004363,2023-06-15,2024-03-18,Administrative,Male,Asian,IC1,False
e004364,2023-06-22,,Production,Female,Black,IC2,True
e004365,2023-06-13,,Administrative,Male,Asian,IC3,False
e004366,2023-06-28,2023-07-20,Sales,Female,Asian,IC3,False
e004367,2023-06-09,2024-01-02,Sales,Male,Hispanic,IC2,True
e004368,2023-06-19,,Sales,Female,Black,IC5,True
e004369,2023-06-13,,Production,Non-binary,White,IC2,False
e004370,2023-06-01,,Sales,Female,Asian,S1,False
e004371,2023-06-06,2023-07-28,Administrative,Non-binary,Hispanic,IC5,True
e004372,2023-06-21,2024-06-24,Sales,Male,Asian,IC9,False
e004373,2023-06-01,2023-10-03,Administrative,Male,White,IC3,False
e004374,2023-06-12,2023-09-29,Production,Male,Black,S2,True
e004375,2023-06-21,,Production,Female,Black,S1,True
e004376,2023-06-09,,Sales,Male,Asian,M5,False
e004377,2023-06-19,2023-09-18,Production,Female,Hispanic,S1,True
e004378,2023-07-04,2023-10-13,Production,Female,Black,M4,True
e004379,2023-07-07,2023-10-10,Production,Female,Asian,S3,False
e004380,2023-07-18,,Administrative,Female,Asian,IC5,False
e004381,2023-07-11,2023-09-08,Administrative,Male,Black,M5,True
e004382,2023-07-27,2024-01-16,Production,Female,Asian,IC5,False
e004383,2023-07-20,2024-10-01,Production,Female,White,M5,False
e004384,2023-07-20,,Administrative,Female,Black,IC1,True
e004385,2023-07-24,,Administrative,Female,Asian,IC3,False
e004386,2023-07-04,,Administrative,Female,Hispanic,IC7,True
e004387,2023-07-21,,Production,Non-binary,Black,IC5,True
e004388,2023-07-07,2024-04-29,Production,Female,Asian,S1,False
e004389,2023-07-06,,Sales,Female,Hispanic,IC1,True
e004390,2023-07-04,2024-01-26,Administrative,Female,Asian,M6,False
e004391,2023-07-28,,Production,Female,Black,S1,True
e004392,2023-07-11,2024-04-23,Sales,Male,Asian,IC3,False
e004393,2023-07-17,,Production,Male,Black,M5,True
e004394,2023-07-19,2024-06-13,Sales,Non-binary,White,M6,False
e004395,2023-07-21,,Administrative,Female,Asian,IC3,False
e004396,2023-07-07,,Administrative,Female,Asian,S3,False
e004397,2023-07-04,2024-03-14,Production,Female,White,IC2,False
e004398,2023-07-04,,Production,Female,Hispanic,IC3,True
e004399,2023-07-20,2024-11-14,Sales,Male,Asian,IC4,False
e004400,2023-07-13,2023-12-08,Production,Non-binary,White,IC5,False
e004401,2023-07-27,,Administrative,Male,White,IC4,False
e004402,2023-07-27,,Administrative,Female,Hispanic,IC7,True
e004403,2023-07-28,2024-10-29,Sales,Female,Hispanic,IC1,True
e004404,2023-07-04,,Administrative,Male,White,IC4,False
e004405,2023-07-31,2024-03-29,Production,Male,Asian,S3,False
e004406,2023-07-03,,Sales,Male,Hispanic,S2,True
e004407,2023-07-14,2024-02-14,Administrative,Female,Asian,S3,False
e004408,2023-07-19,,Sales,Female,Black,IC4,True
e004409,2023-07-26,,Sales,Male,Black,S1,True
e004410,2023-07-10,,Administrative,Female,Hispanic,S2,True
e004411,2023-07-05,2024-03-28,Administrative,Female,Black,IC3,True
e004412,2023-07-18,,Sales,Male,Hispanic,IC4,True
e004413,2023-07-21,,Sales,Female,Asian,IC2,False
e004414,2023-07-24,2024-10-07,Sales,Male,Asian,IC8,False
e004415,2023-07-14,2024-10-31,Sales,Male,White,S2,False
e004416,2023-07-17,2024-06-11,Sales,Female,White,IC4,False
e004417,2023-07-10,2023-11-20,Administrative,Female,White,S1,False
e004418,2023-07-04,2024-01-26,Sales,Male,Asian,S3,False
e004419,2023-07-21,,Production,Female,Hispanic,S1,True
e004420,2023-07-17,,Administrative,Female,Black,IC6,True
e004421,2023-07-20,2024-09-23,Sales,Non-binary,White,IC7,False
e004422,2023-07-12,,Administrative,Female,White,IC1,False
e004423,2023-07-03,,Administrative,Female,White,M4,False
e004424,2023-07-24,2023-10-23,Production,Male,Asian,IC3,False
e004425,2023-07-10,,Administrative,Female,Asian,IC6,False
e004426,2023-07-18,,Administrative,Female,Black,S3,True
e004427,2023-07-03,,Sales,Female,White,M4,False
e004428,2023-07-05,2024-02-15,Administrative,Female,White,S2,False
e004429,2023-07-27,2024-01-16,Sales,Female,Black,M5,True
e004430,2023-07-25,2023-12-13,Sales,Female,Asian,M7,False
e004431,2023-07-31,2024-06-11,Sales,Female,Asian,S3,False
e004432,2023-07-26,,Administrative,Male,White,IC6,False
e004433,2023-07-05,2023-10-16,Production,Male,Black,IC7,True
e004434,2023-07-20,,Production,Female,White,S1,False
e004435,2023-07-05,,Sales,Female,Asian,IC5,False
e004436,2023-07-24,2024-05-13,Administrative,Female,Asian,IC6,False
e004437,2023-07-07,2024-05-21,Administrative,Non-binary,Black,S2,True
e004438,2023-07-10,,Production,Non-binary,Black,IC3,True
e004439,2023-07-19,,Administrative,Female,Asian,M7,False
e004440,2023-07-18,,Sales,Female,Black,IC4,True
e004441,2023-07-17,,Production,Male,Asian,S3,False
e004442,2023-07-27,2024-04-01,Administrative,Male,Asian,IC3,False
e004443,2023-07-03,2024-04-29,Administrative,Male,Hispanic,IC4,True
e004444,2023-07-25,,Sales,Female,Hispanic,IC7,True
e004445,2023-07-13,,Administrative,Male,White,M5,False
e004446,2023-07-13,2023-10-25,Production,Female,Asian,IC1,False
e004447,2023-07-25,,Sales,Male,Asian,IC1,False
e004448,2023-07-03,2024-05-15,Production,Male,Black,IC4,True
e004449,2023-07-21,,Sales,Female,Black,M5,True
e004450,2023-07-13,2024-02-15,Sales,Male,Black,S1,True
e004451,2023-07-21,,Administrative,Male,Black,IC1,True
e004452,2023-07-07,,Administrative,Male,Black,IC2,True
e004453,2023-07-12,2024-05-22,Sales,Female,White,IC1,False
e004454,2023-07-05,,Administrative,Female,Hispanic,IC1,True
e004455,2023-07-25,,Sales,Female,White,IC3,False
e004456,2023-07-28,,Production,Female,White,S2,False
e004457,2023-07-07,,Sales,Female,Asian,S3,False
e004458,2023-07-27,,Production,Female,Hispanic,IC1,True
e004459,2023-07-07,,Production,Non-binary,Black,IC2,True
e004460,2023-07-17,,Production,Male,White,M5,False
e004461,2023-07-26,,Administrative,Male,Hispanic,S1,True
e004462,2023-07-27,,Administrative,Female,Asian,IC5,False
e004463,2023-07-28,2024-06-04,Sales,Non-binary,Hispanic,IC3,True
e004464,2023-07-27,,Production,Male,Asian,M5,False
e004465,2023-07-05,2024-10-09,Production,Female,Asian,IC3,False
e004466,2023-07-07,,Production,Male,White,S3,False
e004467,2023-07-20,2024-04-10,Production,Female,Asian,M6,False
e004468,2023-07-12,,Sales,Non-binary,Asian,IC2,False
e004469,2023-07-21,,Administrative,Female,Hispanic,S3,True
e004470,2023-07-24,,Administrative,Female,Black,IC7,True
e004471,2023-07-12,,Administrative,Male,Asian,S1,False
e004472,2023-07-12,,Sales,Male,Asian,S3,False
e004473,2023-08-10,2024-05-27,Administrative,Non-binary,White,IC5,False
e004474,2023-08-29,,Sales,Female,Black,IC6,True
e004475,2023-08-24,,Production,Female,Hispanic,IC9,True
e004476,2023-08-04,2024-01-11,Administrative,Non-binary,Hispanic,M4,True
e004477,2023-08-01,2023-11-24,Production,Female,Hispanic,S2,True
e004478,2023-08-03,,Sales,Female,Asian,IC3,False
e004479,2023-08-14,,Administrative,Male,White,M5,False
e004480,2023-08-11,,Production,Female,Black,S3,True
e004481,2023-08-16,2024-02-09,Sales,Male,White,IC3,False
e004482,2023-08-29,,Sales,Female,White,IC2,False
e004483,2023-08-14,,Production,Female,Hispanic,S1,True
e004484,2023-08-18,,Production,Female,Asian,IC3,False
e004485,2023-08-21,,Administrative,Female,Black,M6,True
e004486,2023-08-10,,Administrative,Male,White,IC6,False
e004487,2023-08-09,,Administrative,Female,Black,IC8,True
e004488,2023-08-03,2024-03-01,Sales,Female,Asian,IC4,False
e004489,2023-08-10,2024-01-01,Production,Female,White,IC5,False
e004490,2023-08-18,,Administrative,Non-binary,Asian,S3,False
e004491,2023-08-01,2024-06-26,Administrative,Female,Asian,IC8,False
e004492,2023-08-25,,Sales,Male,Hispanic,IC2,True
e004493,2023-08-10,2024-02-12,Administrative,Male,White,S3,False
e004494,2023-08-31,,Administrative,Female,Black,S3,True
e004495,2023-08-31,2024-06-19,Production,Female,Asian,M5,False
e004496,2023-08-08,,Sales,Male,Asian,IC4,False
e004497,2023-08-25,,Sales,Female,Hispanic,M5,True
e004498,2023-08-11,2024-01-03,Sales,Male,White,IC2,False
e004499,2023-08-14,,Administrative,Non-binary,White,S2,False
e004500,2023-08-28,,Sales,Male,Black,IC4,True
e004501,2023-08-03,,Sales,Male,Asian,S1,False
e004502,2023-08-30,,Sales,Female,Hispanic,IC3,True
e004503,2023-08-16,,Sales,Female,White,M7,False
e004504,2023-08-10,,Sales,Female,White,S1,False
e004505,2023-08-16,,Production,Male,White,M4,False
e004506,2023-08-22,,Sales,Female,White,IC7,False
e004507,2023-08-01,,Administrative,Female,White,IC3,False
e004508,2023-08-01,,Production,Female,Black,IC1,True
e004509,2023-08-09,,Sales,Male,Asian,IC3,False
e004510,2023-08-21,,Sales,Male,Hispanic,IC3,True
e004511,2023-08-24,2023-10-23,Administrative,Female,Black,M4,True
e004512,2023-08-21,2024-06-11,Sales,Female,Asian,IC3,False
e004513,2023-08-09,2024-06-17,Administrative,Male,Asian,IC6,False
e004514,2023-08-16,,Production,Non-binary,Asian,IC4,False
e004515,2023-08-08,,Administrative,Male,White,S3,False
e004516,2023-08-14,2023-11-01,Administrative,Non-binary,White,IC8,False
e004517,2023-08-31,,Sales,Male,Asian,IC1,False
e004518,2023-08-17,,Administrative,Female,Hispanic,S2,True
e004519,2023-08-03,,Administrative,Male,Asian,IC2,False
e004520,2023-08-21,2023-11-13,Sales,Female,White,S1,False
e004521,2023-08-14,,Sales,Male,Hispanic,M7,True
e004522,2023-08-09,,Sales,Female,White,IC2,False
e004523,2023-08-30,,Sales,Male,Hispanic,IC6,True
e004524,2023-08-15,,Administrative,Female,Asian,IC2,False
e004525,2023-08-01,2024-03-08,Sales,Female,Black,IC6,True
e004526,2023-08-31,2024-02-02,Sales,Female,Black,IC1,True
e004527,2023-08-17,,Sales,Female,White,IC3,False
e004528,2023-08-08,2023-11-22,Sales,Male,White,M6,False
e004529,2023-08-09,,Production,Female,Asian,S3,False
e004530,2023-08-18,2023-11-02,Sales,Female,Asian,IC4,False
e004531,2023-08-04,,Sales,Female,Asian,IC1,False
e004532,2023-08-16,,Sales,Female,White,M6,False
e004533,2023-08-30,2023-10-23,Administrative,Male,Asian,IC2,False
e004534,2023-08-24,,Sales,Male,White,S2,False
e004535,2023-08-01,,Sales,Non-binary,Asian,IC3,False
e004536,2023-08-22,2023-10-03,Administrative,Female,Asian,IC6,False
e004537,2023-08-18,,Production,Female,Asian,S3,False
e004538,2023-08-03,2024-04-26,Sales,Male,Asian,IC5,False
e004539,2023-08-28,2023-11-01,Sales,Female,Black,M5,True
e004540,2023-08-21,,Sales,Female,White,IC8,False
e004541,2023-08-31,2024-10-28,Sales,Male,Asian,S2,False
e004542,2023-08-02,2024-04-15,Administrative,Male,Black,S1,True
e004543,2023-08-31,2024-02-07,Sales,Male,Asian,IC3,False
e004544,2023-08-18,2024-10-30,Sales,Female,White,M8,False
e004545,2023-08-02,,Sales,Male,Black,IC1,True
e004546,2023-08-15,2023-12-07,Sales,Non-binary,White,IC1,False
e004547,2023-08-31,,Production,Female,Asian,IC6,False
e004548,2023-08-28,2024-04-25,Sales,Male,Hispanic,IC6,True
e004549,2023-08-18,,Sales,Female,Black,IC3,True
e004550,2023-08-17,2023-10-11,Sales,Female,Asian,S3,False
e004551,2023-08-23,2024-10-04,Sales,Female,White,IC6,False
e004552,2023-08-31,2024-02-06,Administrative,Female,Black,IC7,True
e004553,2023-08-02,,Administrative,Female,Asian,S3,False
e004554,2023-08-14,2024-05-06,Administrative,Male,White,IC6,False
e004555,2023-08-30,,Sales,Female,White,IC2,False
e004556,2023-08-25,,Sales,Male,White,S1,False
e004557,2023-08-07,,Administrative,Male,White,IC6,False
e004558,2023-08-01,,Production,Female,Asian,IC3,False
e004559,2023-08-08,2024-03-27,Administrative,Female,Hispanic,M4,True
e004560,2023-08-03,,Sales,Female,Black,S2,True
e004561,2023-08-07,2024-03-22,Administrative,Male,White,IC6,False
e004562,2023-08-22,2023-09-26,Sales,Female,White,IC3,False
e004563,2023-08-07,2023-11-14,Sales,Female,Asian,IC1,False
e004564,2023-08-18,,Administrative,Male,Black,M8,True
e004565,2023-08-28,,Sales,Male,Black,IC6,True
e004566,2023-09-20,,Production,Male,Asian,M5,False
e004567,2023-09-11,,Administrative,Female,Asian,M6,False
e004568,2023-09-22,,Sales,Male,Black,S2,True
e004569,2023-09-08,,Administrative,Male,White,S1,False
e004570,2023-09-08,,Sales,Male,Asian,M5,False
e004571,2023-09-06,,Administrative,Female,Hispanic,IC1,True
e004572,2023-09-27,,Production,Female,White,S2,False
e004573,2023-09-05,,Production,Female,Asian,IC1,False
e004574,2023-09-26,2024-10-03,Production,Female,Asian,IC4,False
e004575,2023-09-07,,Administrative,Male,Black,S2,True
e004576,2023-09-21,2024-03-15,Sales,Female,Asian,IC8,False
e004577,2023-09-12,,Administrative,Male,Hispanic,S3,True
e004578,2023-09-15,2024-05-13,Administrative,Male,White,S3,False
e004579,2023-09-04,,Sales,Female,White,IC1,False
e004580,2023-09-06,,Production,Female,Asian,IC3,False
e004581,2023-09-25,,Administrative,Female,Asian,IC1,False
e004582,2023-09-25,2024-02-27,Production,Non-binary,Asian,M5,False
e004583,2023-09-11,,Sales,Female,Black,IC5,True
e004584,2023-09-26,2024-03-12,Production,Female,White,M4,False
e004585,2023-09-12,,Production,Female,Hispanic,S2,True
e004586,2023-09-01,,Administrative,Non-binary,White,M4,False
e004587,2023-09-06,,Sales,Female,Asian,S3,False
e004588,2023-09-15,,Production,Male,Asian,IC5,False
e004589,2023-09-05,2024-04-30,Production,Female,Hispanic,IC1,True
e004590,2023-09-15,,Administrative,Male,Hispanic,IC2,True
e004591,2023-09-04,2024-09-06,Sales,Male,Hispanic,IC3,True
e004592,2023-09-25,,Production,Non-binary,Asian,IC2,False
e004593,2023-09-05,,Production,Female,Black,S1,True
e004594,2023-09-08,,Sales,Male,Asian,IC4,False
e004595,2023-09-22,,Sales,Female,Black,IC5,True
e004596,2023-09-15,,Administrative,Male,Asian,IC6,False
e004597,2023-09-21,2024-01-09,Sales,Female,Asian,S2,False
e004598,2023-09-14,2024-04-19,Sales,Female,White,IC6,False
e004599,2023-09-19,,Production,Female,Asian,S3,False
e004600,2023-09-21,2024-02-02,Sales,Male,Asian,IC6,False
e004601,2023-09-01,,Production,Female,Asian,S1,False
e004602,2023-09-08,,Administrative,Male,White,M6,False
e004603,2023-09-25,,Production,Female,White,S1,False
e004604,2023-09-25,,Production,Female,Hispanic,IC5,True
e004605,2023-09-25,,Production,Non-binary,Black,IC5,True
e004606,2023-09-06,,Sales,Female,Black,IC6,True
e004607,2023-09-06,,Administrative,Non-binary,Hispanic,IC2,True
e004608,2023-09-06,2023-12-01,Production,Female,Asian,IC3,False
e004609,2023-09-18,,Sales,Female,Asian,IC7,False
e004610,2023-09-11,,Production,Female,Black,S3,True
e004611,2023-09-12,,Sales,Male,White,IC6,False
e004612,2023-09-12,2024-05-22,Production,Female,Asian,M4,False
e004613,2023-09-14,2024-02-20,Sales,Female,Asian,IC4,False
e004614,2023-09-28,2023-10-02,Sales,Female,Asian,M9,False
e004615,2023-09-05,,Production,Male,Asian,S1,False
e004616,2023-09-01,,Sales,Female,Hispanic,IC2,True
e004617,2023-09-26,,Administrative,Female,White,IC1,False
e004618,2023-09-13,,Administrative,Non-binary,Asian,S2,False
e004619,2023-09-25,2024-06-26,Sales,Male,Asian,IC7,False
e004620,2023-09-28,,Sales,Female,Asian,IC5,False
e004621,2023-09-22,2024-06-03,Sales,Male,Asian,M4,False
e004622,2023-09-12,,Sales,Male,White,IC6,False
e004623,2023-09-13,,Sales,Female,Black,IC5,True
e004624,2023-09-19,2024-03-25,Sales,Female,Hispanic,M4,True
e004625,2023-09-08,,Sales,Male,Asian,IC6,False
e004626,2023-09-08,,Sales,Non-binary,Black,IC3,True
e004627,2023-09-06,,Administrative,Female,Black,IC5,True
e004628,2023-09-05,,Production,Female,Asian,IC2,False
e004629,2023-09-11,,Sales,Female,Hispanic,S1,True
e004630,2023-09-25,,Sales,Male,Asian,S1,False
e004631,2023-09-15,2024-02-12,Sales,Female,Hispanic,IC1,True
e004632,2023-09-11,2024-01-30,Administrative,Female,Asian,IC1,False
e004633,2023-09-20,,Administrative,Female,Hispanic,IC1,True
e004634,2023-09-14,2024-03-27,Production,Male,Asian,IC7,False
e004635,2023-09-12,,Sales,Male,Asian,IC4,False
e004636,2023-09-07,,Production,Female,Asian,S2,False
e004637,2023-09-05,,Sales,Male,Asian,S3,False
e004638,2023-09-27,,Production,Male,Black,S1,True
e004639,2023-09-15,,Administrative,Female,Asian,IC4,False
e004640,2023-09-20,2024-04-03,Production,Female,Black,S2,True
e004641,2023-09-14,2024-10-16,Sales,Non-binary,Asian,M5,False
e004642,2023-09-20,,Sales,Male,White,M5,False
e004643,2023-09-28,,Administrative,Female,Black,M5,True
e004644,2023-09-25,2024-06-27,Sales,Male,Asian,IC2,False
e004645,2023-09-07,,Administrative,Female,White,M6,False
e004646,2023-09-12,,Sales,Female,Asian,M4,False
e004647,2023-09-28,2023-11-02,Production,Female,Asian,IC6,False
e004648,2023-09-28,2023-10-03,Production,Female,Asian,IC1,False
e004649,2023-09-11,,Administrative,Female,Hispanic,S3,True
e004650,2023-09-28,2023-10-04,Production,Female,Asian,M4,False
e004651,2023-09-07,2023-10-19,Administrative,Male,White,IC6,False
e004652,2023-09-04,2023-11-14,Sales,Female,Asian,S3,False
e004653,2023-09-20,,Administrative,Male,Hispanic,IC7,True
e004654,2023-09-06,,Sales,Non-binary,White,S3,False
e004655,2023-09-29,,Sales,Female,Hispanic,M5,True
e004656,2023-09-19,2024-02-06,Production,Non-binary,Hispanic,IC7,True
e004657,2023-09-13,2024-04-19,Production,Female,Asian,IC2,False
e004658,2023-09-25,2024-04-18,Production,Female,Hispanic,IC2,True
e004659,2023-09-14,,Sales,Female,Black,IC2,True
e004660,2023-09-12,,Sales,Female,Black,IC6,True
e004661,2023-09-04,,Administrative,Female,Black,M4,True
e004662,2023-09-12,,Sales,Male,Asian,M5,False
e004663,2023-09-14,2023-11-29,Sales,Female,Asian,IC8,False
e004664,2023-09-06,2024-01-15,Production,Male,Hispanic,IC8,True
e004665,2023-09-07,,Administrative,Female,Asian,S3,False
e004666,2023-09-08,,Production,Female,Hispanic,IC7,True
e004667,2023-09-18,,Sales,Male,Asian,S2,False
e004668,2023-09-05,2024-02-15,Sales,Female,Black,IC1,True
e004669,2023-09-05,,Administrative,Female,Hispanic,S3,True
e004670,2023-09-14,2024-03-05,Administrative,Male,Black,IC9,True
e004671,2023-09-29,2023-11-22,Production,Male,Black,M4,True
e004672,2023-09-29,,Production,Female,Black,IC7,True
e004673,2023-09-26,,Production,Female,Asian,S3,False
e004674,2023-09-12,2024-03-06,Sales,Female,Black,S1,True
e004675,2023-09-18,,Administrative,Female,Asian,IC4,False
e004676,2023-09-05,2023-11-23,Administrative,Non-binary,Hispanic,IC3,True
e004677,2023-09-11,,Production,Male,Hispanic,M4,True
e004678,2023-09-07,,Administrative,Male,Asian,M6,False
e004679,2023-09-20,,Production,Female,Hispanic,M6,True
e004680,2023-09-06,,Sales,Female,Black,IC6,True
e004681,2023-09-18,,Sales,Male,White,IC3,False
e004682,2023-09-28,2024-02-19,Sales,Male,Black,M4,True
e004683,2023-09-05,,Administrative,Female,White,IC7,False
e004684,2023-09-22,,Administrative,Female,Asian,M4,False
e004685,2023-09-28,2024-02-09,Production,Female,Asian,M5,False
e004686,2023-09-29,,Production,Non-binary,Asian,IC2,False
e004687,2023-09-22,,Sales,Male,Asian,S2,False
e004688,2023-09-18,,Administrative,Female,Black,IC3,True
e004689,2023-09-01,,Production,Female,White,S3,False
e004690,2023-09-06,,Sales,Male,Hispanic,IC2,True
e004691,2023-09-22,,Production,Non-binary,Asian,IC3,False
e004692,2023-09-21,,Sales,Female,Hispanic,IC5,True
e004693,2023-09-08,2024-10-16,Administrative,Female,Hispanic,IC3,True
e004694,2023-09-01,,Sales,Non-binary,Asian,IC2,False
e004695,2023-09-25,,Sales,Male,Asian,IC4,False
e004696,2023-09-04,2023-11-22,Sales,Female,Hispanic,S3,True
e004697,2023-09-04,2024-10-11,Administrative,Female,Asian,IC5,False
e004698,2023-09-08,,Administrative,Male,Asian,M4,False
e004699,2023-09-26,,Administrative,Male,Asian,IC1,False
e004700,2023-09-12,,Sales,Male,Black,IC6,True
e004701,2023-09-28,,Production,Female,Asian,S3,False
e004702,2023-09-05,,Administrative,Male,White,S2,False
e004703,2023-09-12,,Sales,Male,Asian,S3,False
e004704,2023-10-02,2024-05-06,Sales,Male,Black,S1,True
e004705,2023-10-31,,Sales,Female,White,IC5,False
e004706,2023-10-31,,Administrative,Male,White,S1,False
e004707,2023-10-20,2023-12-12,Administrative,Male,White,IC3,False
e004708,2023-10-12,,Production,Female,Asian,M4,False
e004709,2023-10-25,2024-04-09,Production,Male,Black,IC2,True
e004710,2023-10-12,,Production,Female,Black,M4,True
e004711,2023-10-27,,Sales,Male,Hispanic,S1,True
e004712,2023-10-11,2023-12-07,Administrative,Female,White,S2,False
e004713,2023-10-13,,Sales,Female,Hispanic,IC2,True
e004714,2023-10-10,,Sales,Female,Hispanic,IC7,True
e004715,2023-10-20,,Production,Male,White,IC3,False
e004716,2023-10-26,,Administrative,Female,Black,M4,True
e004717,2023-10-10,,Production,Male,White,IC6,False
e004718,2023-10-17,,Sales,Female,Hispanic,IC4,True
e004719,2023-10-12,2024-01-01,Administrative,Female,Asian,IC4,False
e004720,2023-10-27,2024-03-07,Administrative,Male,Black,S2,True
e004721,2023-10-19,2023-11-07,Sales,Female,Asian,S2,False
e004722,2023-10-06,2024-09-09,Administrative,Female,Asian,S1,False
e004723,2023-10-31,2024-02-23,Administrative,Male,Hispanic,S2,True
e004724,2023-10-03,,Production,Male,Hispanic,S2,True
e004725,2023-10-16,,Production,Female,Hispanic,IC1,True
e004726,2023-10-03,,Production,Female,Black,IC5,True
e004727,2023-10-27,,Sales,Female,Asian,IC2,False
e004728,2023-10-06,2024-02-06,Sales,Female,Hispanic,IC3,True
e004729,2023-10-10,,Administrative,Male,Hispanic,IC1,True
e004730,2023-10-27,,Production,Female,Hispanic,IC2,True
e004731,2023-10-18,2024-06-28,Production,Male,White,IC4,False
e004732,2023-10-05,,Sales,Female,Asian,IC7,False
e004733,2023-10-19,,Production,Female,Black,IC2,True
e004734,2023-10-06,,Production,Male,White,S1,False
e004735,2023-10-03,,Administrative,Female,Black,S1,True
e004736,2023-10-06,2024-04-18,Administrative,Male,Asian,IC3,False
e004737,2023-10-11,2024-06-10,Sales,Male,Black,S1,True
e004738,2023-10-18,,Production,Female,Black,IC1,True
e004739,2023-10-17,,Production,Non-binary,Black,IC3,True
e004740,2023-10-10,,Sales,Female,Black,S2,True
e004741,2023-10-11,,Sales,Male,White,S1,False
e004742,2023-10-26,,Production,Female,Black,M5,True
e004743,2023-10-25,,Production,Male,Asian,IC3,False
e004744,2023-10-02,,Production,Male,Asian,IC3,False
e004745,2023-10-26,2024-01-26,Administrative,Male,Black,IC5,True
e004746,2023-10-23,,Administrative,Female,Asian,M7,False
e004747,2023-10-24,2024-10-15,Sales,Female,White,M4,False
e004748,2023-10-16,2024-03-01,Production,Female,Asian,IC1,False
e004749,2023-10-03,2024-02-26,Sales,Male,Black,M5,True
e004750,2023-10-09,,Production,Female,Asian,M4,False
e004751,2023-10-10,2024-02-08,Sales,Male,Black,IC6,True
e004752,2023-10-05,2024-04-16,Sales,Female,Black,S2,True
e004753,2023-10-30,2024-06-05,Administrative,Male,Asian,IC6,False
e004754,2023-10-19,2024-04-16,Production,Female,Hispanic,IC6,True
e004755,2023-10-10,2024-10-10,Administrative,Female,Asian,M5,False
e004756,2023-10-19,,Administrative,Female,Asian,IC3,False
e004757,2023-10-26,2024-03-27,Production,Male,Black,IC6,True
e004758,2023-10-19,,Sales,Female,Asian,S2,False
e004759,2023-10-11,,Administrative,Male,Black,IC4,True
e004760,2023-10-23,,Administrative,Female,Black,IC7,True
e004761,2023-10-27,2024-05-23,Sales,Female,White,IC3,False
e004762,2023-10-05,,Sales,Female,Black,IC2,True
e004763,2023-10-23,,Administrative,Male,Asian,IC7,False
e004764,2023-10-06,2024-10-22,Sales,Male,Asian,IC5,False
e004765,2023-10-06,,Sales,Male,Black,M4,True
e004766,2023-10-20,,Sales,Female,Black,IC1,True
e004767,2023-10-05,,Production,Male,Asian,IC6,False
e004768,2023-10-19,,Production,Female,Asian,IC4,False
e004769,2023-10-16,,Sales,Female,White,IC6,False
e004770,2023-10-09,2024-04-03,Sales,Non-binary,Black,IC5,True
e004771,2023-10-25,,Production,Male,White,M4,False
e004772,2023-10-19,,Production,Female,Asian,S1,False
e004773,2023-10-02,2024-03-13,Sales,Male,White,S3,False
e004774,2023-10-03,2024-10-28,Administrative,Female,Asian,IC7,False
e004775,2023-10-10,,Administrative,Female,Asian,S3,False
e004776,2023-10-05,,Sales,Female,Black,S3,True
e004777,2023-10-09,,Administrative,Female,White,IC6,False
e004778,2023-10-05,,Sales,Female,White,S1,False
e004779,2023-10-20,2023-12-01,Production,Male,Hispanic,S1,True
e004780,2023-10-23,,Sales,Male,Black,M4,True
e004781,2023-10-05,,Sales,Female,Black,IC7,True
e004782,2023-10-26,,Sales,Female,Black,IC2,True
e004783,2023-10-23,,Administrative,Female,Hispanic,IC5,True
e004784,2023-10-03,,Administrative,Male,Black,M7,True
e004785,2023-10-18,,Production,Female,Asian,S2,False
e004786,2023-10-06,,Sales,Male,Hispanic,IC3,True
e004787,2023-10-30,2024-03-15,Production,Female,White,IC5,False
e004788,2023-10-10,,Sales,Female,Hispanic,S1,True
e004789,2023-10-11,,Sales,Male,Asian,M4,False
e004790,2023-10-23,,Administrative,Female,Asian,IC1,False
e004791,2023-10-12,,Administrative,Female,Black,IC5,True
e004792,2023-10-23,2024-11-05,Production,Female,Asian,S2,False
e004793,2023-10-16,2024-11-18,Production,Male,Black,S3,True
e004794,2023-10-02,,Administrative,Male,Asian,IC2,False
e004795,2023-10-12,,Sales,Female,Black,IC6,True
e004796,2023-10-12,,Administrative,Male,Asian,IC6,False
e004797,2023-10-26,,Production,Female,White,IC1,False
e004798,2023-10-20,2024-04-30,Sales,Non-binary,Hispanic,S2,True
e004799,2023-10-17,,Administrative,Female,Asian,M4,False
e004800,2023-10-17,,Administrative,Male,Hispanic,IC1,True
e004801,2023-10-10,,Production,Male,Asian,M4,False
e004802,2023-10-11,,Sales,Female,Hispanic,IC4,True
e004803,2023-10-18,2024-05-28,Administrative,Male,Asian,S3,False
e004804,2023-10-16,,Administrative,Male,White,S3,False
e004805,2023-10-05,2024-04-26,Sales,Female,Black,IC1,True
e004806,2023-10-25,,Administrative,Non-binary,Hispanic,IC5,True
e004807,2023-10-12,2023-12-15,Administrative,Male,Asian,S1,False
e004808,2023-10-18,,Sales,Female,Hispanic,IC2,True
e004809,2023-10-04,2023-11-17,Administrative,Female,Hispanic,M6,True
e004810,2023-10-11,2023-12-26,Sales,Male,Asian,IC3,False
e004811,2023-10-16,,Administrative,Female,Black,IC1,True
e004812,2023-10-13,2024-05-15,Production,Female,Hispanic,IC5,True
e004813,2023-11-09,,Sales,Female,Asian,IC3,False
e004814,2023-11-13,,Sales,Male,Hispanic,S3,True
e004815,2023-11-24,2024-02-20,Administrative,Female,Black,IC5,True
e004816,2023-11-27,2024-02-27,Production,Female,Hispanic,IC4,True
e004817,2023-11-03,,Administrative,Male,Asian,IC5,False
e004818,2023-11-29,,Production,Female,Asian,IC6,False
e004819,2023-11-02,,Sales,Male,Black,IC1,True
e004820,2023-11-22,2024-09-03,Sales,Non-binary,Hispanic,S3,True
e004821,2023-11-10,2024-03-28,Sales,Male,Asian,IC6,False
e004822,2023-11-16,,Administrative,Female,Hispanic,IC1,True
e004823,2023-11-08,2024-05-08,Sales,Female,Asian,IC6,False
e004824,2023-11-17,,Sales,Female,Asian,S1,False
e004825,2023-11-15,,Production,Non-binary,Black,M4,True
e004826,2023-11-16,2024-10-31,Production,Male,Hispanic,IC7,True
e004827,2023-11-16,2024-04-16,Sales,Female,Hispanic,IC2,True
e004828,2023-11-15,,Administrative,Female,Hispanic,IC4,True
e004829,2023-11-24,,Production,Male,Asian,IC5,False
e004830,2023-11-22,2024-01-29,Sales,Female,Black,IC4,True
e004831,2023-11-17,,Sales,Male,Asian,IC7,False
e004832,2023-11-02,2023-12-20,Administrative,Male,Hispanic,S3,True
e004833,2023-11-30,,Sales,Female,White,IC1,False
e004834,2023-11-06,2024-03-05,Administrative,Female,Asian,IC2,False
e004835,2023-11-16,,Administrative,Male,Asian,IC5,False
e004836,2023-11-20,,Sales,Female,Hispanic,M5,True
e004837,2023-11-29,,Production,Female,Hispanic,S2,True
e004838,2023-11-22,2024-04-17,Sales,Male,Black,IC7,True
e004839,2023-11-07,,Sales,Male,Asian,IC6,False
e004840,2023-11-10,2024-05-10,Administrative,Male,Asian,S3,False
e004841,2023-11-22,,Sales,Female,Black,IC2,True
e004842,2023-11-09,,Sales,Female,Hispanic,IC1,True
e004843,2023-11-27,,Production,Male,Asian,S3,False
e004844,2023-11-24,,Production,Male,Asian,M4,False
e004845,2023-11-10,,Production,Non-binary,Black,IC7,True
e004846,2023-11-13,,Administrative,Female,Black,IC6,True
e004847,2023-11-14,,Sales,Female,Black,S2,True
e004848,2023-11-09,,Production,Male,White,IC7,False
e004849,2023-11-27,,Production,Male,Hispanic,IC7,True
e004850,2023-11-29,,Administrative,Female,White,IC6,False
e004851,2023-11-07,,Sales,Non-binary,Black,M8,True
e004852,2023-11-24,2024-04-26,Sales,Female,Asian,IC7,False
e004853,2023-11-17,2024-03-04,Sales,Male,Black,IC1,True
e004854,2023-11-06,,Production,Female,Asian,S3,False
e004855,2023-11-23,2024-09-30,Sales,Female,Black,IC5,True
e004856,2023-11-27,,Administrative,Male,Asian,M4,False
e004857,2023-11-08,2024-03-05,Sales,Male,Asian,M6,False
e004858,2023-11-01,,Sales,Female,Asian,IC1,False
e004859,2023-11-13,,Production,Female,Asian,S3,False
e004860,2023-11-17,,Production,Male,Asian,IC3,False
e004861,2023-11-15,2024-03-11,Sales,Male,White,IC2,False
e004862,2023-11-14,2024-09-02,Sales,Male,Asian,S2,False
e004863,2023-11-17,,Production,Male,Black,IC3,True
e004864,2023-11-03,2024-01-11,Sales,Male,Asian,S3,False
e004865,2023-11-22,,Administrative,Female,Asian,IC5,False
e004866,2023-11-23,,Sales,Non-binary,White,IC6,False
e004867,2023-11-03,,Sales,Female,Hispanic,S3,True
e004868,2023-11-21,2024-03-07,Administrative,Male,Hispanic,IC2,True
e004869,2023-11-14,2023-12-04,Administrative,Male,White,S2,False
e004870,2023-11-23,,Production,Male,White,IC2,False
e004871,2023-11-22,,Production,Female,Asian,IC6,False
e004872,2023-11-14,,Production,Female,Asian,S2,False
e004873,2023-11-10,,Sales,Female,Black,IC7,True
e004874,2023-11-03,2024-04-10,Sales,Male,Hispanic,IC3,True
e004875,2023-11-23,2024-03-04,Sales,Female,Asian,S3,False
e004876,2023-11-30,,Administrative,Male,Hispanic,S1,True
e004877,2023-11-07,2023-12-27,Sales,Female,Black,IC3,True
e004878,2023-11-02,,Administrative,Female,Black,IC2,True
e004879,2023-11-15,,Sales,Male,Black,IC1,True
e004880,2023-11-28,,Sales,Female,Asian,IC2,False
e004881,2023-11-17,2024-05-14,Sales,Female,White,IC2,False
e004882,2023-11-27,,Production,Male,Hispanic,IC5,True
e004883,2023-11-27,,Production,Female,White,IC2,False
e004884,2023-11-14,,Sales,Female,Black,IC1,True
e004885,2023-11-06,,Production,Female,Asian,S2,False
e004886,2023-11-27,,Sales,Non-binary,Asian,IC2,False
e004887,2023-11-16,,Production,Male,Asian,S2,False
e004888,2023-11-20,,Sales,Female,Hispanic,IC2,True
e004889,2023-11-03,,Production,Female,Hispanic,IC7,True
e004890,2023-11-29,,Production,Female,White,IC4,False
e004891,2023-11-30,,Sales,Female,White,S1,False
e004892,2023-11-29,,Administrative,Male,White,S2,False
e004893,2023-11-27,,Sales,Female,White,IC2,False
e004894,2023-11-24,2024-03-04,Production,Male,White,S2,False
e004895,2023-11-07,2024-01-23,Production,Female,Black,IC5,True
e004896,2023-11-24,,Administrative,Female,Black,M6,True
e004897,2023-11-27,2024-04-26,Sales,Male,Black,S3,True
e004898,2023-11-14,2024-05-03,Sales,Female,Black,S2,True
e004899,2023-11-16,2024-11-04,Sales,Female,Asian,IC2,False
e004900,2023-11-20,,Production,Female,Asian,M4,False
e004901,2023-11-09,,Administrative,Male,White,S1,False
e004902,2023-11-13,,Sales,Female,Asian,IC3,False
e004903,2023-11-07,2023-12-12,Administrative,Female,White,IC3,False
e004904,2023-11-06,,Sales,Female,White,IC2,False
e004905,2023-11-27,2024-03-19,Production,Female,Hispanic,M9,True
e004906,2023-11-06,,Production,Male,Asian,S1,False
e004907,2023-11-08,,Production,Non-binary,Asian,S3,False
e004908,2023-11-09,2023-12-08,Administrative,Male,Asian,M5,False
e004909,2023-11-10,,Administrative,Female,Hispanic,IC3,True
e004910,2023-11-21,2024-01-24,Production,Female,White,IC1,False
e004911,2023-11-27,,Sales,Female,White,S1,False
e004912,2023-11-21,,Administrative,Female,Black,IC5,True
e004913,2023-11-02,,Production,Female,Black,IC6,True
e004914,2023-11-17,,Administrative,Male,Asian,M6,False
e004915,2023-11-06,,Sales,Female,White,IC7,False
e004916,2023-11-24,,Administrative,Female,Black,M4,True
e004917,2023-11-08,,Administrative,Male,Hispanic,IC6,True
e004918,2023-11-10,,Administrative,Male,Black,S2,True
e004919,2023-11-23,2024-02-09,Sales,Male,Asian,IC8,False
e004920,2023-11-16,2024-06-11,Administrative,Male,Hispanic,S3,True
e004921,2023-11-20,,Administrative,Male,Hispanic,IC2,True
e004922,2023-11-01,,Sales,Female,Asian,IC5,False
e004923,2023-11-20,2024-02-05,Sales,Female,Asian,M4,False
e004924,2023-11-20,,Production,Female,White,IC2,False
e004925,2023-11-29,,Sales,Male,Black,S3,True
e004926,2023-11-23,,Administrative,Female,Hispanic,IC1,True
e004927,2023-11-14,,Administrative,Female,Hispanic,IC3,True
e004928,2023-11-08,2024-05-22,Sales,Female,White,IC2,False
e004929,2023-11-22,,Administrative,Non-binary,Asian,IC2,False
e004930,2023-11-14,2024-01-15,Sales,Male,Black,IC1,True
e004931,2023-11-09,,Sales,Non-binary,Black,IC7,True
e004932,2023-11-10,,Sales,Female,Hispanic,M5,True
e004933,2023-11-09,2024-10-21,Production,Female,Asian,S1,False
e004934,2023-11-29,2024-02-23,Production,Female,Asian,IC5,False
e004935,2023-11-06,,Administrative,Female,Hispanic,IC7,True
e004936,2023-11-08,,Sales,Female,White,IC5,False
e004937,2023-11-27,2024-03-05,Administrative,Female,Asian,M6,False
e004938,2023-11-24,,Sales,Female,Black,IC3,True
e004939,2023-11-22,,Administrative,Male,Asian,IC2,False
e004940,2023-11-10,2024-03-28,Administrative,Non-binary,Black,IC3,True
e004941,2023-12-19,,Production,Female,Asian,IC5,False
e004942,2023-12-14,,Production,Female,Black,M6,True
e004943,2023-12-25,2024-05-28,Administrative,Female,Black,S1,True
e004944,2023-12-15,,Sales,Female,Asian,M4,False
e004945,2023-12-29,,Sales,Male,Asian,S2,False
e004946,2023-12-29,,Production,Male,Asian,S1,False
e004947,2023-12-21,,Production,Female,Asian,S2,False
e004948,2023-12-01,2024-05-03,Administrative,Male,Black,IC1,True
e004949,2023-12-12,,Production,Male,Asian,S2,False
e004950,2023-12-15,2024-02-22,Administrative,Male,Black,IC3,True
e004951,2023-12-25,,Production,Male,Black,IC3,True
e004952,2023-12-05,,Sales,Female,White,IC1,False
e004953,2023-12-06,,Production,Female,Asian,M4,False
e004954,2023-12-20,,Production,Female,Black,IC3,True
e004955,2023-12-22,2024-03-25,Production,Female,Asian,IC2,False
e004956,2023-12-08,2024-03-20,Administrative,Female,Hispanic,IC3,True
e004957,2023-12-12,2024-02-21,Administrative,Male,Asian,IC2,False
e004958,2023-12-01,,Production,Female,Asian,IC3,False
e004959,2023-12-19,,Production,Male,Asian,IC2,False
e004960,2023-12-04,2024-03-13,Sales,Female,Hispanic,IC1,True
e004961,2023-12-26,,Administrative,Female,Black,IC6,True
e004962,2023-12-08,,Sales,Female,White,IC6,False
e004963,2023-12-29,,Production,Female,Hispanic,IC3,True
e004964,2023-12-19,2024-04-22,Administrative,Male,Asian,M6,False
e004965,2023-12-18,,Production,Female,Black,M4,True
e004966,2023-12-06,2024-03-20,Sales,Female,Hispanic,IC1,True
e004967,2023-12-28,,Administrative,Male,Hispanic,S2,True
e004968,2024-01-09,,Sales,Female,Asian,IC6,False
e004969,2024-01-19,,Production,Male,White,IC5,False
e004970,2024-01-17,,Administrative,Male,Asian,S1,False
e004971,2024-01-19,,Sales,Female,Asian,S1,False
e004972,2024-01-08,,Production,Female,Asian,S3,False
e004973,2024-01-25,,Sales,Male,Asian,IC2,False
e004974,2024-01-09,2024-05-20,Production,Female,Hispanic,M4,True
e004975,2024-01-24,,Sales,Female,Black,IC3,True
e004976,2024-01-03,2024-05-23,Sales,Female,White,IC2,False
e004977,2024-01-11,,Production,Male,Asian,S1,False
e004978,2024-01-26,2024-02-14,Administrative,Female,Hispanic,IC2,True
e004979,2024-01-22,,Production,Female,Asian,IC9,False
e004980,2024-01-31,,Production,Non-binary,Hispanic,M5,True
e004981,2024-01-09,,Production,Female,White,S1,False
e004982,2024-01-30,,Production,Male,White,IC3,False
e004983,2024-01-16,2024-09-02,Sales,Male,Hispanic,M7,True
e004984,2024-01-08,,Production,Male,Black,IC2,True
e004985,2024-01-08,2024-06-24,Administrative,Male,Asian,S3,False
e004986,2024-01-05,,Production,Male,Hispanic,S1,True
e004987,2024-01-30,2024-02-08,Production,Female,Asian,IC6,False
e004988,2024-01-04,,Administrative,Non-binary,White,IC1,False
e004989,2024-01-01,,Sales,Female,Asian,IC1,False
e004990,2024-01-15,,Administrative,Female,Asian,M7,False
e004991,2024-01-23,,Administrative,Male,Asian,IC6,False
e004992,2024-01-01,,Administrative,Female,Asian,IC3,False
e004993,2024-01-11,,Sales,Female,Hispanic,IC6,True
e004994,2024-01-15,2024-04-30,Administrative,Female,White,IC1,False
e004995,2024-01-15,2024-05-23,Production,Female,Asian,IC4,False
e004996,2024-01-16,,Production,Male,Asian,M5,False
e004997,2024-01-01,,Production,Male,White,M4,False
e004998,2024-01-15,2024-02-29,Production,Male,White,IC5,False
e004999,2024-01-29,,Sales,Female,Asian,IC5,False
e005000,2024-01-22,,Sales,Female,Asian,IC1,False
e005001,2024-01-22,,Administrative,Male,Asian,S3,False
e005002,2024-01-25,,Sales,Non-binary,Hispanic,IC5,True
e005003,2024-01-04,,Sales,Female,Asian,S1,False
e005004,2024-01-18,,Sales,Non-binary,White,S3,False
e005005,2024-01-01,,Administrative,Female,Asian,IC5,False
e005006,2024-01-02,2024-04-09,Sales,Non-binary,Hispanic,IC5,True
e005007,2024-01-09,2024-04-15,Administrative,Female,Asian,IC5,False
e005008,2024-01-31,,Administrative,Female,Black,S3,True
e005009,2024-01-15,,Sales,Female,Hispanic,IC3,True
e005010,2024-01-11,,Sales,Female,Asian,IC7,False
e005011,2024-01-03,,Production,Female,Asian,S2,False
e005012,2024-01-02,2024-05-08,Production,Female,Asian,IC5,False
e005013,2024-01-15,2024-10-07,Sales,Female,White,IC1,False
e005014,2024-01-31,,Production,Female,Hispanic,S2,True
e005015,2024-01-22,2024-02-15,Production,Male,Hispanic,IC3,True
e005016,2024-01-11,,Sales,Male,White,IC4,False
e005017,2024-01-10,2024-10-03,Production,Male,White,S1,False
e005018,2024-01-31,,Production,Female,Hispanic,M4,True
e005019,2024-01-25,2024-03-25,Sales,Female,Asian,IC5,False
e005020,2024-01-25,2024-02-05,Production,Male,Asian,M4,False
e005021,2024-01-24,2024-04-10,Production,Non-binary,Asian,IC4,False
e005022,2024-01-31,2024-06-17,Sales,Male,Asian,M4,False
e005023,2024-01-31,,Administrative,Male,White,S3,False
e005024,2024-01-01,2024-04-24,Sales,Female,Hispanic,M4,True
e005025,2024-01-23,2024-11-14,Sales,Male,Asian,IC1,False
e005026,2024-01-04,2024-03-04,Sales,Female,Black,IC7,True
e005027,2024-01-01,,Sales,Female,Asian,IC4,False
e005028,2024-01-04,,Sales,Female,Asian,IC1,False
e005029,2024-01-31,,Production,Male,Black,IC4,True
e005030,2024-01-11,,Administrative,Female,Black,IC3,True
e005031,2024-01-17,,Sales,Female,Asian,S1,False
e005032,2024-01-11,2024-03-21,Sales,Female,White,IC7,False
e005033,2024-01-18,,Administrative,Female,Asian,S3,False
e005034,2024-01-05,,Administrative,Female,White,IC9,False
e005035,2024-01-09,,Sales,Male,Hispanic,IC6,True
e005036,2024-01-25,,Sales,Female,Asian,IC7,False
e005037,2024-01-26,2024-06-07,Production,Female,Asian,M5,False
e005038,2024-01-10,2024-10-30,Sales,Female,Asian,IC5,False
e005039,2024-01-03,2024-02-14,Production,Male,Hispanic,S3,True
e005040,2024-01-11,,Administrative,Female,White,M5,False
e005041,2024-01-01,,Administrative,Female,Black,IC4,True
e005042,2024-01-25,,Production,Male,Black,IC5,True
e005043,2024-01-30,2024-05-17,Sales,Female,Hispanic,S2,True
e005044,2024-01-03,,Sales,Male,White,IC7,False
e005045,2024-01-04,,Production,Non-binary,White,IC7,False
e005046,2024-01-30,,Administrative,Male,Asian,S3,False
e005047,2024-01-30,,Administrative,Female,Asian,IC3,False
e005048,2024-01-05,,Administrative,Male,Asian,IC7,False
e005049,2024-01-10,,Administrative,Female,Asian,IC9,False
e005050,2024-01-23,,Administrative,Male,Hispanic,IC4,True
e005051,2024-01-16,2024-03-28,Sales,Male,Hispanic,IC8,True
e005052,2024-01-22,,Sales,Male,Black,S3,True
e005053,2024-01-19,,Administrative,Female,Hispanic,M4,True
e005054,2024-01-22,2024-06-26,Sales,Male,Hispanic,IC6,True
e005055,2024-01-15,,Production,Female,White,IC6,False
e005056,2024-01-05,,Sales,Female,Black,M7,True
e005057,2024-01-31,,Sales,Male,Asian,S2,False
e005058,2024-01-05,,Sales,Male,Hispanic,IC2,True
e005059,2024-01-10,,Sales,Non-binary,Asian,M4,False
e005060,2024-01-01,2024-03-08,Sales,Male,Hispanic,IC5,True
e005061,2024-01-31,,Sales,Male,Hispanic,S2,True
e005062,2024-01-12,2024-06-13,Administrative,Female,Asian,S3,False
e005063,2024-01-05,2024-10-03,Sales,Male,Asian,IC2,False
e005064,2024-01-25,,Administrative,Female,Black,IC6,True
e005065,2024-01-09,,Administrative,Non-binary,Asian,M5,False
e005066,2024-01-25,,Sales,Female,Asian,IC3,False
e005067,2024-01-10,,Production,Male,Asian,S1,False
e005068,2024-01-09,,Administrative,Male,Asian,IC3,False
e005069,2024-01-12,2024-05-14,Administrative,Male,Asian,IC6,False
e005070,2024-01-30,,Sales,Female,Asian,M5,False
e005071,2024-01-30,,Production,Female,Asian,IC1,False
e005072,2024-01-19,,Administrative,Male,Asian,M4,False
e005073,2024-01-31,2024-10-16,Production,Female,Asian,M5,False
e005074,2024-01-04,,Sales,Male,Black,IC1,True
e005075,2024-01-24,,Production,Female,Hispanic,M7,True
e005076,2024-01-01,,Administrative,Female,Asian,S1,False
e005077,2024-02-27,2024-10-11,Production,Female,White,IC3,False
e005078,2024-02-20,,Sales,Male,Asian,S3,False
e005079,2024-02-09,2024-09-18,Sales,Female,Asian,IC2,False
e005080,2024-02-28,,Administrative,Non-binary,Hispanic,M4,True
e005081,2024-02-28,,Sales,Male,Black,IC3,True
e005082,2024-02-12,2024-04-01,Production,Male,Black,IC3,True
e005083,2024-02-28,2024-06-14,Sales,Female,Hispanic,IC7,True
e005084,2024-02-16,2024-04-09,Sales,Male,Asian,IC1,False
e005085,2024-02-21,2024-05-30,Administrative,Non-binary,Asian,IC2,False
e005086,2024-02-08,,Administrative,Male,Black,IC7,True
e005087,2024-02-28,,Production,Non-binary,White,S3,False
e005088,2024-02-12,,Sales,Non-binary,Hispanic,S3,True
e005089,2024-02-27,2024-10-18,Administrative,Male,Asian,M4,False
e005090,2024-02-14,,Sales,Female,White,IC1,False
e005091,2024-03-29,,Sales,Male,Hispanic,M4,True
e005092,2024-03-18,,Sales,Female,Hispanic,M7,True
e005093,2024-03-05,,Sales,Female,Asian,IC1,False
e005094,2024-03-01,,Administrative,Female,Black,IC3,True
e005095,2024-03-27,,Sales,Female,Asian,S2,False
e005096,2024-03-01,,Administrative,Male,Asian,M5,False
e005097,2024-03-06,2024-04-09,Sales,Male,White,IC2,False
e005098,2024-03-29,2024-05-07,Production,Male,Asian,IC2,False
e005099,2024-03-25,,Production,Female,Asian,IC8,False
e005100,2024-03-13,,Production,Female,Asian,IC2,False
e005101,2024-03-22,,Production,Female,Asian,S3,False
e005102,2024-03-25,,Sales,Female,Asian,S1,False
e005103,2024-03-07,,Sales,Non-binary,Asian,S2,False
e005104,2024-03-05,,Production,Female,Asian,IC2,False
e005105,2024-03-29,,Production,Female,Hispanic,IC3,True
e005106,2024-03-27,,Administrative,Male,Asian,S2,False
e005107,2024-03-05,,Sales,Male,Asian,S2,False
e005108,2024-03-20,,Administrative,Female,Black,IC2,True
e005109,2024-03-14,,Administrative,Female,White,IC3,False
e005110,2024-03-07,,Production,Female,Black,IC3,True
e005111,2024-03-15,2024-05-23,Administrative,Female,Hispanic,IC8,True
e005112,2024-03-01,,Sales,Female,Asian,IC1,False
e005113,2024-03-11,,Production,Female,Asian,IC7,False
e005114,2024-03-08,,Administrative,Female,Black,IC5,True
e005115,2024-03-25,,Administrative,Male,Black,S2,True
e005116,2024-03-05,,Sales,Male,White,IC4,False
e005117,2024-03-04,,Production,Female,Hispanic,IC2,True
e005118,2024-03-22,,Production,Male,Asian,S3,False
e005119,2024-03-26,,Sales,Female,Black,M4,True
e005120,2024-03-01,,Sales,Female,Black,IC3,True
e005121,2024-03-25,,Production,Male,White,M5,False
e005122,2024-03-01,,Production,Non-binary,Asian,IC6,False
e005123,2024-03-07,,Administrative,Female,Asian,IC4,False
e005124,2024-03-14,,Administrative,Male,White,S2,False
e005125,2024-03-29,,Sales,Female,White,IC2,False
e005126,2024-03-29,,Sales,Female,Black,IC1,True
e005127,2024-03-29,2024-05-16,Sales,Female,Hispanic,IC3,True
e005128,2024-03-15,,Production,Female,Asian,M5,False
e005129,2024-03-13,,Production,Female,White,IC6,False
e005130,2024-03-04,,Production,Female,White,IC6,False
e005131,2024-03-22,,Production,Female,Asian,IC1,False
e005132,2024-03-20,,Production,Non-binary,Asian,S1,False
e005133,2024-03-13,2024-05-10,Sales,Female,Black,M4,True
e005134,2024-03-08,,Production,Female,Asian,S1,False
e005135,2024-03-04,,Administrative,Female,Hispanic,IC4,True
e005136,2024-03-13,,Sales,Female,Asian,IC3,False
e005137,2024-03-20,2024-04-09,Administrative,Female,Asian,M4,False
e005138,2024-03-25,,Administrative,Female,Hispanic,IC3,True
e005139,2024-03-19,2024-06-17,Sales,Female,Black,IC1,True
e005140,2024-03-18,,Sales,Female,Black,IC1,True
e005141,2024-03-21,,Production,Male,Black,IC1,True
e005142,2024-03-07,,Sales,Male,Asian,S2,False
e005143,2024-03-26,,Sales,Female,White,M5,False
e005144,2024-03-04,2024-04-12,Production,Female,Asian,S1,False
e005145,2024-03-04,2024-05-29,Sales,Female,White,IC2,False
e005146,2024-03-15,2024-05-01,Administrative,Female,Asian,IC2,False
e005147,2024-03-27,2024-10-10,Administrative,Female,Hispanic,IC7,True
e005148,2024-03-27,,Administrative,Male,Asian,M5,False
e005149,2024-03-15,,Production,Male,White,M6,False
e005150,2024-03-29,,Sales,Female,Asian,S3,False
e005151,2024-03-14,,Administrative,Female,Black,IC3,True
e005152,2024-03-06,2024-05-15,Administrative,Female,Hispanic,IC6,True
e005153,2024-03-11,,Administrative,Female,Asian,IC3,False
e005154,2024-03-11,,Sales,Male,Hispanic,IC3,True
e005155,2024-03-21,,Production,Non-binary,White,M5,False
e005156,2024-03-18,,Production,Female,Black,S2,True
e005157,2024-03-29,2024-10-15,Administrative,Male,Hispanic,S2,True
e005158,2024-03-26,,Sales,Male,Black,IC6,True
e005159,2024-03-05,,Sales,Female,White,S1,False
e005160,2024-03-11,,Production,Female,White,S1,False
e005161,2024-03-12,,Production,Non-binary,Black,IC3,True
e005162,2024-03-19,,Sales,Male,Black,IC7,True
e005163,2024-03-20,2024-10-31,Production,Female,Asian,S1,False
e005164,2024-03-14,,Production,Female,White,IC2,False
e005165,2024-03-13,,Administrative,Female,White,IC1,False
e005166,2024-03-28,,Production,Non-binary,Asian,IC4,False
e005167,2024-03-19,,Sales,Female,Asian,S1,False
e005168,2024-03-18,,Administrative,Male,Asian,IC5,False
e005169,2024-03-01,,Sales,Male,Black,IC4,True
e005170,2024-04-12,,Production,Female,Hispanic,M6,True
e005171,2024-04-26,,Production,Female,Asian,IC7,False
e005172,2024-04-04,,Production,Female,Asian,IC7,False
e005173,2024-04-04,,Sales,Female,White,M5,False
e005174,2024-04-12,2024-06-25,Production,Female,Black,IC7,True
e005175,2024-04-09,,Administrative,Male,White,IC5,False
e005176,2024-04-16,2024-06-18,Administrative,Non-binary,Hispanic,IC8,True
e005177,2024-04-26,,Administrative,Male,Asian,S1,False
e005178,2024-04-02,,Sales,Female,Hispanic,IC6,True
e005179,2024-04-03,,Administrative,Male,Asian,IC6,False
e005180,2024-04-09,,Administrative,Male,Asian,M5,False
e005181,2024-04-25,,Administrative,Female,Black,IC4,True
e005182,2024-04-29,,Production,Male,Asian,M4,False
e005183,2024-04-10,,Production,Male,White,M4,False
e005184,2024-04-10,,Production,Male,Asian,M6,False
e005185,2024-04-24,,Administrative,Male,Asian,IC1,False
e005186,2024-04-26,,Administrative,Female,White,IC2,False
e005187,2024-04-17,,Administrative,Male,Asian,M6,False
e005188,2024-04-18,2024-11-14,Sales,Female,Black,IC3,True
e005189,2024-04-08,,Sales,Male,Asian,IC4,False
e005190,2024-04-26,2024-05-10,Sales,Male,Asian,S2,False
e005191,2024-04-17,,Sales,Male,Black,IC1,True
e005192,2024-04-05,2024-05-14,Production,Male,Hispanic,IC2,True
e005193,2024-04-09,,Sales,Male,Hispanic,S2,True
e005194,2024-04-30,,Production,Male,White,M7,False
e005195,2024-04-23,,Production,Female,Asian,IC9,False
e005196,2024-04-16,,Production,Female,Asian,S3,False
e005197,2024-04-03,,Sales,Female,Asian,IC4,False
e005198,2024-04-03,,Sales,Female,Hispanic,M6,True
e005199,2024-04-25,,Production,Female,Asian,S1,False
e005200,2024-04-18,,Administrative,Male,Black,M6,True
e005201,2024-04-08,,Sales,Female,Asian,M6,False
e005202,2024-04-24,,Administrative,Female,Asian,IC4,False
e005203,2024-04-15,,Production,Female,Black,M4,True
e005204,2024-04-12,,Administrative,Female,Asian,IC2,False
e005205,2024-04-17,,Sales,Male,Black,IC3,True
e005206,2024-04-15,,Production,Male,Black,IC5,True
e005207,2024-04-29,,Administrative,Male,Asian,IC1,False
e005208,2024-04-29,,Sales,Male,Black,IC4,True
e005209,2024-04-19,2024-05-16,Production,Male,Asian,S2,False
e005210,2024-04-16,,Administrative,Male,Asian,IC6,False
e005211,2024-04-09,,Production,Non-binary,White,S1,False
e005212,2024-04-22,2024-06-27,Sales,Male,Hispanic,M4,True
e005213,2024-05-17,,Administrative,Female,White,M7,False
e005214,2024-05-14,,Administrative,Female,Asian,M4,False
e005215,2024-05-07,,Sales,Male,Hispanic,S2,True
e005216,2024-05-01,,Administrative,Male,White,S1,False
e005217,2024-05-22,,Administrative,Female,Hispanic,IC5,True
e005218,2024-05-30,,Administrative,Male,Asian,IC2,False
e005219,2024-05-29,,Sales,Female,Asian,S2,False
e005220,2024-05-03,,Sales,Male,Hispanic,IC1,True
e005221,2024-05-10,,Administrative,Male,Black,S2,True
e005222,2024-05-21,,Administrative,Non-binary,White,IC2,False
e005223,2024-05-13,,Production,Male,White,M7,False
e005224,2024-05-24,2024-11-04,Administrative,Female,Asian,IC2,False
e005225,2024-05-21,,Administrative,Female,Asian,IC3,False
e005226,2024-05-22,,Sales,Female,White,IC3,False
e005227,2024-05-15,2024-06-20,Sales,Male,Hispanic,IC2,True
e005228,2024-05-15,,Administrative,Female,Asian,IC1,False
e005229,2024-05-08,,Sales,Female,Hispanic,S2,True
e005230,2024-05-10,,Administrative,Male,Black,M6,True
e005231,2024-05-01,,Sales,Male,White,IC3,False
e005232,2024-05-29,,Sales,Female,Hispanic,IC7,True
e005233,2024-05-20,,Sales,Male,Asian,S3,False
e005234,2024-05-14,,Sales,Female,Asian,IC2,False
e005235,2024-05-06,,Sales,Male,Asian,IC5,False
e005236,2024-05-15,2024-11-05,Administrative,Female,Asian,IC2,False
e005237,2024-05-17,,Production,Female,Black,IC6,True
e005238,2024-05-06,,Production,Male,Asian,IC7,False
e005239,2024-05-20,,Sales,Non-binary,Asian,IC5,False
e005240,2024-05-17,,Sales,Female,Black,IC7,True
e005241,2024-05-27,2024-10-08,Sales,Non-binary,White,IC2,False
e005242,2024-05-31,,Sales,Female,Asian,IC4,False
e005243,2024-05-23,2024-06-21,Sales,Male,Black,S1,True
e005244,2024-05-30,,Administrative,Male,Asian,S3,False
e005245,2024-05-22,,Administrative,Male,Black,IC3,True
e005246,2024-05-03,2024-10-09,Sales,Female,Hispanic,IC4,True
e005247,2024-05-03,,Sales,Female,Asian,S3,False
e005248,2024-05-02,,Sales,Male,Asian,IC4,False
e005249,2024-05-23,,Administrative,Female,Hispanic,M5,True
e005250,2024-05-14,,Production,Male,Asian,S2,False
e005251,2024-05-14,,Sales,Female,Asian,S1,False
e005252,2024-05-01,,Production,Female,Asian,IC2,False
e005253,2024-05-03,,Administrative,Female,Black,IC1,True
e005254,2024-05-07,,Administrative,Female,Black,IC3,True
e005255,2024-05-28,,Sales,Male,Asian,S3,False
e005256,2024-05-08,,Administrative,Female,Asian,S3,False
e005257,2024-05-24,,Sales,Male,Black,IC5,True
e005258,2024-05-17,,Sales,Female,Asian,S1,False
e005259,2024-05-23,,Production,Male,Black,M5,True
e005260,2024-05-17,,Sales,Non-binary,White,S1,False
e005261,2024-05-03,,Administrative,Female,Black,IC1,True
e005262,2024-05-27,,Production,Male,Black,S2,True
e005263,2024-05-13,,Administrative,Female,White,IC5,False
e005264,2024-05-14,,Administrative,Female,White,S3,False
e005265,2024-05-28,,Sales,Male,White,IC3,False
e005266,2024-05-16,,Sales,Male,Hispanic,IC6,True
e005267,2024-05-20,2024-06-10,Production,Non-binary,Hispanic,IC3,True
e005268,2024-05-06,,Administrative,Male,Asian,IC3,False
e005269,2024-05-01,2024-10-11,Sales,Female,Hispanic,IC4,True
e005270,2024-05-09,,Production,Female,Asian,S3,False
e005271,2024-05-15,,Administrative,Male,Asian,IC1,False
e005272,2024-05-31,2024-10-14,Administrative,Female,White,IC8,False
e005273,2024-05-13,,Production,Male,Asian,IC5,False
e005274,2024-05-16,,Administrative,Male,Asian,S2,False
e005275,2024-05-27,2024-06-13,Administrative,Male,Black,IC5,True
e005276,2024-05-22,,Production,Female,Asian,IC2,False
e005277,2024-05-21,,Production,Female,Asian,S1,False
e005278,2024-05-28,,Sales,Female,White,M5,False
e005279,2024-05-29,,Administrative,Female,White,IC2,False
e005280,2024-05-21,,Sales,Female,Hispanic,M5,True
e005281,2024-05-15,,Administrative,Female,Black,IC4,True
e005282,2024-05-07,,Sales,Female,Black,IC1,True
e005283,2024-05-24,,Sales,Female,Hispanic,IC4,True
e005284,2024-05-31,,Sales,Male,Hispanic,IC7,True
e005285,2024-05-06,,Sales,Female,Asian,IC5,False
e005286,2024-05-14,2024-10-08,Production,Female,Black,IC6,True
e005287,2024-05-01,,Sales,Female,Asian,S3,False
e005288,2024-05-02,,Administrative,Female,Black,IC7,True
e005289,2024-05-08,,Production,Male,Asian,IC6,False
e005290,2024-05-22,,Administrative,Female,White,S3,False
e005291,2024-05-20,,Administrative,Female,White,IC1,False
e005292,2024-05-10,,Sales,Female,Hispanic,IC2,True
e005293,2024-05-16,,Sales,Male,Black,S3,True
e005294,2024-05-20,2024-11-18,Sales,Female,Asian,IC7,False
e005295,2024-05-02,,Sales,Non-binary,Asian,IC7,False
e005296,2024-05-01,,Sales,Female,Asian,S1,False
e005297,2024-05-07,,Administrative,Female,Asian,S1,False
e005298,2024-05-01,,Sales,Male,Hispanic,M5,True
e005299,2024-05-28,,Production,Male,Black,S2,True
e005300,2024-05-15,,Production,Female,Asian,M5,False
e005301,2024-05-30,,Sales,Male,White,S1,False
e005302,2024-05-13,,Sales,Female,Asian,IC1,False
e005303,2024-05-22,,Sales,Non-binary,Asian,IC1,False
e005304,2024-05-23,,Administrative,Male,Asian,IC3,False
e005305,2024-05-16,,Sales,Male,Hispanic,IC3,True
e005306,2024-05-07,,Sales,Female,Black,S3,True
e005307,2024-05-13,,Administrative,Female,White,S3,False
e005308,2024-05-28,,Production,Male,Asian,IC2,False
e005309,2024-05-27,,Sales,Female,Asian,S1,False
e005310,2024-05-17,,Production,Male,White,M4,False
e005311,2024-05-17,,Production,Female,Asian,IC4,False
e005312,2024-05-14,2024-10-29,Administrative,Male,Black,S3,True
e005313,2024-05-16,,Administrative,Non-binary,White,S1,False
e005314,2024-05-23,,Sales,Female,Black,IC1,True
e005315,2024-05-22,,Sales,Female,Hispanic,IC6,True
e005316,2024-05-03,,Administrative,Male,Black,IC1,True
e005317,2024-05-28,,Production,Male,Asian,S1,False
e005318,2024-05-22,,Sales,Female,Asian,M4,False
e005319,2024-05-10,,Sales,Female,Black,IC1,True
e005320,2024-05-28,,Sales,Female,Asian,S1,False
e005321,2024-05-14,2024-10-28,Production,Male,Black,M5,True
e005322,2024-05-17,,Sales,Male,Black,IC6,True
e005323,2024-05-10,,Production,Male,Asian,M8,False
e005324,2024-05-22,,Administrative,Non-binary,Asian,IC3,False
e005325,2024-05-08,,Sales,Female,Asian,IC1,False
e005326,2024-05-27,2024-06-14,Sales,Male,Hispanic,IC1,True
e005327,2024-05-16,,Production,Female,Asian,S1,False
e005328,2024-05-23,,Administrative,Male,White,IC1,False
e005329,2024-05-17,,Sales,Female,Asian,IC4,False
e005330,2024-05-16,,Administrative,Female,Black,S1,True
e005331,2024-05-03,,Sales,Female,Asian,IC1,False
e005332,2024-05-31,,Production,Male,White,IC3,False
e005333,2024-05-01,,Administrative,Female,Asian,S1,False
e005334,2024-05-30,,Production,Male,Asian,M4,False
e005335,2024-05-16,,Production,Female,Asian,IC5,False
e005336,2024-05-23,,Sales,Female,Asian,IC1,False
e005337,2024-06-17,,Production,Female,Hispanic,IC5,True
e005338,2024-06-26,,Sales,Female,Asian,M4,False
e005339,2024-06-18,,Sales,Female,Black,S2,True
e005340,2024-06-07,,Sales,Female,White,IC6,False
e005341,2024-06-20,,Sales,Male,Asian,M9,False
e005342,2024-06-04,,Production,Male,Black,IC3,True
e005343,2024-06-21,,Administrative,Female,Black,IC6,True
e005344,2024-06-28,,Sales,Male,Asian,IC4,False
e005345,2024-06-28,,Administrative,Female,Asian,IC1,False
e005346,2024-06-06,,Sales,Female,Hispanic,IC7,True
e005347,2024-06-07,2024-10-15,Sales,Non-binary,White,IC6,False
e005348,2024-06-06,,Production,Male,Hispanic,S1,True
e005349,2024-06-18,,Production,Female,Asian,S2,False
e005350,2024-06-12,,Production,Male,Asian,IC1,False
e005351,2024-06-13,2024-10-10,Administrative,Non-binary,Asian,S2,False
e005352,2024-06-04,,Sales,Non-binary,White,IC2,False
e005353,2024-06-25,,Administrative,Male,Hispanic,S1,True
e005354,2024-06-24,,Production,Male,Black,IC6,True
e005355,2024-06-18,,Production,Non-binary,Hispanic,IC1,True
e005356,2024-06-19,,Sales,Female,White,M4,False
e005357,2024-06-11,2024-10-28,Administrative,Male,Hispanic,S3,True
e005358,2024-06-19,,Sales,Female,White,M4,False
e005359,2024-06-27,,Administrative,Female,Asian,M4,False
e005360,2024-06-10,,Sales,Male,White,IC2,False
e005361,2024-06-27,,Sales,Female,Black,IC6,True
e005362,2024-06-14,,Sales,Male,Asian,IC2,False
e005363,2024-06-24,,Sales,Non-binary,Hispanic,S2,True
e005364,2024-06-19,,Administrative,Male,Black,M5,True
e005365,2024-06-11,,Production,Male,White,S3,False
e005366,2024-06-28,,Sales,Female,Asian,S2,False
e005367,2024-06-12,,Sales,Male,Black,IC2,True
e005368,2024-06-21,,Production,Female,Asian,M5,False
e005369,2024-06-10,,Sales,Female,White,IC6,False
e005370,2024-06-17,,Sales,Male,Asian,S3,False
e005371,2024-06-18,,Sales,Male,Black,IC6,True
e005372,2024-06-04,,Production,Female,Asian,S1,False
e005373,2024-06-21,,Sales,Male,Asian,S3,False
e005374,2024-06-07,,Sales,Female,Hispanic,S1,True
e005375,2024-06-11,,Administrative,Female,Hispanic,M5,True
e005376,2024-06-25,,Administrative,Male,Asian,IC2,False
e005377,2024-06-14,,Administrative,Male,Black,IC7,True
e005378,2024-06-17,,Sales,Non-binary,Hispanic,IC3,True
e005379,2024-06-18,,Sales,Female,White,M5,False
e005380,2024-06-07,,Sales,Male,White,IC8,False
e005381,2024-06-21,,Sales,Male,White,IC3,False
e005382,2024-06-20,,Sales,Male,Asian,IC5,False
e005383,2024-06-10,,Production,Female,Black,IC2,True
e005384,2024-06-06,,Administrative,Female,Hispanic,IC1,True
e005385,2024-06-17,,Sales,Female,White,IC4,False
e005386,2024-06-19,,Production,Female,Hispanic,IC5,True
e005387,2024-06-11,,Administrative,Male,White,IC1,False
e005388,2024-06-06,,Production,Female,Black,IC1,True
e005389,2024-06-13,2024-10-22,Sales,Female,White,IC2,False
e005390,2024-06-11,2024-10-30,Administrative,Female,White,S1,False
e005391,2024-06-14,,Production,Male,Asian,S1,False
e005392,2024-06-24,,Production,Male,Hispanic,S3,True
e005393,2024-06-04,,Production,Female,Black,S1,True
e005394,2024-06-28,,Sales,Male,Hispanic,IC6,True
e005395,2024-06-03,,Administrative,Male,Hispanic,S3,True
e005396,2024-06-13,,Sales,Female,Hispanic,S3,True
e005397,2024-06-24,,Administrative,Female,Asian,S2,False
e005398,2024-06-06,,Administrative,Female,Asian,IC6,False
e005399,2024-06-13,,Sales,Male,Asian,M5,False
e005400,2024-06-18,,Sales,Female,Asian,S3,False
e005401,2024-06-03,,Sales,Male,Hispanic,IC2,True
e005402,2024-06-19,,Administrative,Female,Hispanic,IC6,True
e005403,2024-06-26,,Production,Non-binary,White,IC2,False
e005404,2024-07-31,,Production,Non-binary,Asian,IC2,False
e005405,2024-07-02,,Sales,Male,Hispanic,S2,True
e005406,2024-07-22,,Production,Male,Black,M4,True
e005407,2024-07-09,,Production,Male,Asian,M4,False
e005408,2024-07-12,,Sales,Male,Asian,IC3,False
e005409,2024-07-08,2024-10-30,Sales,Female,White,IC4,False
e005410,2024-07-31,,Production,Female,Asian,S2,False
e005411,2024-07-30,,Sales,Female,White,S3,False
e005412,2024-07-25,,Sales,Non-binary,Asian,IC7,False
e005413,2024-07-05,,Sales,Male,White,M4,False
e005414,2024-07-12,,Sales,Male,Asian,S1,False
e005415,2024-07-26,,Administrative,Female,White,IC3,False
e005416,2024-07-19,,Production,Female,Hispanic,M4,True
e005417,2024-07-12,,Administrative,Female,Asian,S3,False
e005418,2024-07-25,,Production,Male,Black,IC4,True
e005419,2024-07-08,,Production,Female,Black,IC4,True
e005420,2024-07-24,2024-10-25,Sales,Female,Asian,M4,False
e005421,2024-07-11,,Sales,Non-binary,Hispanic,IC2,True
e005422,2024-07-10,,Production,Male,Asian,S1,False
e005423,2024-07-17,,Production,Female,White,IC6,False
e005424,2024-07-24,,Administrative,Female,Hispanic,IC5,True
e005425,2024-07-30,,Production,Female,Hispanic,S1,True
e005426,2024-07-19,,Administrative,Male,Hispanic,IC3,True
e005427,2024-07-02,,Administrative,Male,Asian,IC5,False
e005428,2024-07-09,,Sales,Non-binary,Asian,IC7,False
e005429,2024-07-09,,Sales,Female,Asian,IC1,False
e005430,2024-07-17,,Production,Non-binary,Black,S3,True
e005431,2024-07-12,,Administrative,Non-binary,Hispanic,IC1,True
e005432,2024-07-18,,Sales,Male,White,IC6,False
e005433,2024-07-15,,Administrative,Female,White,S3,False
e005434,2024-07-01,,Administrative,Female,Black,IC2,True
e005435,2024-07-29,,Administrative,Male,Hispanic,S2,True
e005436,2024-07-16,,Administrative,Female,Black,M5,True
e005437,2024-07-12,,Sales,Male,White,M5,False
e005438,2024-07-09,,Sales,Female,Hispanic,S3,True
e005439,2024-07-11,,Production,Female,Hispanic,M5,True
e005440,2024-07-04,,Production,Female,Asian,IC6,False
e005441,2024-07-26,,Sales,Female,Black,S2,True
e005442,2024-07-23,,Sales,Female,Hispanic,IC1,True
e005443,2024-07-29,,Production,Female,Asian,S2,False
e005444,2024-07-16,,Administrative,Male,Asian,IC2,False
e005445,2024-07-30,,Sales,Non-binary,Black,IC5,True
e005446,2024-07-18,,Production,Female,Asian,IC2,False
e005447,2024-07-17,,Production,Female,White,IC1,False
e005448,2024-07-15,,Sales,Male,White,M5,False
e005449,2024-08-12,,Administrative,Male,Asian,IC7,False
e005450,2024-08-27,2024-10-10,Sales,Female,Black,IC2,True
e005451,2024-08-08,,Sales,Female,White,IC9,False
e005452,2024-08-28,,Production,Non-binary,White,IC1,False
e005453,2024-08-28,,Administrative,Female,Asian,IC7,False
e005454,2024-08-15,,Administrative,Male,Hispanic,S3,True
e005455,2024-08-20,,Sales,Male,Hispanic,IC5,True
e005456,2024-08-26,,Administrative,Male,Black,S3,True
e005457,2024-08-29,,Sales,Male,Asian,IC4,False
e005458,2024-08-14,,Production,Non-binary,Asian,S1,False
e005459,2024-08-13,,Production,Female,Asian,IC2,False
e005460,2024-08-21,,Sales,Female,White,IC5,False
e005461,2024-08-16,,Sales,Female,Asian,S1,False
e005462,2024-08-02,,Production,Female,Hispanic,M6,True
e005463,2024-08-22,,Administrative,Female,White,S2,False
e005464,2024-08-01,,Sales,Female,Asian,M4,False
e005465,2024-08-30,,Administrative,Male,Black,IC3,True
e005466,2024-08-19,,Administrative,Male,White,IC7,False
e005467,2024-08-29,,Sales,Male,Asian,M6,False
e005468,2024-08-23,,Administrative,Male,Black,M4,True
e005469,2024-08-14,,Sales,Female,Black,IC2,True
e005470,2024-08-07,,Sales,Female,White,S3,False
e005471,2024-08-01,,Production,Female,Hispanic,IC1,True
e005472,2024-08-09,,Production,Male,Asian,S1,False
e005473,2024-08-13,,Production,Male,Black,IC5,True
e005474,2024-08-23,,Administrative,Male,Hispanic,IC5,True
e005475,2024-08-26,,Administrative,Female,Asian,IC4,False
e005476,2024-08-27,,Sales,Female,Asian,IC1,False
e005477,2024-08-06,,Administrative,Female,White,IC1,False
e005478,2024-08-28,,Sales,Male,White,IC1,False
e005479,2024-08-29,,Administrative,Female,Hispanic,IC7,True
e005480,2024-08-12,2024-10-15,Administrative,Male,White,IC3,False
e005481,2024-08-23,,Administrative,Female,Asian,IC3,False
e005482,2024-08-14,2024-09-04,Administrative,Female,Black,S1,True
e005483,2024-08-30,,Sales,Female,Hispanic,IC7,True
e005484,2024-08-09,,Production,Female,Asian,S3,False
e005485,2024-08-23,,Administrative,Male,Black,IC3,True
e005486,2024-08-12,,Production,Non-binary,Black,IC8,True
e005487,2024-08-28,,Production,Female,Asian,S1,False
e005488,2024-08-08,,Production,Female,Hispanic,IC5,True
e005489,2024-08-27,,Production,Female,White,IC3,False
e005490,2024-08-16,,Sales,Non-binary,Hispanic,IC8,True
e005491,2024-08-13,,Production,Male,Black,M4,True
e005492,2024-08-07,,Production,Male,Asian,IC4,False
e005493,2024-08-29,,Sales,Male,White,IC3,False
e005494,2024-08-27,,Production,Female,White,IC1,False
e005495,2024-08-28,,Production,Male,Black,S3,True
e005496,2024-08-21,,Sales,Non-binary,Asian,M4,False
e005497,2024-08-01,,Administrative,Female,Asian,IC8,False
e005498,2024-08-16,,Production,Female,White,M6,False
e005499,2024-08-26,,Sales,Male,White,M5,False
e005500,2024-08-22,,Production,Female,Asian,S3,False
e005501,2024-08-28,,Sales,Female,Asian,IC1,False
e005502,2024-08-19,,Sales,Female,Asian,IC4,False
e005503,2024-08-27,,Sales,Female,Black,IC3,True
e005504,2024-08-29,,Administrative,Female,White,IC1,False
e005505,2024-08-01,,Administrative,Male,Hispanic,IC6,True
e005506,2024-08-19,,Production,Female,White,IC2,False
e005507,2024-08-06,,Production,Female,White,S3,False
e005508,2024-08-20,,Sales,Male,Asian,IC7,False
e005509,2024-09-17,,Sales,Female,Hispanic,IC8,True
e005510,2024-09-26,,Sales,Female,Black,IC2,True
e005511,2024-09-20,,Administrative,Female,Asian,IC3,False
e005512,2024-09-27,,Sales,Non-binary,Asian,IC5,False
e005513,2024-09-24,,Administrative,Female,Hispanic,IC4,True
e005514,2024-09-12,,Administrative,Female,Asian,IC4,False
e005515,2024-09-18,,Administrative,Female,Hispanic,IC7,True
e005516,2024-09-06,,Administrative,Female,Black,IC5,True
e005517,2024-09-09,,Production,Female,White,IC7,False
e005518,2024-09-17,,Production,Female,Hispanic,IC4,True
e005519,2024-09-19,,Production,Male,Hispanic,S1,True
e005520,2024-09-03,,Sales,Non-binary,Hispanic,IC3,True
e005521,2024-09-30,,Sales,Female,White,IC5,False
e005522,2024-09-30,,Sales,Female,Black,IC3,True
e005523,2024-09-03,,Sales,Non-binary,Black,IC1,True
e005524,2024-09-05,,Administrative,Female,Hispanic,IC2,True
e005525,2024-09-06,,Administrative,Female,Hispanic,IC3,True
e005526,2024-09-10,,Production,Female,Hispanic,M4,True
e005527,2024-09-23,,Production,Male,Black,IC2,True
e005528,2024-09-06,,Administrative,Male,Asian,IC7,False
e005529,2024-09-25,,Production,Female,Black,S2,True
e005530,2024-09-24,,Administrative,Female,Black,IC2,True
e005531,2024-09-27,,Sales,Male,Asian,S2,False
e005532,2024-09-11,,Production,Male,Hispanic,S1,True
e005533,2024-09-20,,Administrative,Female,Asian,S1,False
e005534,2024-09-03,,Sales,Male,Asian,IC7,False
e005535,2024-09-13,,Production,Male,Black,S3,True
e005536,2024-09-20,,Administrative,Female,White,IC1,False
e005537,2024-09-24,,Sales,Non-binary,Hispanic,S2,True
e005538,2024-09-25,,Administrative,Male,Black,S1,True
e005539,2024-09-16,,Administrative,Male,Black,S3,True
e005540,2024-09-10,,Administrative,Male,White,IC4,False
e005541,2024-09-20,,Administrative,Male,Black,IC5,True
e005542,2024-09-30,,Administrative,Female,White,IC4,False
e005543,2024-09-13,,Sales,Female,Asian,IC2,False
e005544,2024-09-27,,Sales,Female,White,IC8,False
e005545,2024-09-17,,Sales,Male,Asian,M5,False
e005546,2024-09-27,,Sales,Female,Asian,IC2,False
e005547,2024-09-11,,Sales,Female,Asian,IC5,False
e005548,2024-09-09,,Sales,Female,White,IC4,False
e005549,2024-09-09,,Production,Male,Asian,IC4,False
e005550,2024-09-26,,Sales,Male,White,IC3,False
e005551,2024-09-04,,Sales,Female,Asian,S2,False
e005552,2024-09-02,,Administrative,Male,Asian,IC3,False
e005553,2024-09-20,,Production,Male,White,S3,False
e005554,2024-09-05,,Administrative,Male,Hispanic,M4,True
e005555,2024-09-05,,Sales,Female,Hispanic,IC3,True
e005556,2024-09-12,,Production,Male,Asian,IC4,False
e005557,2024-09-05,,Production,Male,Asian,S1,False
e005558,2024-09-23,,Sales,Female,Hispanic,S2,True
e005559,2024-09-17,,Production,Female,Asian,S3,False
e005560,2024-09-09,,Administrative,Female,White,M5,False
e005561,2024-09-06,,Production,Female,Asian,S3,False
e005562,2024-09-25,,Sales,Male,Asian,IC4,False
e005563,2024-09-02,,Sales,Male,Asian,S2,False
e005564,2024-09-10,,Production,Female,Hispanic,M4,True
e005565,2024-09-23,,Sales,Female,White,IC7,False
e005566,2024-09-03,,Administrative,Female,Hispanic,IC3,True
e005567,2024-09-30,,Administrative,Male,Hispanic,IC3,True
e005568,2024-09-25,,Administrative,Female,Asian,S2,False
e005569,2024-09-19,,Sales,Female,Asian,IC3,False
e005570,2024-09-06,,Production,Female,White,IC4,False
e005571,2024-09-16,,Sales,Female,Hispanic,IC4,True
e005572,2024-09-12,,Administrative,Male,White,IC7,False
e005573,2024-09-30,,Administrative,Male,Hispanic,IC4,True
e005574,2024-09-02,,Sales,Male,Hispanic,IC6,True
e005575,2024-09-09,,Sales,Female,Black,M5,True
e005576,2024-09-04,,Production,Male,Asian,M4,False
e005577,2024-09-02,,Sales,Male,White,M5,False
e005578,2024-09-05,,Administrative,Male,White,S3,False
e005579,2024-09-19,,Sales,Male,Black,S2,True
e005580,2024-09-23,,Sales,Female,Asian,IC6,False
e005581,2024-09-30,,Administrative,Female,Black,IC2,True
e005582,2024-09-02,,Production,Female,Black,IC5,True
e005583,2024-09-05,,Sales,Male,White,IC4,False
e005584,2024-09-25,,Sales,Male,Hispanic,IC8,True
e005585,2024-09-05,,Sales,Female,Asian,IC8,False
e005586,2024-09-19,,Sales,Male,Hispanic,IC1,True
e005587,2024-09-27,,Administrative,Female,Asian,IC8,False
e005588,2024-09-18,,Sales,Male,White,IC4,False
e005589,2024-09-30,,Production,Non-binary,Black,IC1,True
e005590,2024-09-04,,Production,Male,Hispanic,IC1,True
e005591,2024-09-25,,Sales,Female,Hispanic,IC6,True
e005592,2024-09-17,,Sales,Female,Hispanic,IC4,True
e005593,2024-09-09,,Production,Male,White,IC1,False
e005594,2024-09-18,,Administrative,Female,Hispanic,IC1,True
e005595,2024-09-09,,Sales,Female,White,M5,False
e005596,2024-09-18,,Administrative,Male,White,IC4,False
e005597,2024-09-12,,Administrative,Male,Hispanic,S2,True
e005598,2024-09-09,,Administrative,Female,Asian,IC8,False
e005599,2024-09-24,,Sales,Female,Asian,S3,False
e005600,2024-09-23,,Sales,Female,White,IC4,False
e005601,2024-09-16,,Sales,Non-binary,Hispanic,S3,True
e005602,2024-09-25,,Administrative,Male,Black,IC3,True
e005603,2024-09-03,,Production,Female,Black,IC6,True
e005604,2024-09-10,,Production,Male,Asian,S1,False
e005605,2024-09-03,,Sales,Female,White,IC1,False
e005606,2024-09-02,,Production,Male,Asian,IC1,False
e005607,2024-09-18,,Administrative,Female,Black,IC5,True
e005608,2024-09-06,,Production,Non-binary,Asian,S1,False
e005609,2024-09-19,,Administrative,Female,Asian,IC4,False
e005610,2024-09-25,,Production,Male,Asian,IC4,False
e005611,2024-09-06,,Administrative,Female,Hispanic,S2,True
e005612,2024-09-30,,Sales,Female,Hispanic,S2,True
e005613,2024-09-13,,Administrative,Female,Hispanic,IC7,True
e005614,2024-09-24,,Production,Female,Asian,S3,False
e005615,2024-09-24,,Production,Female,Black,IC6,True
e005616,2024-09-25,,Sales,Male,Hispanic,M4,True
e005617,2024-09-19,,Administrative,Male,Hispanic,IC7,True
e005618,2024-09-20,,Production,Male,Hispanic,S2,True
e005619,2024-09-25,,Administrative,Male,Asian,IC2,False
e005620,2024-09-30,,Administrative,Male,Asian,IC6,False
e005621,2024-09-18,,Sales,Female,White,IC2,False
e005622,2024-09-09,,Administrative,Male,Hispanic,IC3,True
e005623,2024-09-26,,Sales,Male,Black,IC2,True
e005624,2024-09-03,,Sales,Male,White,S3,False
e005625,2024-09-12,,Sales,Female,Asian,IC6,False
e005626,2024-09-24,,Production,Male,Asian,S3,False
e005627,2024-09-02,,Administrative,Female,Hispanic,IC4,True
e005628,2024-09-25,,Production,Female,Asian,IC4,False
e005629,2024-09-17,,Administrative,Female,White,S1,False
e005630,2024-09-09,,Sales,Male,Asian,S2,False
e005631,2024-09-26,,Production,Female,Hispanic,M5,True
e005632,2024-09-17,,Production,Male,White,IC1,False
e005633,2024-09-20,,Administrative,Female,Hispanic,M7,True
e005634,2024-09-19,,Sales,Male,Black,IC2,True
e005635,2024-09-19,,Production,Female,White,IC7,False
e005636,2024-09-03,2024-11-28,Administrative,Male,Black,S1,True
e005637,2024-09-03,,Sales,Male,Hispanic,S3,True
e005638,2024-09-09,,Administrative,Female,Black,S3,True
e005639,2024-09-18,,Production,Male,Black,IC7,True
e005640,2024-09-18,,Production,Non-binary,Black,IC5,True
e005641,2024-10-07,,Administrative,Female,Black,M4,True
e005642,2024-10-10,,Sales,Female,Hispanic,IC7,True
e005643,2024-10-01,,Sales,Female,Black,IC2,True
e005644,2024-10-18,,Production,Female,Asian,IC4,False
e005645,2024-10-09,,Production,Female,Asian,IC3,False
e005646,2024-10-25,,Administrative,Male,Asian,IC2,False
e005647,2024-10-30,,Sales,Male,Hispanic,M4,True
e005648,2024-10-31,,Administrative,Female,Asian,IC7,False
e005649,2024-10-07,,Production,Male,Asian,S3,False
e005650,2024-10-23,,Production,Male,Hispanic,M4,True
e005651,2024-10-07,,Sales,Male,Black,IC2,True
e005652,2024-10-21,,Administrative,Male,Hispanic,S1,True
e005653,2024-10-16,,Sales,Male,White,S1,False
e005654,2024-10-15,,Administrative,Female,Black,S2,True
e005655,2024-10-07,,Administrative,Female,Asian,IC7,False
e005656,2024-10-14,,Administrative,Male,Asian,IC4,False
e005657,2024-10-10,,Administrative,Female,Hispanic,S2,True
e005658,2024-10-25,,Administrative,Female,Hispanic,IC3,True
e005659,2024-10-23,,Administrative,Male,Black,IC5,True
e005660,2024-10-16,,Sales,Female,Asian,IC1,False
e005661,2024-10-17,,Sales,Male,White,S3,False
e005662,2024-10-08,,Administrative,Female,White,S1,False
e005663,2024-10-03,,Administrative,Female,Hispanic,IC1,True
e005664,2024-10-17,,Sales,Non-binary,Hispanic,IC4,True
e005665,2024-10-29,,Sales,Male,White,IC4,False
e005666,2024-10-17,,Administrative,Male,Asian,IC5,False
e005667,2024-10-25,,Sales,Female,Asian,IC9,False
e005668,2024-10-02,,Administrative,Female,Asian,IC6,False
e005669,2024-10-04,,Production,Male,Black,IC5,True
e005670,2024-10-08,,Production,Male,Black,IC4,True
e005671,2024-10-07,,Administrative,Female,Black,S2,True
e005672,2024-10-01,,Sales,Female,Black,IC6,True
e005673,2024-10-02,,Sales,Male,Hispanic,IC5,True
e005674,2024-10-22,,Production,Male,Hispanic,S2,True
e005675,2024-10-21,,Sales,Female,Asian,S3,False
e005676,2024-10-03,,Administrative,Non-binary,Hispanic,IC1,True
e005677,2024-10-25,,Production,Female,Hispanic,IC2,True
e005678,2024-10-30,,Sales,Male,White,IC6,False
e005679,2024-10-16,,Sales,Male,White,IC3,False
e005680,2024-10-10,,Administrative,Male,Black,IC9,True
e005681,2024-10-30,,Sales,Female,White,M4,False
e005682,2024-10-15,,Administrative,Female,Asian,IC2,False
e005683,2024-10-02,,Administrative,Female,Hispanic,S3,True
e005684,2024-10-14,,Sales,Female,Asian,IC6,False
e005685,2024-10-16,,Production,Female,Black,IC1,True
e005686,2024-10-29,,Sales,Male,Hispanic,IC6,True
e005687,2024-10-02,,Administrative,Female,Black,IC2,True
e005688,2024-10-07,,Administrative,Male,Asian,IC6,False
e005689,2024-10-21,,Administrative,Male,Asian,IC3,False
e005690,2024-10-04,,Administrative,Female,Asian,IC2,False
e005691,2024-10-01,,Sales,Female,Hispanic,IC2,True
e005692,2024-10-24,,Administrative,Female,Asian,S2,False
e005693,2024-10-28,,Sales,Female,Asian,S1,False
e005694,2024-10-21,,Production,Male,Asian,S3,False
e005695,2024-10-16,,Administrative,Male,White,IC4,False
e005696,2024-10-29,,Production,Male,Asian,S1,False
e005697,2024-10-02,,Administrative,Female,Asian,S1,False
e005698,2024-10-17,,Administrative,Male,Black,IC2,True
e005699,2024-10-21,2024-11-04,Administrative,Female,Asian,IC1,False
e005700,2024-10-02,,Administrative,Male,Asian,S3,False
e005701,2024-10-09,,Sales,Female,Black,S2,True
e005702,2024-10-03,,Sales,Female,Asian,S1,False
e005703,2024-10-07,,Production,Female,Asian,IC7,False
e005704,2024-10-28,,Production,Male,Black,IC1,True
e005705,2024-10-11,,Production,Male,Black,M6,True
e005706,2024-10-18,,Sales,Female,Asian,IC6,False
e005707,2024-10-14,,Production,Female,Hispanic,IC2,True
e005708,2024-10-16,,Production,Male,Asian,S1,False
e005709,2024-10-30,,Sales,Male,Black,S3,True
e005710,2024-11-11,,Sales,Male,Asian,IC1,False
e005711,2024-11-27,,Administrative,Male,Asian,IC3,False
e005712,2024-11-13,,Sales,Female,Asian,IC1,False
e005713,2024-11-13,,Sales,Female,Black,IC1,True
e005714,2024-11-08,,Sales,Male,Black,IC1,True
e005715,2024-11-25,,Administrative,Female,White,S3,False
e005716,2024-11-27,,Administrative,Female,Black,IC2,True
e005717,2024-11-29,,Sales,Female,Asian,IC3,False
e005718,2024-11-14,,Sales,Female,Hispanic,S1,True
e005719,2024-11-05,,Administrative,Male,White,M6,False
e005720,2024-11-06,,Production,Female,White,M5,False
e005721,2024-11-28,,Sales,Female,White,IC1,False
e005722,2024-11-25,,Administrative,Male,Asian,S2,False
e005723,2024-11-21,,Production,Male,Asian,IC2,False
e005724,2024-11-12,,Sales,Male,White,IC3,False
e005725,2024-11-25,,Sales,Male,Hispanic,IC3,True
