employee_id,hire_date,termination_date,org_l01,gender,ethnicity,job_level
e000001,2014-01-02,,,Male,White,M11
e000002,2014-01-29,2021-07-05,Administrative,Female,White,S2
e000003,2014-01-06,2018-09-13,Administrative,Female,White,IC2
e000004,2014-01-01,2022-12-27,Administrative,Male,Asian,IC4
e000005,2014-01-31,2022-08-26,Administrative,Male,White,IC4
e000006,2014-01-01,2017-06-30,Administrative,Male,White,IC1
e000007,2014-01-09,2022-12-27,Administrative,Male,White,S2
e000008,2014-01-16,2018-02-22,Administrative,Female,Asian,IC3
e000009,2014-01-17,2021-04-26,Administrative,Male,Asian,M4
e000010,2014-01-16,2020-08-18,Administrative,Female,White,S3
e000011,2014-01-14,2020-09-15,Administrative,Female,Black,IC2
e000012,2014-03-05,2018-08-13,Administrative,Female,Black,IC1
e000013,2014-03-31,2017-10-25,Administrative,Female,Asian,S2
e000014,2014-03-07,2021-10-12,Administrative,Male,White,IC4
e000015,2014-03-27,2018-05-15,Administrative,Male,Hispanic,IC3
e000016,2014-03-05,2018-07-24,Administrative,Female,White,S2
e000017,2014-03-20,2021-02-09,Administrative,Male,White,IC3
e000018,2014-03-13,2023-06-05,Administrative,Female,White,IC6
e000019,2014-03-26,2018-10-10,Administrative,Female,White,IC1
e000020,2014-03-10,2019-10-07,Administrative,Female,Black,S3
e000021,2014-04-25,2017-11-16,Production,Male,White,S1
e000022,2014-04-24,2020-02-27,Production,Male,White,IC4
e000023,2014-04-11,2019-05-24,Administrative,Male,Hispanic,M5
e000024,2014-04-09,2020-11-24,Production,Male,Asian,IC2
e000025,2014-04-23,2020-03-05,Administrative,Male,White,S1
e000026,2014-05-29,2018-03-21,Administrative,Male,White,M4
e000027,2014-06-19,2023-08-22,Administrative,Female,Asian,IC5
e000028,2014-06-23,2023-04-18,Administrative,Male,Hispanic,IC4
e000029,2014-06-25,2019-04-16,Administrative,Male,White,IC3
e000030,2014-06-24,2020-11-20,Administrative,Female,White,S3
e000031,2014-08-29,2019-12-06,Sales,Male,White,IC6
e000032,2014-08-26,2020-06-10,Administrative,Male,Black,M4
e000033,2014-08-26,2018-07-09,Administrative,Male,White,IC2
e000034,2014-08-04,2021-04-02,Administrative,Female,Asian,M4
e000035,2014-08-18,2020-05-12,Administrative,Male,White,IC7
e000036,2014-08-20,2018-04-24,Sales,Female,Hispanic,S3
e000037,2014-08-08,2020-11-13,Sales,Female,Black,S1
e000038,2014-08-15,2017-09-22,Production,Male,Asian,IC6
e000039,2014-08-12,2020-03-09,Administrative,Female,White,M4
e000040,2014-08-22,2019-04-03,Administrative,Female,White,IC1
e000041,2014-09-12,2020-03-02,Production,Female,White,IC6
e000042,2014-09-24,2018-09-14,Administrative,Male,Hispanic,IC5
e000043,2014-10-08,2022-01-28,Sales,Female,White,IC4
e000044,2014-10-06,2018-12-26,Administrative,Female,Asian,M7
e000045,2014-10-28,2018-08-15,Administrative,Female,White,IC7
e000046,2014-10-23,2019-04-01,Administrative,Female,White,S2
e000047,2014-10-22,2018-01-22,Administrative,Female,Black,IC1
e000048,2014-10-23,2021-07-12,Administrative,Male,White,IC6
e000049,2014-10-10,2023-11-01,Administrative,Male,White,S2
e000050,2014-10-10,2020-12-21,Administrative,Male,White,IC2
e000051,2014-10-15,2021-04-27,Production,Male,White,IC2
e000052,2014-10-27,2024-10-01,Sales,Male,Black,IC4
e000053,2014-10-22,2023-02-10,Administrative,Male,Asian,M4
e000054,2014-10-20,2017-02-27,Production,Female,Asian,M4
e000055,2014-10-22,2020-06-23,Administrative,Male,White,IC1
e000056,2014-11-12,2023-09-13,Administrative,Female,Black,IC4
e000057,2014-11-06,2018-10-16,Production,Male,White,IC3
e000058,2014-11-18,2021-10-11,Administrative,Female,White,IC2
e000059,2014-11-24,2017-10-12,Administrative,Female,Asian,IC8
e000060,2014-12-25,2021-04-07,Sales,Male,White,S2
e000061,2014-12-09,2020-12-22,Administrative,Male,White,IC6
e000062,2014-12-05,2018-07-11,Administrative,Female,White,IC6
e000063,2014-12-05,2021-04-06,Production,Female,White,S1
e000064,2014-12-12,2021-04-28,Administrative,Male,White,S1
e000065,2014-12-22,2018-01-10,Administrative,Male,White,IC4
e000066,2014-12-30,2018-10-25,Administrative,Male,White,IC1
e000067,2015-01-02,2018-10-19,Production,Male,White,IC2
e000068,2015-01-13,2018-08-14,Administrative,Male,Asian,IC3
e000069,2015-01-05,2018-11-15,Administrative,Male,White,S2
e000070,2015-01-08,2017-04-13,Administrative,Female,White,M5
e000071,2015-01-26,2023-09-29,Administrative,Male,White,S2
e000072,2015-01-19,2018-07-05,Sales,Female,White,M4
e000073,2015-01-21,2020-05-07,Administrative,Male,White,IC6
e000074,2015-01-29,2019-03-04,Administrative,Male,White,S2
e000075,2015-01-14,2020-07-29,Administrative,Female,White,M6
e000076,2015-01-28,,Production,Female,White,S1
e000077,2015-01-20,2021-11-09,Administrative,Female,Hispanic,IC3
e000078,2015-01-06,2021-07-29,Production,Male,Hispanic,IC1
e000079,2015-01-13,2017-11-10,Administrative,Male,White,IC2
e000080,2015-01-07,2023-05-11,Administrative,Female,White,M4
e000081,2015-01-05,2018-08-01,Administrative,Female,White,M5
e000082,2015-01-23,2019-01-04,Administrative,Male,Asian,IC9
e000083,2015-01-27,2024-02-06,Sales,Male,White,IC3
e000084,2015-01-16,2024-01-12,Administrative,Female,White,M5
e000085,2015-01-09,2023-04-03,Sales,Male,White,M4
e000086,2015-01-20,2022-01-10,Administrative,Female,Asian,IC7
e000087,2015-01-19,2018-11-01,Sales,Female,Asian,S2
e000088,2015-01-02,2020-04-10,Administrative,Female,White,S2
e000089,2015-01-21,2018-05-30,Administrative,Female,White,S2
e000090,2015-01-29,2018-10-16,Sales,Male,Asian,S3
e000091,2015-01-28,2019-10-08,Production,Female,Black,M4
e000092,2015-01-26,2021-10-01,Administrative,Male,Asian,IC6
e000093,2015-01-26,2019-08-16,Administrative,Male,Asian,M5
e000094,2015-01-12,2023-03-17,Production,Male,White,IC5
e000095,2015-01-06,2020-09-01,Administrative,Female,Hispanic,S1
e000096,2015-01-02,2020-06-11,Administrative,Male,White,IC3
e000097,2015-02-02,2022-10-18,Production,Female,White,IC4
e000098,2015-02-04,2017-11-03,Production,Male,Asian,IC5
e000099,2015-02-05,2019-05-27,Administrative,Female,White,IC3
e000100,2015-02-05,2021-11-11,Administrative,Male,White,IC2
e000101,2015-02-25,2019-11-26,Production,Female,White,IC2
e000102,2015-02-05,2017-02-01,Sales,Female,Hispanic,IC1
e000103,2015-02-17,2019-09-11,Administrative,Male,White,IC1
e000104,2015-02-17,2022-02-14,Production,Female,White,IC2
e000105,2015-02-10,2023-11-02,Sales,Female,Black,S2
e000106,2015-02-10,2019-09-10,Production,Male,White,IC7
e000107,2015-02-11,2020-08-12,Sales,Female,White,IC8
e000108,2015-02-25,2023-10-17,Administrative,Male,Black,IC1
e000109,2015-02-06,2022-09-23,Production,Male,White,M7
e000110,2015-02-06,2019-08-01,Production,Female,White,M4
e000111,2015-02-06,2022-03-23,Administrative,Female,White,IC1
e000112,2015-02-09,2018-07-12,Administrative,Male,White,S2
e000113,2015-02-04,2018-08-27,Production,Female,White,S2
e000114,2015-02-24,2020-11-26,Administrative,Female,Asian,M5
e000115,2015-02-24,2018-08-31,Production,Female,White,M9
e000116,2015-02-18,2017-06-08,Production,Male,Asian,IC2
e000117,2015-02-04,2021-10-18,Production,Male,White,IC4
e000118,2015-02-26,2023-10-16,Production,Male,Hispanic,IC3
e000119,2015-02-20,2020-02-10,Production,Male,Asian,S2
e000120,2015-02-25,2018-10-02,Production,Male,White,S3
e000121,2015-02-16,2018-01-22,Sales,Male,Asian,IC1
e000122,2015-03-09,2018-08-06,Administrative,Female,Asian,S3
e000123,2015-03-17,2018-07-23,Production,Female,Asian,S2
e000124,2015-03-05,2019-09-13,Administrative,Male,Asian,IC6
e000125,2015-03-30,2021-12-09,Administrative,Female,Asian,IC3
e000126,2015-03-26,2019-07-15,Production,Male,Hispanic,IC4
e000127,2015-03-30,2023-11-07,Sales,Male,Hispanic,IC1
e000128,2015-03-20,2017-10-17,Administrative,Male,White,IC1
e000129,2015-03-03,2020-09-03,Production,Male,Asian,S1
e000130,2015-03-17,2017-09-26,Sales,Male,Black,M4
e000131,2015-03-27,2019-01-18,Production,Male,Asian,M6
e000132,2015-03-03,2018-08-13,Production,Female,Asian,IC1
e000133,2015-03-23,2018-10-15,Production,Female,Asian,IC7
e000134,2015-03-16,2019-01-21,Sales,Male,Asian,S1
e000135,2015-03-20,2022-02-23,Sales,Male,Asian,IC1
e000136,2015-03-13,2022-03-29,Production,Female,Asian,S1
e000137,2015-03-30,2023-09-20,Production,Male,White,IC5
e000138,2015-03-13,2017-06-21,Administrative,Female,Hispanic,IC4
e000139,2015-03-06,2023-12-14,Production,Male,White,IC1
e000140,2015-03-30,2018-07-24,Production,Male,Asian,M5
e000141,2015-03-13,2022-08-10,Production,Female,White,S2
e000142,2015-03-31,2018-08-20,Sales,Male,Asian,IC3
e000143,2015-03-02,2020-01-07,Production,Male,White,M5
e000144,2015-03-23,2023-12-19,Administrative,Female,White,IC1
e000145,2015-03-05,2023-02-21,Production,Male,Asian,IC3
e000146,2015-03-31,2020-02-20,Production,Female,White,IC2
e000147,2015-03-09,2019-04-24,Administrative,Female,Asian,M4
e000148,2015-03-20,2019-02-13,Administrative,Male,Asian,M6
e000149,2015-03-27,2023-09-11,Administrative,Female,Asian,IC3
e000150,2015-04-16,2019-10-09,Production,Male,Asian,IC7
e000151,2015-04-02,2017-09-29,Administrative,Female,White,IC7
e000152,2015-04-30,2018-07-31,Administrative,Male,Black,IC5
e000153,2015-04-21,2020-03-09,Administrative,Male,Asian,IC2
e000154,2015-04-17,2018-10-24,Sales,Male,White,IC2
e000155,2015-04-16,2023-09-12,Production,Female,Asian,IC3
e000156,2015-04-17,2017-10-05,Production,Male,Hispanic,S1
e000157,2015-04-08,2024-02-12,Production,Male,Asian,S3
e000158,2015-04-13,2018-12-13,Production,Male,Asian,IC5
e000159,2015-04-22,2020-05-06,Administrative,Male,White,S2
e000160,2015-04-21,2023-09-01,Sales,Female,Hispanic,M7
e000161,2015-04-30,2019-08-27,Production,Male,Asian,M4
e000162,2015-04-08,2018-09-03,Production,Female,Asian,IC7
e000163,2015-04-23,2021-10-21,Administrative,Female,Asian,S3
e000164,2015-04-22,2021-10-22,Administrative,Male,White,IC7
e000165,2015-04-24,2022-01-12,Administrative,Female,White,IC2
e000166,2015-04-22,2018-01-12,Production,Female,Black,S1
e000167,2015-04-15,2018-10-11,Production,Male,Asian,IC1
e000168,2015-04-24,2019-03-27,Production,Male,Hispanic,IC2
e000169,2015-04-02,2018-09-21,Sales,Male,White,S2
e000170,2015-04-10,2018-07-10,Production,Female,Black,IC9
e000171,2015-04-13,2020-08-13,Administrative,Female,White,IC4
e000172,2015-04-28,2018-08-01,Production,Male,White,M5
e000173,2015-04-07,2019-03-06,Administrative,Female,Hispanic,IC1
e000174,2015-04-27,2018-07-19,Administrative,Female,White,M5
e000175,2015-04-27,2021-10-20,Administrative,Male,Asian,IC4
e000176,2015-04-01,2017-09-29,Production,Female,White,M6
e000177,2015-05-28,2021-04-02,Production,Male,White,M4
e000178,2015-05-12,2019-10-18,Production,Male,Asian,IC6
e000179,2015-05-06,2021-04-13,Production,Male,Hispanic,M6
e000180,2015-05-08,2024-03-11,Production,Female,Black,IC3
e000181,2015-05-11,2019-03-28,Production,Male,White,S1
e000182,2015-05-05,2021-12-24,Production,Male,Asian,M4
e000183,2015-05-04,2023-09-20,Sales,Male,Black,S2
e000184,2015-05-04,2018-11-22,Sales,Male,Asian,M5
e000185,2015-05-14,2021-11-19,Sales,Male,Asian,S2
e000186,2015-05-15,2020-03-20,Administrative,Female,Asian,IC3
e000187,2015-05-07,2019-12-19,Sales,Male,White,S2
e000188,2015-05-08,2023-02-01,Production,Female,Asian,S1
e000189,2015-05-15,2020-03-30,Production,Male,Asian,S2
e000190,2015-05-29,2018-12-24,Sales,Female,Asian,S1
e000191,2015-05-06,2022-10-24,Administrative,Male,White,S3
e000192,2015-05-13,2019-04-05,Production,Male,White,IC1
e000193,2015-05-27,2020-05-14,Production,Male,Asian,IC5
e000194,2015-05-04,2018-07-16,Production,Male,White,IC5
e000195,2015-05-14,2021-12-10,Production,Female,Hispanic,IC2
e000196,2015-07-27,2018-03-20,Production,Male,White,IC7
e000197,2015-07-16,2019-10-02,Administrative,Male,Asian,IC3
e000198,2015-07-30,2022-09-29,Production,Male,Asian,M5
e000199,2015-07-09,2019-04-01,Production,Male,Asian,IC8
e000200,2015-07-20,2017-11-24,Production,Male,White,S3
e000201,2015-07-07,2018-07-03,Production,Female,White,M7
e000202,2015-07-22,2018-09-14,Production,Male,Hispanic,M4
e000203,2015-07-20,2019-04-12,Production,Female,White,M4
e000204,2015-07-24,2023-12-29,Production,Female,White,S3
e000205,2015-07-30,2018-10-31,Production,Female,White,M7
e000206,2015-07-30,2020-01-02,Production,Female,White,IC7
e000207,2015-07-06,2017-06-06,Administrative,Male,Asian,IC3
e000208,2015-08-10,2019-05-23,Production,Male,Hispanic,S3
e000209,2015-08-07,2021-12-13,Sales,Male,Black,M4
e000210,2015-08-05,2018-09-19,Sales,Male,White,M4
e000211,2015-08-10,2020-05-13,Administrative,Female,Asian,IC6
e000212,2015-08-20,2018-02-15,Sales,Female,White,IC3
e000213,2015-08-07,2018-06-07,Production,Male,Asian,S1
e000214,2015-08-17,2020-08-17,Sales,Female,Asian,S2
e000215,2015-08-05,2018-09-13,Administrative,Male,Black,S2
e000216,2015-08-18,2024-07-10,Sales,Male,Asian,IC6
e000217,2015-08-07,2020-12-14,Sales,Female,White,IC4
e000218,2015-08-28,2023-02-14,Sales,Male,Asian,IC5
e000219,2015-08-07,2022-02-15,Sales,Female,Asian,S3
e000220,2015-08-06,2020-08-04,Administrative,Male,Asian,IC1
e000221,2015-08-20,2019-01-28,Production,Male,White,S1
e000222,2015-08-26,2019-05-08,Sales,Female,White,M5
e000223,2015-08-03,2020-01-14,Sales,Female,White,IC3
e000224,2015-08-25,,Administrative,Male,Asian,IC7
e000225,2015-08-12,2021-10-22,Production,Male,Asian,IC4
e000226,2015-08-25,2018-10-26,Sales,Male,White,IC1
e000227,2015-08-19,2019-02-22,Sales,Male,White,IC5
e000228,2015-08-24,2018-03-07,Sales,Female,White,S1
e000229,2015-08-13,2020-09-21,Administrative,Female,Hispanic,IC2
e000230,2015-08-14,2023-08-02,Sales,Male,Asian,IC6
e000231,2015-08-05,2021-05-24,Sales,Male,White,S1
e000232,2015-08-05,2017-10-31,Production,Male,Black,IC3
e000233,2015-08-19,2020-01-20,Production,Female,Asian,IC5
e000234,2015-08-14,2020-02-12,Sales,Female,Black,S1
e000235,2015-09-17,2020-07-17,Production,Female,Black,S2
e000236,2015-09-25,2023-06-22,Production,Female,White,IC4
e000237,2015-09-16,2021-11-04,Sales,Male,Asian,S3
e000238,2015-09-22,2018-03-16,Production,Male,White,S1
e000239,2015-09-28,2021-04-07,Administrative,Male,White,M5
e000240,2015-09-09,2017-09-12,Sales,Male,White,IC7
e000241,2015-09-15,2020-12-10,Administrative,Male,Asian,S2
e000242,2015-09-04,2017-09-05,Sales,Female,Hispanic,IC2
e000243,2015-09-30,2022-02-11,Production,Male,White,S2
e000244,2015-09-08,2023-01-05,Sales,Male,Asian,IC3
e000245,2015-09-15,2020-08-07,Administrative,Female,Asian,M5
e000246,2015-09-16,2017-02-01,Administrative,Male,White,IC1
e000247,2015-09-14,2018-07-26,Administrative,Female,Hispanic,M5
e000248,2015-09-17,2018-10-22,Sales,Female,Asian,S3
e000249,2015-09-15,2019-04-26,Sales,Female,White,IC4
e000250,2015-09-22,2018-07-19,Administrative,Female,White,M7
e000251,2015-09-08,2020-04-03,Sales,Female,Black,IC5
e000252,2015-09-15,2018-11-06,Production,Male,White,S1
e000253,2015-09-11,2018-10-11,Sales,Female,White,IC2
e000254,2015-09-18,2022-03-03,Sales,Female,Asian,IC2
e000255,2015-09-24,2017-06-05,Production,Female,Asian,IC4
e000256,2015-09-30,2018-11-13,Administrative,Male,Asian,S1
e000257,2015-09-01,2017-09-05,Production,Female,White,S2
e000258,2015-09-17,2018-11-08,Administrative,Male,Hispanic,M6
e000259,2015-09-15,2021-12-30,Production,Female,Asian,S1
e000260,2015-09-29,2022-02-14,Administrative,Female,White,S2
e000261,2015-09-09,2022-12-08,Sales,Male,Asian,M5
e000262,2015-09-24,2020-03-11,Administrative,Male,White,S1
e000263,2015-09-25,2023-04-26,Production,Male,White,S1
e000264,2015-10-15,2024-02-28,Production,Male,Hispanic,IC3
e000265,2015-10-15,2020-12-15,Sales,Male,White,IC1
e000266,2015-10-08,2022-10-20,Production,Male,Asian,S3
e000267,2015-10-08,2018-07-02,Production,Male,Asian,IC7
e000268,2015-10-07,2018-10-05,Sales,Female,Asian,M6
e000269,2015-10-19,2019-04-23,Administrative,Male,Asian,M5
e000270,2015-10-15,2020-07-14,Sales,Male,White,S1
e000271,2015-10-12,2018-01-22,Administrative,Female,Asian,S2
e000272,2015-10-23,2019-10-03,Production,Male,Black,IC1
e000273,2015-10-14,2019-03-11,Production,Male,Asian,IC2
e000274,2015-10-30,2024-02-19,Sales,Male,Hispanic,IC1
e000275,2015-10-09,2018-03-09,Administrative,Female,Black,S1
e000276,2015-10-12,2024-02-28,Sales,Male,Asian,IC4
e000277,2015-10-08,2020-01-17,Administrative,Female,Asian,IC2
e000278,2015-10-29,2017-10-09,Administrative,Male,White,M8
e000279,2015-10-30,2019-01-29,Administrative,Female,White,S2
e000280,2015-10-21,2018-08-23,Production,Male,Asian,S2
e000281,2015-10-30,2017-10-27,Sales,Male,Asian,IC5
e000282,2015-10-13,2021-10-04,Sales,Female,Asian,M4
e000283,2015-10-23,2017-09-01,Sales,Male,White,S2
e000284,2015-10-09,2020-08-14,Sales,Female,Black,M6
e000285,2015-10-16,2018-10-26,Sales,Male,White,IC3
e000286,2015-10-09,2020-11-13,Sales,Male,Asian,S1
e000287,2015-10-05,2017-09-13,Sales,Female,Asian,S2
e000288,2015-10-05,2021-04-06,Sales,Male,Asian,M4
e000289,2015-10-29,,Administrative,Female,Asian,IC3
e000290,2015-10-06,2018-10-29,Sales,Female,Black,IC1
e000291,2015-10-30,2023-03-29,Production,Female,White,IC6
e000292,2015-10-02,2024-03-13,Administrative,Male,Asian,IC1
e000293,2015-10-21,2017-09-04,Sales,Male,Asian,IC2
e000294,2015-10-15,2020-05-27,Administrative,Male,Hispanic,IC1
e000295,2015-10-19,2017-03-02,Sales,Male,Asian,M4
e000296,2015-10-08,2022-09-16,Administrative,Female,White,M5
e000297,2015-10-08,2019-04-17,Administrative,Female,Asian,IC4
e000298,2015-10-21,2020-01-17,Administrative,Male,Asian,S1
e000299,2015-10-30,2018-10-09,Sales,Female,Black,IC3
e000300,2015-10-22,2017-09-29,Administrative,Male,White,S3
e000301,2015-10-15,2021-10-04,Administrative,Female,Asian,IC6
e000302,2015-11-13,2020-03-02,Sales,Male,White,IC6
e000303,2015-11-20,2018-06-05,Production,Female,White,S2
e000304,2015-11-11,2018-07-10,Administrative,Male,Asian,IC3
e000305,2015-11-30,2021-02-11,Administrative,Female,Hispanic,IC7
e000306,2015-11-30,2019-07-12,Production,Female,Asian,IC4
e000307,2015-11-05,2018-10-30,Administrative,Male,Asian,IC4
e000308,2015-12-24,2018-01-10,Administrative,Female,Hispanic,IC1
e000309,2015-12-11,2017-09-21,Administrative,Female,Asian,IC2
e000310,2015-12-01,2020-11-30,Administrative,Male,White,S1
e000311,2015-12-14,2018-09-26,Production,Male,Asian,S3
e000312,2015-12-24,2017-11-15,Sales,Male,Asian,M6
e000313,2015-12-25,2018-02-22,Production,Male,Asian,IC7
e000314,2015-12-30,2020-11-05,Production,Male,White,S2
e000315,2015-12-03,2022-02-07,Production,Female,Asian,IC6
e000316,2016-01-04,2019-10-15,Administrative,Female,Asian,IC7
e000317,2016-01-07,2019-08-20,Production,Male,Asian,IC5
e000318,2016-01-18,2017-09-26,Sales,Male,White,IC5
e000319,2016-01-18,2018-10-11,Sales,Male,White,IC6
e000320,2016-01-26,2019-03-13,Administrative,Female,White,S3
e000321,2016-01-18,2019-05-20,Production,Male,Black,IC4
e000322,2016-01-26,2018-09-24,Administrative,Male,Asian,IC8
e000323,2016-01-26,2021-03-02,Production,Male,Asian,IC2
e000324,2016-01-08,2019-01-30,Sales,Female,Asian,IC4
e000325,2016-01-15,2018-03-15,Sales,Female,Asian,IC2
e000326,2016-01-25,2021-10-07,Sales,Female,White,IC1
e000327,2016-01-20,2018-09-05,Sales,Male,Asian,S1
e000328,2016-01-07,2019-04-24,Administrative,Male,White,S3
e000329,2016-01-04,2022-10-04,Production,Female,Asian,IC3
e000330,2016-02-26,2018-01-02,Sales,Male,Asian,IC5
e000331,2016-02-02,2023-08-28,Production,Male,Black,S1
e000332,2016-02-10,2023-09-01,Production,Male,Asian,IC4
e000333,2016-02-23,2018-09-14,Sales,Female,White,IC2
e000334,2016-03-04,2024-01-05,Production,Male,Asian,IC8
e000335,2016-03-08,2018-08-22,Production,Male,Asian,IC5
e000336,2016-03-28,2024-03-11,Sales,Male,Asian,IC5
e000337,2016-03-03,2021-10-18,Administrative,Male,Asian,IC6
e000338,2016-03-01,2018-10-22,Sales,Female,Asian,IC1
e000339,2016-03-28,2023-03-02,Production,Male,Asian,IC1
e000340,2016-03-25,2023-06-30,Sales,Female,Hispanic,M5
e000341,2016-03-31,2018-05-03,Sales,Male,White,S1
e000342,2016-03-23,2021-10-26,Production,Male,Asian,IC2
e000343,2016-03-24,2017-11-01,Sales,Male,Asian,M6
e000344,2016-03-04,2019-04-04,Sales,Female,Asian,IC6
e000345,2016-03-17,2017-02-23,Sales,Female,Asian,IC2
e000346,2016-03-09,2018-06-15,Sales,Male,Asian,IC2
e000347,2016-03-16,2018-07-26,Sales,Male,Hispanic,IC5
e000348,2016-03-07,2023-02-24,Administrative,Female,Asian,M4
e000349,2016-03-30,2021-07-20,Production,Female,White,IC5
e000350,2016-03-18,2020-01-14,Sales,Female,Asian,M5
e000351,2016-03-28,2018-03-06,Administrative,Male,Asian,IC2
e000352,2016-03-16,2018-08-08,Administrative,Male,White,IC3
e000353,2016-04-21,2018-07-20,Administrative,Female,Hispanic,S2
e000354,2016-04-01,2017-10-03,Production,Male,Black,IC6
e000355,2016-04-27,2017-10-19,Production,Male,Asian,M4
e000356,2016-04-12,2018-07-05,Sales,Male,White,IC6
e000357,2016-04-11,2018-05-01,Production,Male,Asian,IC3
e000358,2016-04-20,2019-10-08,Administrative,Female,Asian,IC2
e000359,2016-04-07,2019-04-24,Production,Male,Asian,S3
e000360,2016-04-15,2018-10-04,Administrative,Female,White,S2
e000361,2016-04-21,2020-04-10,Production,Male,Asian,M4
e000362,2016-04-28,2017-09-05,Administrative,Female,Hispanic,M4
e000363,2016-04-27,2019-03-27,Sales,Female,White,M4
e000364,2016-04-22,2017-09-27,Sales,Male,Asian,IC3
e000365,2016-04-01,2017-06-09,Sales,Female,Asian,IC1
e000366,2016-04-27,2020-11-18,Administrative,Female,Hispanic,M5
e000367,2016-04-01,2023-03-09,Production,Male,Hispanic,IC6
e000368,2016-04-25,2018-07-20,Administrative,Male,Asian,IC7
e000369,2016-04-06,2018-08-24,Production,Male,Asian,S1
e000370,2016-04-20,2018-09-28,Sales,Male,Asian,IC5
e000371,2016-04-05,2023-11-02,Administrative,Female,Asian,IC3
e000372,2016-05-17,2019-01-17,Sales,Male,Asian,IC2
e000373,2016-05-16,2020-02-13,Administrative,Male,Asian,IC6
e000374,2016-05-13,2017-11-30,Production,Male,Asian,S2
e000375,2016-05-13,2019-07-24,Production,Female,Asian,IC9
e000376,2016-06-30,2019-10-28,Production,Male,Asian,M5
e000377,2016-06-13,2019-08-30,Administrative,Male,Asian,M4
e000378,2016-06-28,2022-02-03,Administrative,Female,Asian,S3
e000379,2016-06-08,2021-10-12,Production,Male,Asian,S3
e000380,2016-06-28,2018-10-16,Production,Male,Asian,IC5
e000381,2016-06-03,2019-09-13,Administrative,Male,Asian,IC5
e000382,2016-06-30,2017-02-20,Administrative,Male,Asian,IC4
e000383,2016-06-03,2022-02-08,Administrative,Male,Asian,S3
e000384,2016-06-16,2023-04-25,Sales,Female,Hispanic,IC4
e000385,2016-06-02,2021-04-22,Administrative,Male,Asian,M6
e000386,2016-06-30,2017-02-09,Production,Female,Asian,IC4
e000387,2016-06-13,2018-08-01,Administrative,Male,Asian,IC3
e000388,2016-06-03,2018-04-23,Production,Male,Asian,S2
e000389,2016-06-02,2023-08-22,Sales,Male,Hispanic,IC1
e000390,2016-06-16,2020-09-17,Sales,Male,Black,IC4
e000391,2016-06-13,2021-10-13,Production,Male,Asian,IC6
e000392,2016-06-22,2019-12-27,Sales,Male,Black,IC5
e000393,2016-06-21,2018-07-31,Administrative,Male,Asian,S1
e000394,2016-06-13,2021-10-05,Administrative,Male,Asian,M4
e000395,2016-06-22,2023-08-22,Administrative,Male,Asian,IC3
e000396,2016-06-22,2018-08-02,Administrative,Female,Asian,IC1
e000397,2016-06-09,2017-02-09,Sales,Male,Asian,IC3
e000398,2016-06-13,2019-01-10,Production,Female,Asian,M9
e000399,2016-06-01,2018-07-09,Production,Male,Asian,S1
e000400,2016-06-22,2018-07-03,Production,Female,White,IC5
e000401,2016-06-30,2017-10-17,Administrative,Male,Hispanic,S2
e000402,2016-06-15,2020-04-14,Administrative,Male,Black,IC5
e000403,2016-06-21,2022-08-12,Production,Male,Asian,IC1
e000404,2016-06-02,2022-08-02,Production,Female,Asian,IC6
e000405,2016-06-27,2022-10-07,Administrative,Female,Black,IC1
e000406,2016-06-02,2019-04-18,Sales,Male,Asian,S2
e000407,2016-06-13,2020-03-27,Administrative,Female,Black,S1
e000408,2016-06-09,2017-04-25,Administrative,Female,Asian,IC6
e000409,2016-06-29,2021-05-19,Administrative,Male,Black,IC6
e000410,2016-06-14,2019-05-21,Sales,Female,Asian,S2
e000411,2016-06-16,2018-07-02,Production,Male,Black,IC3
e000412,2016-06-27,2020-08-24,Production,Male,Asian,IC2
e000413,2016-06-08,2019-01-21,Production,Male,White,IC1
e000414,2016-07-27,2020-02-21,Production,Female,Asian,S1
e000415,2016-07-26,2019-11-29,Administrative,Male,Asian,S3
e000416,2016-07-27,2018-06-19,Production,Female,Asian,IC2
e000417,2016-07-04,2019-08-08,Production,Female,Asian,S3
e000418,2016-07-01,2023-02-23,Sales,Male,Asian,S2
e000419,2016-07-06,2018-08-23,Production,Male,Asian,IC7
e000420,2016-07-07,2020-07-03,Production,Male,Asian,IC4
e000421,2016-07-15,2017-09-04,Administrative,Female,Asian,S2
e000422,2016-07-07,2022-08-04,Production,Male,Asian,IC8
e000423,2016-07-06,2023-12-13,Administrative,Male,Asian,S3
e000424,2016-07-25,2019-04-09,Sales,Male,Asian,S1
e000425,2016-07-21,2018-09-06,Production,Male,White,IC5
e000426,2016-07-01,2023-06-20,Administrative,Female,Asian,S3
e000427,2016-07-26,2023-08-30,Production,Male,Asian,IC2
e000428,2016-07-29,2017-11-15,Production,Female,Asian,IC3
e000429,2016-08-31,2020-11-03,Production,Male,White,IC7
e000430,2016-08-05,2023-12-25,Administrative,Female,Asian,IC5
e000431,2016-08-26,2021-10-12,Sales,Male,Asian,IC2
e000432,2016-08-17,2019-10-14,Administrative,Male,Asian,IC1
e000433,2016-10-31,2020-11-06,Production,Male,Asian,M5
e000434,2016-10-31,2020-04-01,Production,Female,Hispanic,M4
e000435,2016-10-24,2020-01-23,Administrative,Male,Asian,IC1
e000436,2016-10-06,2023-04-26,Administrative,Female,Asian,IC1
e000437,2016-10-06,2020-12-30,Production,Male,Asian,M4
e000438,2016-10-20,2019-04-03,Administrative,Male,Asian,IC5
e000439,2016-10-12,2017-09-05,Production,Male,Asian,M4
e000440,2016-10-26,2021-02-23,Sales,Male,Asian,IC9
e000441,2016-10-10,2024-01-12,Administrative,Female,White,M4
e000442,2016-11-16,2023-08-11,Production,Female,White,IC1
e000443,2016-11-24,2018-05-11,Administrative,Male,White,M5
e000444,2016-11-09,2020-05-20,Production,Female,White,S3
e000445,2016-11-25,2019-12-03,Production,Male,Asian,S1
e000446,2016-11-15,2018-10-29,Administrative,Male,Hispanic,IC6
e000447,2016-11-17,2020-08-10,Production,Male,Asian,IC1
e000448,2016-11-07,2018-09-25,Sales,Male,Asian,IC6
e000449,2016-11-04,2022-08-26,Production,Female,White,IC7
e000450,2016-11-22,2019-10-23,Production,Female,Asian,S2
e000451,2016-11-21,2018-04-25,Administrative,Female,Hispanic,S3
e000452,2016-11-09,2022-12-28,Sales,Female,Asian,S2
e000453,2016-11-23,2023-11-14,Production,Female,Asian,M5
e000454,2016-11-15,2017-09-05,Production,Male,Asian,IC4
e000455,2016-11-18,2017-03-20,Administrative,Female,Asian,S3
e000456,2016-11-28,2018-08-02,Production,Female,Asian,M8
e000457,2016-11-04,2020-01-06,Sales,Male,Black,IC4
e000458,2016-11-03,2020-09-30,Production,Male,Asian,IC1
e000459,2016-11-03,2019-03-25,Administrative,Male,White,S2
e000460,2016-11-21,2020-01-13,Administrative,Male,Asian,M4
e000461,2016-12-13,2024-04-12,Sales,Female,Asian,IC8
e000462,2016-12-12,2017-06-16,Production,Female,Asian,S1
e000463,2016-12-22,2018-05-31,Administrative,Male,Asian,IC8
e000464,2016-12-09,2017-03-20,Production,Male,Black,IC6
e000465,2016-12-23,2020-01-02,Sales,Female,Asian,IC2
e000466,2016-12-07,2017-11-10,Sales,Male,Asian,M5
e000467,2016-12-19,2017-06-22,Sales,Female,Asian,IC7
e000468,2016-12-09,2020-12-24,Administrative,Male,Asian,M5
e000469,2016-12-27,2023-02-09,Production,Male,Black,IC6
e000470,2016-12-12,2018-05-28,Administrative,Male,Asian,IC3
e000471,2016-12-23,2020-09-03,Production,Male,Hispanic,S1
e000472,2016-12-20,2017-10-26,Administrative,Male,Asian,IC1
e000473,2016-12-21,2019-02-07,Administrative,Male,Asian,IC6
e000474,2016-12-20,2022-03-30,Administrative,Male,Asian,IC1
e000475,2016-12-28,2017-02-21,Production,Male,Asian,IC5
e000476,2016-12-06,2020-06-26,Administrative,Male,White,S3
e000477,2016-12-05,2022-02-23,Production,Male,Black,IC6
e000478,2016-12-19,2021-12-16,Administrative,Male,Asian,M4
e000479,2016-12-13,2018-11-21,Production,Male,Asian,IC5
e000480,2016-12-28,2023-08-28,Administrative,Male,Asian,M5
e000481,2016-12-28,2019-05-09,Production,Male,Hispanic,S3
e000482,2016-12-15,2018-03-09,Production,Male,Asian,IC2
e000483,2016-12-01,2017-02-13,Production,Male,White,M6
e000484,2016-12-05,2018-03-23,Administrative,Female,White,IC1
e000485,2016-12-22,2018-07-24,Production,Male,Asian,S2
e000486,2016-12-01,2022-08-30,Production,Female,Black,IC3
e000487,2016-12-08,2018-08-31,Sales,Female,White,IC7
e000488,2016-12-15,2018-04-26,Production,Female,Hispanic,S3
e000489,2016-12-22,2017-09-22,Administrative,Male,Black,IC1
e000490,2016-12-15,2020-05-29,Sales,Female,Black,M4
e000491,2016-12-28,2023-11-30,Production,Male,Asian,IC5
e000492,2016-12-07,2017-06-27,Sales,Female,Asian,S2
e000493,2016-12-22,2024-02-27,Administrative,Male,Asian,IC2
e000494,2016-12-09,2017-10-13,Sales,Male,Hispanic,IC5
e000495,2016-12-13,2023-12-07,Sales,Female,Black,IC2
e000496,2016-12-23,2019-04-12,Administrative,Female,Asian,IC1
e000497,2016-12-27,2022-02-16,Production,Female,Asian,S1
e000498,2016-12-23,2020-02-28,Sales,Female,Asian,IC7
e000499,2016-12-27,2020-03-04,Sales,Female,Asian,M6
e000500,2016-12-22,2017-11-07,Sales,Male,Asian,IC3
e000501,2017-01-11,2018-05-08,Administrative,Female,Asian,S3
e000502,2017-01-31,2021-10-20,Sales,Female,Asian,S1
e000503,2017-01-11,2024-06-05,Administrative,Male,Asian,IC3
e000504,2017-01-11,2023-09-15,Administrative,Male,Black,IC5
e000505,2017-01-04,2018-07-03,Production,Female,Asian,IC1
e000506,2017-01-17,2019-04-04,Administrative,Male,Asian,IC3
e000507,2017-01-13,2020-03-13,Production,Male,White,M5
e000508,2017-01-26,2020-03-04,Administrative,Female,Black,IC3
e000509,2017-01-24,2019-10-16,Sales,Female,Hispanic,IC2
e000510,2017-01-26,2018-11-08,Administrative,Female,Asian,M9
e000511,2017-01-04,2018-07-17,Sales,Female,Hispanic,IC4
e000512,2017-01-26,2018-11-27,Production,Female,Asian,S2
e000513,2017-01-24,2023-08-21,Sales,Female,Asian,IC3
e000514,2017-01-16,2018-07-27,Administrative,Female,Asian,S3
e000515,2017-01-11,2024-04-16,Sales,Female,Asian,IC1
e000516,2017-01-05,2019-10-09,Production,Male,Hispanic,IC2
e000517,2017-01-04,2021-02-01,Administrative,Male,Hispanic,IC5
e000518,2017-01-27,2023-04-11,Administrative,Female,Asian,IC8
e000519,2017-01-06,2017-02-15,Sales,Male,Hispanic,IC5
e000520,2017-02-08,2020-05-18,Sales,Male,Hispanic,IC3
e000521,2017-02-17,2020-03-06,Production,Female,White,S3
e000522,2017-02-23,2018-09-18,Administrative,Male,Asian,S1
e000523,2017-02-28,2020-09-28,Administrative,Male,Asian,IC6
e000524,2017-02-01,2018-05-02,Administrative,Male,Asian,IC3
e000525,2017-02-03,2019-05-24,Production,Male,Asian,S2
e000526,2017-02-03,2019-08-13,Administrative,Male,Hispanic,IC6
e000527,2017-02-01,2018-09-13,Administrative,Male,White,IC6
e000528,2017-02-10,2019-10-29,Administrative,Female,Hispanic,M4
e000529,2017-02-07,2021-10-18,Administrative,Male,Asian,IC1
e000530,2017-02-27,2023-12-07,Administrative,Male,Asian,M4
e000531,2017-02-08,2020-03-13,Sales,Male,Asian,S2
e000532,2017-02-16,2021-02-04,Production,Male,Asian,IC2
e000533,2017-02-08,2018-05-03,Administrative,Female,Asian,IC3
e000534,2017-02-09,2020-02-21,Sales,Male,Asian,IC5
e000535,2017-02-14,2022-12-12,Administrative,Female,Asian,IC8
e000536,2017-02-13,2018-09-21,Administrative,Female,Asian,IC3
e000537,2017-02-02,2020-03-06,Sales,Male,Asian,IC3
e000538,2017-02-21,2019-03-15,Production,Male,Asian,IC4
e000539,2017-02-02,2023-05-09,Administrative,Male,Asian,M4
e000540,2017-02-08,2023-09-11,Production,Male,Asian,S2
e000541,2017-02-16,2018-04-27,Administrative,Male,Asian,S1
e000542,2017-02-28,2022-02-18,Production,Male,Asian,IC2
e000543,2017-02-10,2023-02-08,Administrative,Male,Asian,IC5
e000544,2017-02-14,2018-09-12,Administrative,Female,Asian,M5
e000545,2017-02-23,2021-07-01,Administrative,Male,Asian,IC4
e000546,2017-02-27,2021-02-23,Administrative,Male,Hispanic,M4
e000547,2017-02-23,2019-04-15,Administrative,Female,Asian,S2
e000548,2017-02-15,2018-04-19,Sales,Male,White,IC7
e000549,2017-02-07,2017-10-11,Sales,Male,Asian,S1
e000550,2017-02-07,2020-07-17,Administrative,Male,Asian,S3
e000551,2017-02-09,2018-08-10,Production,Female,Asian,IC4
e000552,2017-02-16,2019-09-27,Administrative,Male,White,IC4
e000553,2017-02-17,2018-05-11,Production,Female,Asian,IC8
e000554,2017-02-10,2019-01-14,Sales,Male,Asian,IC6
e000555,2017-03-22,2022-02-02,Sales,Male,Hispanic,M5
e000556,2017-03-30,2022-12-21,Administrative,Female,Asian,S3
e000557,2017-03-28,2023-11-16,Production,Male,White,IC1
e000558,2017-03-24,2018-07-03,Administrative,Female,Asian,S2
e000559,2017-03-03,2018-11-02,Administrative,Female,Asian,S2
e000560,2017-03-07,2018-01-18,Production,Male,Asian,IC2
e000561,2017-03-15,2023-10-10,Production,Female,Asian,IC3
e000562,2017-03-14,2021-04-13,Production,Male,Asian,M4
e000563,2017-03-31,2019-10-07,Sales,Male,Black,M4
e000564,2017-03-21,2020-05-14,Sales,Male,Asian,S3
e000565,2017-03-16,2017-06-12,Administrative,Female,Asian,S3
e000566,2017-03-01,2018-08-21,Administrative,Female,Asian,IC7
e000567,2017-03-02,2018-08-09,Sales,Male,Hispanic,IC2
e000568,2017-03-27,2018-09-12,Production,Male,Asian,IC7
e000569,2017-03-24,2018-07-16,Production,Male,Asian,IC6
e000570,2017-03-27,2020-12-14,Administrative,Male,Asian,S2
e000571,2017-03-23,2020-02-21,Sales,Male,Hispanic,IC4
e000572,2017-03-09,2023-06-23,Sales,Female,Asian,IC1
e000573,2017-03-21,2018-01-30,Sales,Female,Asian,IC1
e000574,2017-03-08,2017-11-13,Production,Male,Asian,IC5
e000575,2017-03-20,2020-02-03,Sales,Male,Asian,IC4
e000576,2017-03-17,2019-10-11,Administrative,Male,Asian,S3
e000577,2017-03-10,2019-10-25,Production,Female,Asian,IC5
e000578,2017-03-09,2023-08-15,Sales,Male,Asian,M4
e000579,2017-03-27,2020-08-17,Administrative,Female,Asian,S3
e000580,2017-03-01,2024-02-05,Production,Female,White,S2
e000581,2017-03-16,2023-10-23,Sales,Male,Asian,S3
e000582,2017-03-09,2018-03-28,Administrative,Male,Hispanic,S3
e000583,2017-03-09,2018-09-06,Sales,Male,Black,M5
e000584,2017-03-06,2022-02-10,Sales,Male,Asian,IC6
e000585,2017-03-09,2021-05-11,Administrative,Male,Asian,S3
e000586,2017-03-17,2017-06-28,Production,Male,Hispanic,IC3
e000587,2017-03-27,2021-10-19,Sales,Male,Asian,S2
e000588,2017-03-22,2018-08-21,Sales,Male,Hispanic,IC2
e000589,2017-03-09,2021-12-09,Sales,Female,Asian,S3
e000590,2017-03-06,2020-07-24,Sales,Male,Asian,IC2
e000591,2017-03-06,2023-02-01,Administrative,Female,Black,IC2
e000592,2017-03-29,2018-07-09,Administrative,Female,White,IC5
e000593,2017-03-17,2021-12-17,Sales,Male,Hispanic,IC6
e000594,2017-03-15,2024-01-02,Administrative,Female,Asian,S1
e000595,2017-03-23,2023-11-30,Administrative,Female,Asian,S1
e000596,2017-03-09,2021-11-18,Sales,Female,Asian,IC2
e000597,2017-03-08,2021-07-19,Production,Male,Asian,S2
e000598,2017-03-30,2018-10-05,Administrative,Female,Asian,S2
e000599,2017-03-22,2019-03-20,Administrative,Male,Asian,IC9
e000600,2017-03-28,2018-04-26,Administrative,Female,Asian,M4
e000601,2017-03-02,2017-09-15,Sales,Male,Asian,IC3
e000602,2017-03-28,2017-10-02,Sales,Male,Asian,IC1
e000603,2017-03-10,2017-11-13,Administrative,Female,Asian,IC3
e000604,2017-03-20,2020-02-24,Sales,Male,Asian,IC4
e000605,2017-03-29,2018-08-29,Administrative,Male,Black,S3
e000606,2017-03-15,2020-07-09,Production,Male,Asian,IC6
e000607,2017-03-22,2023-02-06,Production,Female,Asian,S2
e000608,2017-03-23,2024-03-20,Administrative,Female,Asian,S1
e000609,2017-03-06,2019-05-10,Sales,Male,Asian,S3
e000610,2017-03-13,2018-07-12,Administrative,Female,Asian,M6
e000611,2017-03-30,2018-09-11,Production,Male,Hispanic,S3
e000612,2017-03-07,2019-05-29,Administrative,Male,Asian,IC6
e000613,2017-03-02,2022-10-14,Sales,Female,Asian,IC7
e000614,2017-03-08,2019-12-02,Administrative,Female,Black,S3
e000615,2017-03-17,2023-11-09,Administrative,Male,Asian,IC1
e000616,2017-03-29,2023-07-18,Sales,Female,Asian,M8
e000617,2017-03-21,2018-04-26,Production,Male,Asian,IC1
e000618,2017-04-04,2017-10-19,Production,Male,Asian,S1
e000619,2017-04-10,2023-05-23,Sales,Female,Asian,S1
e000620,2017-04-21,2018-02-07,Administrative,Male,Asian,IC4
e000621,2017-04-07,2019-04-03,Sales,Female,Asian,S1
e000622,2017-04-25,2021-11-30,Sales,Female,Asian,M5
e000623,2017-04-18,2017-06-30,Administrative,Female,Asian,S1
e000624,2017-04-03,2020-08-20,Sales,Female,Asian,S2
e000625,2017-04-12,2018-03-23,Sales,Male,Asian,S1
e000626,2017-04-24,2022-08-23,Sales,Female,Asian,IC4
e000627,2017-04-21,2017-09-20,Sales,Male,Asian,S3
e000628,2017-04-21,2020-09-09,Sales,Female,Asian,M4
e000629,2017-04-12,2022-12-13,Administrative,Female,Asian,M6
e000630,2017-04-13,2019-04-18,Sales,Female,White,IC7
e000631,2017-04-07,2023-05-09,Administrative,Female,Black,M4
e000632,2017-04-19,2018-06-12,Administrative,Female,Asian,IC2
e000633,2017-04-20,2019-01-21,Sales,Female,Hispanic,IC3
e000634,2017-04-17,2018-09-24,Production,Female,Asian,S3
e000635,2017-04-11,2022-10-31,Sales,Female,Hispanic,IC6
e000636,2017-04-28,2019-04-03,Production,Female,Black,IC7
e000637,2017-04-18,2019-04-26,Sales,Male,Asian,S2
e000638,2017-04-21,2020-02-26,Production,Female,Asian,IC4
e000639,2017-04-04,2018-04-05,Administrative,Female,Black,IC5
e000640,2017-04-25,2020-02-10,Sales,Female,White,S3
e000641,2017-04-27,2019-01-16,Sales,Male,Asian,IC4
e000642,2017-04-07,2020-07-08,Sales,Female,Black,S2
e000643,2017-04-17,2023-08-25,Sales,Female,Asian,M5
e000644,2017-04-17,2018-08-28,Sales,Female,Asian,IC5
e000645,2017-04-04,2018-11-15,Sales,Female,White,S1
e000646,2017-04-04,2019-03-11,Production,Male,Hispanic,IC1
e000647,2017-04-07,2018-10-09,Sales,Female,White,IC4
e000648,2017-04-17,2018-01-18,Sales,Female,Asian,IC6
e000649,2017-04-14,2019-09-11,Production,Female,Asian,M4
e000650,2017-04-10,2017-10-20,Sales,Female,Asian,S2
e000651,2017-04-26,2019-10-14,Sales,Female,Asian,M4
e000652,2017-04-12,2021-04-30,Sales,Female,Asian,IC2
e000653,2017-04-04,2019-10-03,Administrative,Female,Asian,S2
e000654,2017-04-03,2018-09-05,Sales,Female,Asian,IC2
e000655,2017-04-27,2019-04-04,Administrative,Female,Hispanic,M5
e000656,2017-04-27,2020-06-03,Production,Female,White,IC2
e000657,2017-04-10,2023-07-19,Administrative,Female,Asian,S2
e000658,2017-04-11,2018-12-05,Sales,Female,Asian,M5
e000659,2017-04-05,2020-03-12,Production,Female,Asian,IC4
e000660,2017-04-27,2022-08-08,Sales,Male,Black,S3
e000661,2017-05-01,2024-02-26,Sales,Female,Asian,IC3
e000662,2017-05-31,2018-07-06,Sales,Female,Asian,IC6
e000663,2017-05-11,2020-09-03,Sales,Female,Asian,M4
e000664,2017-05-12,2021-04-29,Sales,Male,Asian,IC2
e000665,2017-05-30,2018-09-18,Administrative,Female,Asian,IC3
e000666,2017-05-01,2020-05-13,Production,Female,Asian,S2
e000667,2017-05-17,2018-08-15,Administrative,Male,Asian,IC5
e000668,2017-05-22,2018-08-20,Production,Female,Asian,M5
e000669,2017-05-04,2022-10-27,Administrative,Male,Hispanic,IC4
e000670,2017-05-01,2021-07-16,Sales,Female,Asian,S1
e000671,2017-05-23,2022-02-10,Sales,Female,Asian,IC2
e000672,2017-05-02,2020-05-14,Production,Female,Asian,S1
e000673,2017-05-11,2022-08-17,Sales,Female,Asian,IC3
e000674,2017-05-10,2017-11-21,Sales,Female,Asian,S2
e000675,2017-05-25,2018-08-29,Administrative,Male,Asian,IC3
e000676,2017-05-24,2021-10-22,Production,Male,Asian,S3
e000677,2017-05-18,2021-12-22,Administrative,Male,Asian,IC1
e000678,2017-05-31,2018-03-02,Production,Female,Asian,S1
e000679,2017-05-23,2019-01-08,Sales,Female,White,M4
e000680,2017-05-05,2024-07-17,Production,Male,Asian,S3
e000681,2017-05-30,2020-11-12,Sales,Female,White,IC2
e000682,2017-05-29,2017-11-21,Sales,Female,White,IC5
e000683,2017-05-23,2020-03-16,Administrative,Female,Asian,M7
e000684,2017-05-03,2018-10-03,Sales,Male,Asian,IC9
e000685,2017-05-16,2019-02-11,Sales,Female,Asian,IC6
e000686,2017-05-02,2018-04-12,Sales,Female,White,IC5
e000687,2017-05-16,2018-07-19,Production,Female,Black,IC6
e000688,2017-05-05,2023-04-04,Sales,Female,Asian,IC2
e000689,2017-05-29,2020-11-16,Administrative,Female,Asian,IC7
e000690,2017-05-18,2018-07-16,Sales,Female,Asian,IC6
e000691,2017-05-05,2021-04-20,Sales,Male,Asian,IC1
e000692,2017-05-29,2020-03-19,Sales,Female,Asian,IC3
e000693,2017-05-15,2018-07-06,Sales,Female,Asian,IC3
e000694,2017-05-31,2020-02-27,Sales,Female,Asian,IC4
e000695,2017-05-25,2018-08-23,Administrative,Female,Asian,M6
e000696,2017-05-24,2019-09-30,Sales,Female,Asian,S3
e000697,2017-05-11,2019-05-08,Sales,Female,Asian,M5
e000698,2017-05-15,2017-09-01,Sales,Female,Asian,IC1
e000699,2017-05-15,2020-07-29,Sales,Female,Asian,IC2
e000700,2017-05-30,2019-01-08,Administrative,Female,Asian,IC7
e000701,2017-05-31,2020-11-23,Production,Female,Asian,IC3
e000702,2017-05-15,2018-10-30,Production,Female,Asian,S2
e000703,2017-05-12,2019-02-01,Sales,Male,Asian,IC8
e000704,2017-05-08,2020-05-15,Sales,Female,Asian,IC2
e000705,2017-05-31,2023-11-30,Production,Female,Asian,S2
e000706,2017-05-26,2019-05-31,Administrative,Male,Asian,IC4
e000707,2017-05-17,2020-03-16,Administrative,Male,Hispanic,M5
e000708,2017-05-19,2019-10-22,Sales,Female,Black,IC3
e000709,2017-05-18,2019-10-01,Administrative,Male,Asian,M6
e000710,2017-05-26,2023-09-22,Administrative,Female,Asian,S2
e000711,2017-05-04,2018-03-02,Production,Female,White,M4
e000712,2017-05-11,2023-03-09,Administrative,Female,Asian,S2
e000713,2017-05-30,2020-01-15,Sales,Male,Asian,S1
e000714,2017-05-04,2019-10-18,Production,Female,Asian,IC2
e000715,2017-05-10,2018-08-24,Production,Female,Asian,M5
e000716,2017-05-16,2018-01-03,Sales,Male,Asian,IC1
e000717,2017-05-10,2017-06-09,Administrative,Female,Asian,IC3
e000718,2017-05-01,2020-01-17,Sales,Male,Asian,M6
e000719,2017-05-11,2022-08-12,Sales,Male,Asian,IC2
e000720,2017-06-30,2021-04-06,Sales,Female,White,IC3
e000721,2017-06-13,2018-07-25,Sales,Female,Hispanic,IC3
e000722,2017-06-12,2018-03-14,Administrative,Male,Black,S3
e000723,2017-06-23,2017-09-22,Production,Male,Hispanic,IC2
e000724,2017-06-27,2024-03-14,Production,Male,Hispanic,S2
e000725,2017-06-20,2018-09-27,Production,Female,White,S2
e000726,2017-06-27,2020-11-23,Administrative,Male,White,S3
e000727,2017-06-29,2020-03-12,Sales,Female,Asian,IC6
e000728,2017-06-12,2017-09-08,Sales,Female,Black,IC5
e000729,2017-06-07,2018-07-18,Sales,Male,White,S1
e000730,2017-06-09,2023-08-04,Sales,Female,White,S2
e000731,2017-06-09,2024-01-22,Sales,Male,Black,S2
e000732,2017-06-16,2023-12-26,Production,Female,Black,IC5
e000733,2017-06-21,2018-08-07,Sales,Female,White,IC2
e000734,2017-07-20,2022-10-28,Administrative,Female,Hispanic,IC6
e000735,2017-07-25,2018-09-20,Production,Female,Hispanic,S2
e000736,2017-07-11,2022-02-01,Sales,Female,White,IC4
e000737,2017-07-14,2017-11-13,Sales,Male,Hispanic,M4
e000738,2017-07-10,2018-10-26,Sales,Male,White,M4
e000739,2017-07-20,2023-05-04,Sales,Female,Asian,M9
e000740,2017-07-06,2019-12-24,Sales,Female,Asian,S1
e000741,2017-07-11,2023-11-02,Sales,Female,Hispanic,M4
e000742,2017-07-04,2022-09-15,Sales,Female,White,IC5
e000743,2017-07-05,2018-04-04,Production,Female,Hispanic,IC1
e000744,2017-07-21,2018-07-30,Sales,Male,Black,S3
e000745,2017-07-27,2020-08-27,Sales,Female,Black,S1
e000746,2017-07-18,2020-12-28,Production,Male,White,IC3
e000747,2017-07-21,2022-02-23,Sales,Female,White,M5
e000748,2017-07-07,2019-08-08,Sales,Female,Asian,S2
e000749,2017-07-07,2021-10-25,Production,Female,White,M4
e000750,2017-07-31,2020-09-24,Sales,Female,Hispanic,M6
e000751,2017-07-27,2020-05-14,Sales,Female,Black,S3
e000752,2017-07-19,2018-10-23,Sales,Female,Asian,M6
e000753,2017-07-11,2018-04-13,Production,Male,Hispanic,M6
e000754,2017-07-17,2023-02-21,Production,Female,Asian,M5
e000755,2017-07-19,2018-07-16,Administrative,Female,White,S1
e000756,2017-07-10,2017-09-26,Sales,Male,White,IC2
e000757,2017-07-12,2018-05-08,Sales,Male,Asian,IC5
e000758,2017-07-07,2021-01-12,Sales,Female,Hispanic,IC2
e000759,2017-07-11,2022-09-08,Production,Male,Black,IC1
e000760,2017-07-13,2017-09-06,Sales,Female,White,IC4
e000761,2017-07-04,2022-02-24,Administrative,Female,Asian,M6
e000762,2017-07-06,2023-02-09,Sales,Male,White,IC2
e000763,2017-07-13,2018-05-10,Sales,Female,Asian,M5
e000764,2017-07-21,2018-09-14,Sales,Female,Asian,M5
e000765,2017-07-05,2023-12-07,Administrative,Male,White,IC3
e000766,2017-07-27,2018-03-16,Sales,Male,Black,S3
e000767,2017-07-20,2019-10-04,Administrative,Female,Black,IC3
e000768,2017-07-28,2018-08-06,Sales,Female,Hispanic,S3
e000769,2017-07-26,2019-01-10,Production,Male,Asian,IC3
e000770,2017-07-17,2018-08-01,Sales,Female,Asian,IC2
e000771,2017-07-03,2019-04-23,Sales,Female,Asian,IC5
e000772,2017-07-19,2019-08-29,Sales,Female,Asian,IC6
e000773,2017-07-19,2024-03-28,Sales,Female,Hispanic,IC3
e000774,2017-07-07,2023-02-08,Sales,Male,Black,IC2
e000775,2017-07-07,2017-10-20,Administrative,Female,White,IC5
e000776,2017-07-17,2018-07-04,Sales,Male,Asian,M4
e000777,2017-07-18,2018-08-21,Administrative,Female,Hispanic,M5
e000778,2017-07-13,2018-03-28,Sales,Male,White,IC5
e000779,2017-07-10,2018-01-26,Administrative,Female,Asian,IC2
e000780,2017-08-17,2019-09-17,Sales,Female,Asian,S3
e000781,2017-08-03,2019-10-09,Administrative,Female,Black,IC7
e000782,2017-08-17,2021-07-21,Sales,Female,White,M5
e000783,2017-08-04,2022-09-21,Administrative,Female,Hispanic,IC3
e000784,2017-08-25,2018-11-21,Administrative,Male,White,IC1
e000785,2017-08-08,2018-11-02,Administrative,Female,Asian,IC4
e000786,2017-08-14,2019-12-02,Production,Female,Hispanic,IC2
e000787,2017-08-01,2020-12-14,Administrative,Female,Asian,M4
e000788,2017-08-30,2024-05-29,Administrative,Male,White,IC3
e000789,2017-08-24,2022-12-02,Sales,Male,Asian,IC9
e000790,2017-08-30,2018-01-18,Sales,Male,Hispanic,IC5
e000791,2017-08-04,2018-07-19,Sales,Female,Asian,M6
e000792,2017-08-03,2020-02-12,Administrative,Female,Black,IC4
e000793,2017-08-28,2020-03-05,Production,Female,Asian,M4
e000794,2017-08-04,2020-01-29,Administrative,Female,White,IC8
e000795,2017-08-23,2022-08-08,Sales,Female,Hispanic,IC3
e000796,2017-08-03,2022-02-16,Sales,Female,Hispanic,IC1
e000797,2017-08-07,2020-02-05,Administrative,Male,Hispanic,M4
e000798,2017-08-23,2017-09-21,Production,Female,Asian,IC2
e000799,2017-08-23,2022-02-03,Production,Female,Asian,S1
e000800,2017-08-01,2018-10-03,Administrative,Male,Asian,IC3
e000801,2017-08-03,2020-12-30,Sales,Male,White,IC4
e000802,2017-08-14,2018-08-09,Production,Male,Black,S1
e000803,2017-08-08,2018-12-13,Production,Female,Hispanic,IC1
e000804,2017-08-08,2017-09-11,Production,Female,Hispanic,S2
e000805,2017-08-17,2020-03-30,Production,Female,Hispanic,IC3
e000806,2017-08-29,2018-09-10,Administrative,Male,Asian,IC6
e000807,2017-08-11,2019-05-14,Sales,Male,Asian,S2
e000808,2017-08-18,2018-09-18,Administrative,Female,Black,S2
e000809,2017-08-14,2019-09-12,Sales,Female,Asian,S3
e000810,2017-08-17,2018-01-02,Production,Female,Asian,IC7
e000811,2017-08-30,2020-01-13,Sales,Female,Asian,S1
e000812,2017-08-28,2021-05-11,Sales,Female,Asian,IC4
e000813,2017-08-17,2018-08-16,Production,Female,Hispanic,IC2
e000814,2017-08-11,2021-10-07,Production,Female,White,S1
e000815,2017-08-24,2021-12-06,Production,Female,White,M5
e000816,2017-08-25,2020-03-17,Sales,Female,Asian,IC3
e000817,2017-08-07,2018-10-04,Administrative,Female,Hispanic,IC7
e000818,2017-08-11,2020-02-12,Production,Female,Asian,IC4
e000819,2017-08-18,2022-06-07,Administrative,Male,Asian,M7
e000820,2017-08-23,2018-07-09,Production,Female,Asian,IC4
e000821,2017-08-03,2018-10-19,Administrative,Male,Hispanic,S2
e000822,2017-08-10,2018-09-07,Production,Female,Asian,IC7
e000823,2017-08-09,2019-04-30,Sales,Male,Asian,IC6
e000824,2017-08-01,2018-10-02,Production,Female,White,S3
e000825,2017-08-24,2019-03-05,Production,Female,Black,IC6
e000826,2017-08-08,2019-09-04,Production,Female,Black,IC3
e000827,2017-08-11,2021-12-09,Administrative,Male,Asian,S1
e000828,2017-08-09,2018-05-03,Sales,Male,Black,IC2
e000829,2017-08-03,2018-03-09,Production,Female,Hispanic,M5
e000830,2017-08-03,2018-01-09,Sales,Male,Asian,IC3
e000831,2017-08-24,2019-12-30,Sales,Female,Hispanic,IC6
e000832,2017-08-17,2019-09-24,Production,Female,White,S1
e000833,2017-08-11,2018-11-15,Production,Female,White,S3
e000834,2017-08-15,2017-11-03,Sales,Female,Black,M5
e000835,2017-08-24,2019-01-31,Production,Female,Black,M5
e000836,2017-08-31,2024-02-15,Sales,Female,Black,IC2
e000837,2017-08-23,2020-03-19,Production,Female,Hispanic,S2
e000838,2017-08-15,2018-08-15,Production,Female,Hispanic,S1
e000839,2017-08-04,2020-08-21,Sales,Female,Black,S1
e000840,2017-08-30,2018-09-12,Sales,Female,Asian,M5
e000841,2017-08-31,2018-09-28,Administrative,Male,Asian,IC2
e000842,2017-08-02,2019-03-14,Administrative,Female,Black,IC4
e000843,2017-08-17,2018-02-16,Administrative,Female,Asian,IC6
e000844,2017-08-07,2019-10-09,Administrative,Female,Asian,IC4
e000845,2017-08-17,2017-11-01,Production,Male,Asian,IC5
e000846,2017-08-14,2017-11-23,Sales,Male,Hispanic,S3
e000847,2017-08-02,2024-03-08,Administrative,Female,Asian,M4
e000848,2017-08-24,2023-11-07,Sales,Female,Asian,IC1
e000849,2017-08-18,,Administrative,Male,Black,IC1
e000850,2017-08-18,2018-06-28,Sales,Female,Asian,IC3
e000851,2017-08-01,2020-11-02,Production,Female,Asian,IC1
e000852,2017-08-10,2018-11-26,Administrative,Female,Black,IC2
e000853,2017-08-10,2023-08-03,Sales,Female,Black,M4
e000854,2017-08-07,2017-11-23,Sales,Male,Asian,IC6
e000855,2017-09-25,2020-08-31,Administrative,Female,Asian,S1
e000856,2017-09-08,2020-01-31,Production,Female,Asian,IC4
e000857,2017-09-12,2021-05-27,Administrative,Female,White,S1
e000858,2017-09-13,2019-07-30,Production,Male,Asian,S2
e000859,2017-09-25,2019-01-07,Sales,Male,Hispanic,M6
e000860,2017-09-27,2022-01-28,Sales,Male,White,S2
e000861,2017-09-29,2019-12-20,Sales,Male,Black,M6
e000862,2017-09-13,2018-05-04,Sales,Female,Asian,S2
e000863,2017-09-21,2023-03-24,Production,Female,White,M4
e000864,2017-09-12,2018-09-07,Production,Male,Hispanic,IC6
e000865,2017-09-25,2022-10-05,Administrative,Female,White,S3
e000866,2017-09-11,2022-12-07,Administrative,Female,White,IC6
e000867,2017-09-28,2023-09-01,Administrative,Female,Asian,IC1
e000868,2017-09-27,2020-11-19,Administrative,Female,White,S1
e000869,2017-09-01,2019-01-04,Sales,Female,White,IC5
e000870,2017-09-05,2021-02-09,Production,Female,Black,M4
e000871,2017-09-08,2017-10-26,Production,Female,Asian,M5
e000872,2017-09-01,2019-09-24,Administrative,Female,Black,IC8
e000873,2017-09-05,2020-01-09,Sales,Female,White,S1
e000874,2017-09-11,2020-04-03,Sales,Female,White,S1
e000875,2017-09-19,2022-09-07,Production,Female,Hispanic,IC9
e000876,2017-09-19,2020-08-28,Production,Female,Hispanic,IC2
e000877,2017-09-19,2019-09-24,Sales,Male,Asian,IC2
e000878,2017-09-18,2021-12-17,Administrative,Female,Black,IC7
e000879,2017-09-14,2018-05-16,Sales,Female,Asian,M6
e000880,2017-09-14,2017-10-18,Sales,Male,Asian,IC2
e000881,2017-09-01,2020-05-11,Production,Female,White,S3
e000882,2017-09-08,2019-07-15,Production,Female,Hispanic,S1
e000883,2017-09-07,2019-12-17,Administrative,Female,Black,M5
e000884,2017-09-15,2023-09-22,Sales,Female,Asian,IC5
e000885,2017-09-06,2018-07-05,Sales,Female,Black,M6
e000886,2017-09-26,2019-04-19,Sales,Female,Asian,IC5
e000887,2017-09-06,2018-02-01,Sales,Female,White,S3
e000888,2017-09-14,2023-09-07,Sales,Female,Black,IC4
e000889,2017-09-19,2018-10-05,Administrative,Male,Asian,S3
e000890,2017-09-07,2020-08-11,Sales,Female,Asian,IC3
e000891,2017-09-08,2019-01-17,Sales,Female,Asian,S3
e000892,2017-09-12,2020-11-12,Administrative,Male,Hispanic,IC7
e000893,2017-09-12,2018-08-10,Administrative,Female,Asian,IC5
e000894,2017-09-22,2018-02-19,Production,Female,Black,IC2
e000895,2017-09-21,2019-04-26,Sales,Female,Black,IC5
e000896,2017-09-22,2018-11-13,Production,Female,Asian,M4
e000897,2017-09-13,2018-03-28,Sales,Female,Hispanic,IC1
e000898,2017-09-11,2021-07-26,Production,Male,Asian,IC3
e000899,2017-09-13,2019-11-01,Production,Female,Asian,IC3
e000900,2017-09-05,2023-10-25,Production,Female,White,S2
e000901,2017-09-14,2020-11-30,Production,Female,Hispanic,IC4
e000902,2017-09-28,2020-12-14,Sales,Female,White,IC1
e000903,2017-09-19,2019-02-22,Production,Female,Hispanic,IC4
e000904,2017-09-19,2018-02-20,Production,Female,White,M5
e000905,2017-09-01,2018-08-14,Production,Female,White,IC2
e000906,2017-09-27,2019-08-02,Sales,Male,Asian,M5
e000907,2017-09-14,2018-01-31,Administrative,Female,Asian,IC3
e000908,2017-09-11,2019-07-16,Administrative,Female,Hispanic,IC7
e000909,2017-10-13,2020-03-25,Administrative,Male,Asian,M6
e000910,2017-10-13,2021-04-19,Sales,Female,Hispanic,IC4
e000911,2017-10-05,2018-03-07,Administrative,Female,Asian,IC8
e000912,2017-10-19,2023-12-21,Production,Female,Black,IC4
e000913,2017-10-24,2018-03-06,Administrative,Male,Black,S2
e000914,2017-10-25,2024-03-06,Administrative,Male,Asian,IC2
e000915,2017-10-09,2023-12-01,Sales,Male,Asian,S3
e000916,2017-10-09,2018-10-19,Production,Male,Asian,M4
e000917,2017-10-02,2023-03-08,Production,Male,Hispanic,IC1
e000918,2017-10-24,2018-10-05,Sales,Female,White,IC1
e000919,2017-10-09,2017-11-16,Sales,Female,Black,IC5
e000920,2017-10-26,2020-02-28,Sales,Male,Asian,IC3
e000921,2017-10-19,2023-10-05,Administrative,Female,Asian,S3
e000922,2017-10-11,2021-10-13,Administrative,Female,Hispanic,M4
e000923,2017-10-24,2020-09-03,Sales,Female,Black,M6
e000924,2017-10-10,2020-08-26,Sales,Female,Black,IC3
e000925,2017-10-30,2021-07-02,Administrative,Female,Asian,IC7
e000926,2017-10-18,2023-11-07,Administrative,Female,Asian,IC4
e000927,2017-10-05,2019-10-18,Administrative,Male,White,IC3
e000928,2017-10-09,2018-07-19,Administrative,Male,Black,S2
e000929,2017-10-25,2020-08-24,Sales,Female,Asian,M4
e000930,2017-10-20,2018-05-11,Sales,Female,White,IC3
e000931,2017-10-02,2021-04-16,Production,Female,Asian,S2
e000932,2017-10-03,2018-06-07,Production,Female,Asian,IC4
e000933,2017-10-02,2018-06-28,Sales,Female,Asian,M4
e000934,2017-10-12,2021-02-03,Administrative,Male,White,IC4
e000935,2017-10-19,2019-01-28,Administrative,Female,Black,IC1
e000936,2017-10-26,2018-04-20,Production,Female,Black,IC3
e000937,2017-10-13,2018-03-22,Production,Female,Black,S1
e000938,2017-10-06,2017-11-07,Sales,Female,Black,IC8
e000939,2017-10-25,2020-01-15,Production,Male,Hispanic,IC4
e000940,2017-10-05,2018-03-07,Administrative,Female,Asian,IC3
e000941,2017-10-26,2021-05-06,Sales,Male,Asian,IC4
e000942,2017-10-31,2020-08-05,Production,Female,Black,IC6
e000943,2017-10-06,2018-01-23,Production,Female,Asian,IC5
e000944,2017-10-06,2020-06-04,Sales,Female,Asian,M9
e000945,2017-10-04,2021-10-29,Sales,Female,Asian,S1
e000946,2017-10-02,2018-07-19,Production,Female,Asian,IC5
e000947,2017-10-12,2018-07-25,Production,Female,Hispanic,IC1
e000948,2017-10-12,2020-08-31,Administrative,Female,Hispanic,IC7
e000949,2017-10-13,2018-10-29,Administrative,Female,Asian,IC3
e000950,2017-10-30,2020-02-06,Production,Female,Asian,IC7
e000951,2017-10-05,2024-01-02,Sales,Male,Asian,S1
e000952,2017-10-13,2018-07-11,Production,Female,White,IC5
e000953,2017-10-18,2019-12-23,Sales,Female,White,IC8
e000954,2017-10-03,2018-07-05,Administrative,Male,Asian,IC2
e000955,2017-10-13,2021-10-28,Production,Female,White,IC3
e000956,2017-10-12,2023-02-14,Production,Male,Asian,IC7
e000957,2017-10-02,2019-07-16,Production,Female,Asian,M4
e000958,2017-10-03,2018-10-16,Production,Female,Hispanic,IC4
e000959,2017-10-27,2018-02-20,Production,Female,Hispanic,IC6
e000960,2017-11-29,2020-07-13,Sales,Female,White,M5
e000961,2017-11-16,2018-10-30,Sales,Male,Asian,S2
e000962,2017-11-06,2018-09-14,Sales,Female,White,IC6
e000963,2017-11-06,2020-04-13,Production,Female,Hispanic,IC5
e000964,2017-11-29,2020-08-14,Sales,Male,White,IC5
e000965,2017-11-17,2019-10-09,Administrative,Male,Asian,S2
e000966,2017-11-02,2018-08-27,Administrative,Female,White,S2
e000967,2017-11-10,2018-04-12,Production,Female,White,IC6
e000968,2017-11-08,2018-12-26,Administrative,Female,Asian,M7
e000969,2017-11-29,2021-05-28,Production,Male,White,IC5
e000970,2017-11-13,2019-04-01,Sales,Female,White,IC6
e000971,2017-11-20,2018-01-17,Sales,Male,Hispanic,M4
e000972,2017-11-13,2018-07-05,Production,Female,Hispanic,IC1
e000973,2017-11-08,2020-02-27,Sales,Female,Asian,S3
e000974,2017-11-29,2022-10-07,Administrative,Female,White,IC4
e000975,2017-11-15,2020-02-28,Administrative,Male,Black,IC7
e000976,2017-11-09,2018-08-08,Sales,Male,Hispanic,S3
e000977,2017-11-16,2020-01-15,Production,Female,Asian,IC2
e000978,2017-11-08,2019-08-14,Administrative,Male,White,IC5
e000979,2017-11-21,2018-07-30,Sales,Male,Asian,S1
e000980,2017-11-17,2019-07-03,Sales,Female,Asian,IC1
e000981,2017-11-17,2020-06-30,Sales,Female,Asian,S1
e000982,2017-11-28,2019-05-23,Sales,Female,Asian,IC3
e000983,2017-11-23,2020-01-20,Sales,Male,Black,IC3
e000984,2017-11-03,2020-12-10,Sales,Female,Black,IC1
e000985,2017-11-02,2023-12-21,Production,Female,Hispanic,IC1
e000986,2017-11-27,2023-02-03,Production,Male,White,S3
e000987,2017-11-13,2021-04-05,Sales,Male,Asian,IC2
e000988,2017-11-17,2019-04-22,Production,Female,White,IC1
e000989,2017-11-29,2022-10-11,Production,Male,Black,IC1
e000990,2017-11-16,2023-01-18,Administrative,Female,White,IC2
e000991,2017-11-13,2020-09-18,Sales,Female,White,S2
e000992,2017-11-30,2018-11-21,Sales,Female,White,IC4
e000993,2017-11-23,2021-07-09,Administrative,Male,Hispanic,IC2
e000994,2017-11-14,2019-05-17,Administrative,Female,Black,IC3
e000995,2017-11-23,2018-08-16,Sales,Female,Asian,IC1
e000996,2017-11-20,2018-04-09,Production,Female,Asian,M4
e000997,2017-11-01,2022-02-09,Production,Male,White,S1
e000998,2017-11-03,2020-04-01,Administrative,Female,Asian,IC5
e000999,2017-11-13,2018-07-16,Administrative,Female,Asian,S1
e001000,2017-11-17,2019-05-20,Administrative,Female,Hispanic,IC2
e001001,2017-11-10,2020-04-23,Production,Male,Black,M4
e001002,2017-11-17,2020-05-15,Administrative,Male,White,M9
e001003,2017-11-09,2020-11-09,Administrative,Female,Hispanic,IC4
e001004,2017-11-02,2022-08-23,Administrative,Female,White,S1
e001005,2017-11-14,2022-12-12,Sales,Female,White,S2
e001006,2017-11-22,2023-11-08,Sales,Female,Asian,IC5
e001007,2017-11-20,2018-06-11,Administrative,Female,Hispanic,IC6
e001008,2017-11-07,2019-01-22,Sales,Female,Black,IC4
e001009,2017-11-02,2020-06-04,Sales,Male,Asian,IC1
e001010,2017-11-29,2020-01-21,Production,Female,Hispanic,M5
e001011,2017-11-29,2018-08-01,Administrative,Male,Asian,S3
e001012,2017-11-23,2022-02-22,Administrative,Male,Asian,S2
e001013,2017-11-23,2018-10-02,Sales,Female,Asian,S1
e001014,2017-11-07,2020-09-24,Sales,Female,White,S3
e001015,2017-11-06,2018-05-14,Sales,Male,White,IC5
e001016,2017-11-06,2024-02-27,Sales,Female,Hispanic,S2
e001017,2017-11-09,2019-03-14,Sales,Female,Asian,M7
e001018,2017-11-13,2022-12-14,Production,Female,Asian,IC3
e001019,2017-11-10,2018-02-15,Administrative,Female,Asian,S2
e001020,2017-11-01,2018-11-15,Administrative,Male,White,IC6
e001021,2017-11-24,2022-12-02,Production,Male,Hispanic,IC3
e001022,2017-11-01,2021-10-20,Administrative,Male,Hispanic,S3
e001023,2017-11-07,2019-04-01,Administrative,Male,White,M6
e001024,2017-11-06,2018-05-03,Production,Male,Hispanic,IC4
e001025,2017-11-17,2018-09-04,Production,Female,Asian,IC5
e001026,2017-11-01,2021-12-08,Production,Female,Black,S1
e001027,2017-11-28,2018-08-31,Sales,Male,Hispanic,M5
e001028,2017-11-16,2020-06-25,Sales,Female,Hispanic,S1
e001029,2017-11-02,2019-10-03,Sales,Female,Hispanic,IC8
e001030,2017-11-17,2023-12-04,Administrative,Female,White,S3
e001031,2017-11-02,2021-04-15,Sales,Female,Black,IC6
e001032,2017-11-08,2020-02-11,Administrative,Male,Black,S2
e001033,2017-11-24,2018-06-07,Sales,Female,Asian,M4
e001034,2017-11-23,2022-03-02,Administrative,Male,Asian,S2
e001035,2017-12-21,2021-10-19,Administrative,Female,Asian,IC1
e001036,2017-12-27,2018-06-01,Administrative,Female,Black,S1
e001037,2017-12-20,2021-12-30,Production,Female,Asian,S2
e001038,2017-12-28,2023-08-15,Sales,Male,White,IC7
e001039,2017-12-19,2019-07-12,Production,Male,White,S2
e001040,2017-12-01,2018-02-05,Administrative,Male,White,IC6
e001041,2017-12-08,2020-05-25,Sales,Female,Black,M4
e001042,2017-12-13,2018-10-22,Administrative,Male,Asian,IC5
e001043,2017-12-08,2023-04-19,Sales,Male,Asian,IC8
e001044,2017-12-22,2020-12-04,Sales,Male,White,IC6
e001045,2017-12-07,2018-10-22,Administrative,Female,Asian,IC2
e001046,2017-12-01,2019-10-29,Production,Female,White,S3
e001047,2017-12-18,2020-03-09,Administrative,Male,Hispanic,IC4
e001048,2017-12-19,2023-12-26,Sales,Female,White,IC4
e001049,2017-12-29,2020-03-02,Sales,Male,Hispanic,IC1
e001050,2017-12-19,2023-06-14,Production,Female,Hispanic,IC1
e001051,2017-12-18,2023-12-20,Production,Female,Asian,IC3
e001052,2017-12-05,2018-09-10,Sales,Female,Black,IC7
e001053,2017-12-13,2020-08-18,Sales,Female,Hispanic,IC8
e001054,2017-12-13,2020-09-30,Sales,Female,Asian,S2
e001055,2017-12-27,2022-02-21,Production,Female,Asian,IC1
e001056,2017-12-19,2022-08-17,Production,Female,Hispanic,S3
e001057,2017-12-04,2018-09-14,Production,Female,Black,IC4
e001058,2017-12-25,,Production,Female,White,IC4
e001059,2017-12-27,2020-08-24,Sales,Female,Hispanic,IC5
e001060,2017-12-08,2023-02-22,Administrative,Male,Asian,IC4
e001061,2017-12-19,2021-10-28,Administrative,Female,Asian,S2
e001062,2017-12-19,2018-05-01,Production,Male,Asian,M5
e001063,2017-12-27,2020-02-03,Production,Male,Asian,IC4
e001064,2017-12-27,2022-08-26,Sales,Female,Black,S2
e001065,2017-12-28,2019-05-01,Sales,Female,Asian,IC1
e001066,2017-12-26,2018-10-15,Sales,Female,Asian,IC3
e001067,2017-12-22,2019-10-09,Production,Male,Hispanic,IC2
e001068,2017-12-14,2022-12-05,Administrative,Male,White,IC3
e001069,2017-12-13,2020-03-05,Sales,Female,White,S3
e001070,2017-12-25,2020-11-10,Sales,Female,Asian,S2
e001071,2017-12-07,2023-06-05,Production,Male,Hispanic,IC1
e001072,2017-12-04,2022-08-17,Sales,Female,Asian,IC2
e001073,2017-12-28,2021-12-30,Sales,Female,Hispanic,IC1
e001074,2017-12-29,2020-12-23,Sales,Female,Hispanic,IC6
e001075,2017-12-27,2023-05-26,Administrative,Male,White,IC3
e001076,2018-01-05,2018-07-12,Sales,Male,Hispanic,S1
e001077,2018-01-17,2024-03-21,Production,Female,Hispanic,S1
e001078,2018-01-04,2022-02-09,Administrative,Female,Asian,IC7
e001079,2018-01-25,2020-09-22,Production,Male,Black,S3
e001080,2018-01-11,2021-04-13,Sales,Female,Hispanic,IC2
e001081,2018-01-12,2018-07-31,Sales,Female,White,IC6
e001082,2018-01-02,2019-08-12,Production,Male,Asian,IC2
e001083,2018-02-21,2018-10-15,Sales,Male,Black,IC1
e001084,2018-02-19,2019-02-20,Sales,Male,Asian,IC3
e001085,2018-02-27,2020-01-30,Sales,Male,Hispanic,IC4
e001086,2018-02-19,2020-02-13,Administrative,Male,Asian,S1
e001087,2018-02-09,2023-12-28,Administrative,Male,Black,IC5
e001088,2018-02-14,2018-05-08,Production,Female,Hispanic,IC1
e001089,2018-02-26,2020-08-12,Sales,Male,Asian,S1
e001090,2018-02-01,2023-06-02,Sales,Male,Asian,S3
e001091,2018-02-28,2021-07-08,Sales,Female,White,IC1
e001092,2018-02-08,2020-02-26,Sales,Female,White,S1
e001093,2018-02-21,2020-09-28,Production,Female,Hispanic,IC1
e001094,2018-02-12,2018-10-18,Production,Female,Asian,S3
e001095,2018-02-01,2019-04-18,Production,Female,Hispanic,IC6
e001096,2018-02-09,2021-10-04,Administrative,Male,White,S1
e001097,2018-02-26,2018-07-25,Sales,Female,White,S2
e001098,2018-02-20,2021-10-28,Administrative,Female,White,S3
e001099,2018-03-20,2018-05-02,Sales,Male,White,IC5
e001100,2018-03-06,2023-05-11,Sales,Female,Asian,IC3
e001101,2018-03-26,2019-11-04,Sales,Male,Asian,M6
e001102,2018-03-13,2023-08-11,Sales,Female,White,IC4
e001103,2018-03-29,2020-11-13,Administrative,Male,White,IC3
e001104,2018-03-14,2019-07-23,Production,Male,Black,S3
e001105,2018-03-21,,Sales,Female,Asian,IC3
e001106,2018-03-26,2023-02-06,Sales,Female,White,IC2
e001107,2018-03-19,2023-02-27,Administrative,Female,Hispanic,IC5
e001108,2018-03-22,2018-10-03,Production,Female,Black,M4
e001109,2018-03-08,2019-10-25,Sales,Male,White,IC6
e001110,2018-03-01,2018-09-20,Production,Female,Asian,IC7
e001111,2018-03-21,2019-10-02,Production,Male,Black,S1
e001112,2018-03-27,2019-05-09,Administrative,Female,Asian,S1
e001113,2018-03-12,2019-12-02,Sales,Female,Hispanic,IC2
e001114,2018-03-22,2020-11-04,Sales,Male,White,IC1
e001115,2018-03-28,2022-06-17,Sales,Female,Hispanic,S2
e001116,2018-03-30,2022-10-12,Sales,Female,Asian,IC7
e001117,2018-03-08,2021-10-06,Sales,Male,Black,IC8
e001118,2018-03-23,2021-02-25,Sales,Female,White,IC3
e001119,2018-03-05,2021-05-10,Sales,Female,White,IC2
e001120,2018-03-12,2023-12-21,Production,Male,Hispanic,S2
e001121,2018-03-08,2018-11-16,Sales,Male,Asian,S2
e001122,2018-03-16,2021-03-26,Sales,Female,Asian,IC4
e001123,2018-03-05,2020-08-19,Administrative,Male,Asian,IC6
e001124,2018-03-29,2019-10-22,Administrative,Female,Asian,IC6
e001125,2018-03-29,2020-05-08,Administrative,Female,Black,S3
e001126,2018-03-05,2023-09-21,Sales,Female,Hispanic,IC5
e001127,2018-03-27,2019-01-11,Production,Male,Black,IC1
e001128,2018-03-20,2020-01-08,Administrative,Female,Hispanic,M5
e001129,2018-03-28,2018-07-13,Administrative,Female,Hispanic,IC7
e001130,2018-03-21,2019-03-05,Administrative,Male,White,IC2
e001131,2018-03-30,2023-11-23,Sales,Female,Black,IC3
e001132,2018-03-28,2018-07-27,Administrative,Male,Asian,IC2
e001133,2018-03-05,2022-02-24,Sales,Female,Black,IC2
e001134,2018-03-22,2022-10-19,Administrative,Male,White,IC3
e001135,2018-03-21,2021-10-22,Production,Female,Asian,M4
e001136,2018-03-28,2020-01-10,Sales,Male,Hispanic,S1
e001137,2018-03-13,2019-05-20,Production,Male,Hispanic,S1
e001138,2018-03-29,2018-08-13,Production,Female,Asian,IC3
e001139,2018-03-28,2019-04-01,Administrative,Male,Hispanic,IC5
e001140,2018-03-02,2018-06-27,Administrative,Male,Asian,IC6
e001141,2018-03-02,2020-07-30,Administrative,Female,Asian,IC4
e001142,2018-03-09,2018-09-05,Administrative,Female,Asian,IC1
e001143,2018-03-29,2018-04-24,Administrative,Female,White,IC7
e001144,2018-03-26,2018-09-18,Production,Male,Hispanic,IC8
e001145,2018-03-30,2023-04-25,Administrative,Male,White,IC6
e001146,2018-04-12,2022-10-04,Administrative,Female,Asian,S2
e001147,2018-04-24,2022-09-26,Sales,Male,White,IC7
e001148,2018-04-17,2022-09-23,Sales,Female,Black,IC2
e001149,2018-04-27,2018-08-24,Production,Male,White,IC3
e001150,2018-04-30,2018-05-22,Administrative,Female,Hispanic,S1
e001151,2018-04-02,2021-02-22,Administrative,Female,White,IC7
e001152,2018-04-30,2019-12-09,Sales,Female,Asian,S2
e001153,2018-04-06,2019-10-07,Production,Female,Black,S2
e001154,2018-04-02,2021-12-06,Administrative,Female,Asian,IC9
e001155,2018-04-25,2019-10-09,Production,Female,White,IC7
e001156,2018-04-25,2024-02-22,Production,Male,Black,S1
e001157,2018-04-16,2019-07-02,Administrative,Female,White,IC5
e001158,2018-04-24,2018-08-30,Sales,Female,White,M5
e001159,2018-04-30,2018-06-25,Sales,Male,Hispanic,S1
e001160,2018-04-25,2019-04-04,Administrative,Female,Hispanic,S3
e001161,2018-04-19,2022-09-12,Sales,Female,Hispanic,S3
e001162,2018-04-18,2022-02-09,Sales,Female,Asian,IC6
e001163,2018-04-02,2018-05-25,Administrative,Male,Asian,IC6
e001164,2018-04-24,2023-01-19,Production,Male,Black,S3
e001165,2018-04-05,2018-08-07,Sales,Male,Hispanic,IC2
e001166,2018-04-06,2021-11-17,Administrative,Female,Asian,M5
e001167,2018-04-20,2021-11-22,Sales,Male,Asian,M7
e001168,2018-04-27,2021-07-09,Sales,Male,Asian,IC5
e001169,2018-04-03,2018-09-12,Production,Male,Hispanic,IC9
e001170,2018-04-02,2018-06-22,Sales,Female,Black,M4
e001171,2018-04-25,2019-12-19,Production,Female,Asian,IC4
e001172,2018-04-20,2020-02-17,Sales,Male,Asian,S1
e001173,2018-04-24,2022-08-31,Administrative,Male,Black,IC6
e001174,2018-04-24,2019-03-15,Production,Female,Asian,S3
e001175,2018-04-09,2021-07-01,Sales,Female,Asian,IC4
e001176,2018-04-05,2018-05-31,Administrative,Female,Black,M6
e001177,2018-04-11,2020-01-14,Production,Male,Asian,IC1
e001178,2018-04-04,2020-01-07,Sales,Female,Asian,S1
e001179,2018-04-26,2020-02-17,Production,Male,Black,IC2
e001180,2018-04-02,2019-03-21,Sales,Male,Asian,IC3
e001181,2018-04-30,2020-03-02,Production,Female,Hispanic,IC1
e001182,2018-04-06,2018-07-02,Production,Male,Black,M5
e001183,2018-04-25,2023-08-15,Sales,Female,White,M4
e001184,2018-04-25,2020-06-23,Sales,Female,White,S3
e001185,2018-04-11,2018-08-28,Production,Male,Hispanic,IC3
e001186,2018-04-19,2018-07-11,Production,Male,Hispanic,IC2
e001187,2018-04-19,2020-01-10,Sales,Female,Black,IC2
e001188,2018-04-16,2018-10-10,Sales,Male,Hispanic,IC6
e001189,2018-04-26,2021-05-13,Production,Female,Asian,S1
e001190,2018-04-17,2023-02-24,Sales,Male,Asian,M4
e001191,2018-04-16,2019-12-10,Production,Male,Asian,IC4
e001192,2018-04-12,2018-10-31,Production,Female,Asian,M6
e001193,2018-04-04,2021-12-24,Sales,Male,Asian,IC5
e001194,2018-04-09,2023-04-13,Production,Male,White,IC6
e001195,2018-04-05,2021-04-02,Sales,Female,Asian,IC1
e001196,2018-04-12,,Sales,Male,Asian,IC7
e001197,2018-04-30,2018-10-02,Production,Female,Black,IC2
e001198,2018-04-27,2023-12-28,Production,Female,White,IC7
e001199,2018-04-26,2024-03-06,Sales,Male,Asian,S3
e001200,2018-04-05,2020-05-01,Production,Male,White,IC6
e001201,2018-04-16,2021-12-24,Production,Female,White,M5
e001202,2018-04-06,2018-10-03,Administrative,Male,Asian,IC6
e001203,2018-04-13,2019-12-06,Sales,Female,Asian,IC2
e001204,2018-04-03,2021-05-28,Production,Female,Asian,IC5
e001205,2018-04-03,2023-08-07,Sales,Female,Hispanic,M6
e001206,2018-04-12,2020-02-06,Administrative,Male,Hispanic,IC4
e001207,2018-04-04,2024-02-20,Sales,Male,Asian,IC6
e001208,2018-04-17,2018-07-10,Sales,Female,Asian,IC6
e001209,2018-04-05,2018-05-31,Sales,Male,Asian,M4
e001210,2018-04-17,2021-10-19,Administrative,Male,Asian,IC4
e001211,2018-04-19,2020-12-31,Production,Male,Black,M7
e001212,2018-04-30,2021-02-04,Sales,Female,White,IC1
e001213,2018-04-10,2018-06-01,Production,Female,Black,IC4
e001214,2018-04-04,2023-09-01,Administrative,Female,Black,IC8
e001215,2018-04-17,2022-08-03,Production,Female,Hispanic,S2
e001216,2018-04-24,2019-04-15,Production,Male,Hispanic,M4
e001217,2018-04-17,2018-08-30,Sales,Female,Hispanic,IC5
e001218,2018-04-10,2019-10-17,Production,Female,Black,IC2
e001219,2018-04-16,2019-08-29,Production,Male,White,S3
e001220,2018-04-12,2021-12-15,Administrative,Female,Asian,IC5
e001221,2018-04-12,2019-10-23,Administrative,Male,Asian,IC4
e001222,2018-04-02,2020-05-15,Sales,Female,White,IC7
e001223,2018-04-26,2019-01-02,Sales,Female,Black,S1
e001224,2018-04-23,2018-10-09,Production,Male,Asian,IC5
e001225,2018-04-13,2021-01-20,Administrative,Male,Black,IC1
e001226,2018-04-05,2020-02-07,Production,Male,Asian,IC3
e001227,2018-05-23,2018-08-09,Sales,Male,Asian,S3
e001228,2018-05-18,2020-09-29,Administrative,Female,Hispanic,S1
e001229,2018-05-30,2020-11-25,Sales,Female,Hispanic,IC6
e001230,2018-05-10,2023-08-25,Production,Male,Black,IC3
e001231,2018-05-03,2021-04-27,Production,Male,White,IC4
e001232,2018-05-30,2018-07-27,Production,Female,Black,IC2
e001233,2018-05-21,2018-10-16,Production,Male,White,S3
e001234,2018-05-18,2022-01-21,Administrative,Female,White,IC6
e001235,2018-06-19,2018-10-01,Sales,Female,Asian,S3
e001236,2018-06-21,2023-05-23,Sales,Female,White,IC2
e001237,2018-06-13,2020-11-05,Administrative,Female,Hispanic,S3
e001238,2018-06-28,2022-08-17,Production,Female,Black,M4
e001239,2018-06-04,2023-12-11,Production,Female,Black,M6
e001240,2018-06-18,2022-08-05,Production,Male,Asian,S3
e001241,2018-06-22,2018-11-26,Production,Female,Black,S1
e001242,2018-06-22,2020-02-10,Production,Female,Asian,IC1
e001243,2018-06-04,2023-10-10,Production,Female,Asian,M8
e001244,2018-07-03,2020-11-05,Administrative,Male,Black,IC3
e001245,2018-07-02,2019-04-25,Sales,Female,Hispanic,S1
e001246,2018-07-30,2024-05-09,Administrative,Female,Asian,S3
e001247,2018-07-10,2020-05-26,Sales,Female,Asian,M4
e001248,2018-07-23,2020-08-11,Administrative,Female,Asian,IC3
e001249,2018-07-10,2019-12-31,Sales,Female,Asian,IC1
e001250,2018-07-02,2019-12-31,Sales,Female,White,M4
e001251,2018-07-16,2020-11-11,Sales,Female,White,IC2
e001252,2018-07-16,2018-09-26,Sales,Male,Hispanic,S2
e001253,2018-07-27,2024-04-24,Sales,Female,Hispanic,IC7
e001254,2018-07-10,2021-10-12,Sales,Female,White,IC6
e001255,2018-07-19,2021-12-27,Production,Female,Asian,IC6
e001256,2018-07-10,2023-02-21,Production,Female,Black,S2
e001257,2018-07-11,2020-11-10,Production,Male,Black,IC2
e001258,2018-07-20,2019-04-19,Production,Male,Asian,IC7
e001259,2018-07-24,2018-08-23,Production,Female,Black,S2
e001260,2018-08-15,2023-10-19,Sales,Female,Black,IC4
e001261,2018-08-03,2021-11-12,Production,Male,Hispanic,S1
e001262,2018-08-07,2019-01-14,Administrative,Male,Black,S3
e001263,2018-08-09,2019-10-15,Sales,Male,White,IC1
e001264,2018-08-20,2020-11-23,Administrative,Female,Hispanic,S3
e001265,2018-08-30,2023-10-06,Administrative,Male,Black,IC6
e001266,2018-08-01,2019-12-06,Sales,Female,Hispanic,IC4
e001267,2018-08-13,2020-09-03,Sales,Male,White,IC7
e001268,2018-08-31,2023-12-19,Sales,Male,Hispanic,IC7
e001269,2018-08-24,2022-03-31,Sales,Female,Asian,IC5
e001270,2018-08-09,2020-12-07,Sales,Female,Hispanic,IC3
e001271,2018-08-24,2020-02-07,Administrative,Female,White,S2
e001272,2018-08-06,2021-07-08,Production,Female,Asian,S3
e001273,2018-08-28,2021-05-20,Sales,Female,Hispanic,IC3
e001274,2018-08-23,2020-05-11,Administrative,Male,White,IC5
e001275,2018-08-17,2022-02-08,Administrative,Male,Hispanic,IC1
e001276,2018-08-21,2019-08-02,Production,Female,Hispanic,IC7
e001277,2018-08-30,2020-11-12,Production,Female,Asian,IC1
e001278,2018-08-16,2023-02-01,Sales,Female,Black,IC1
e001279,2018-08-23,2019-03-11,Sales,Male,Black,M8
e001280,2018-08-29,2020-08-12,Administrative,Male,Black,S2
e001281,2018-08-15,2022-08-11,Administrative,Male,Hispanic,M6
e001282,2018-08-30,2020-03-20,Production,Male,White,S1
e001283,2018-08-10,2019-08-30,Administrative,Male,Asian,IC3
e001284,2018-09-05,2020-07-22,Administrative,Female,Hispanic,IC6
e001285,2018-09-25,2021-03-09,Sales,Female,Asian,M5
e001286,2018-09-17,2022-09-09,Production,Male,Hispanic,M4
e001287,2018-09-21,2020-03-24,Sales,Female,Black,IC7
e001288,2018-09-18,2021-04-16,Sales,Female,Asian,IC5
e001289,2018-09-04,2022-02-15,Sales,Male,Hispanic,S2
e001290,2018-09-19,2018-10-16,Sales,Female,Asian,IC5
e001291,2018-09-28,2019-03-19,Administrative,Female,Hispanic,S2
e001292,2018-09-04,2020-05-26,Production,Male,Hispanic,IC1
e001293,2018-09-13,2019-04-03,Sales,Male,White,S2
e001294,2018-09-25,2018-11-28,Production,Male,Black,M4
e001295,2018-09-07,2019-04-08,Administrative,Male,Black,S2
e001296,2018-09-25,2024-02-23,Production,Female,White,IC1
e001297,2018-09-18,2020-04-14,Sales,Male,Asian,M4
e001298,2018-09-17,2021-11-09,Administrative,Male,Asian,S3
e001299,2018-09-10,2023-08-01,Sales,Female,Asian,M5
e001300,2018-09-20,2020-08-04,Production,Female,White,IC3
e001301,2018-09-27,2020-02-28,Sales,Male,Asian,S3
e001302,2018-09-26,2019-07-11,Administrative,Female,Hispanic,IC6
e001303,2018-09-25,2019-11-18,Sales,Male,Hispanic,S1
e001304,2018-09-18,2018-10-25,Administrative,Female,Asian,IC1
e001305,2018-09-14,2022-10-17,Production,Female,Asian,IC4
e001306,2018-09-17,2019-01-28,Sales,Female,Black,IC1
e001307,2018-09-28,2023-03-09,Production,Female,Hispanic,S3
e001308,2018-09-25,2018-10-29,Sales,Male,Hispanic,S1
e001309,2018-09-24,2023-10-16,Production,Female,Black,S2
e001310,2018-09-04,2023-08-03,Production,Male,Black,M4
e001311,2018-10-22,2021-07-20,Sales,Female,Black,M5
e001312,2018-10-04,2018-11-22,Sales,Female,Asian,IC5
e001313,2018-10-05,2021-07-14,Administrative,Female,Hispanic,IC4
e001314,2018-10-10,2019-11-15,Production,Female,Black,IC1
e001315,2018-10-01,2020-01-16,Sales,Male,Asian,IC2
e001316,2018-10-19,2019-10-15,Administrative,Female,Black,M6
e001317,2018-10-03,2021-12-23,Sales,Male,Asian,IC1
e001318,2018-10-02,2020-12-23,Sales,Male,Black,IC1
e001319,2018-10-15,2022-09-06,Sales,Female,Asian,M5
e001320,2018-10-02,2019-04-05,Production,Female,Asian,IC4
e001321,2018-10-18,2019-01-10,Production,Female,Asian,IC3
e001322,2018-10-25,2021-07-05,Sales,Male,Black,IC6
e001323,2018-10-04,2022-12-06,Sales,Male,White,IC7
e001324,2018-10-30,2022-02-23,Sales,Female,White,IC6
e001325,2018-10-12,2019-05-21,Production,Female,Hispanic,IC7
e001326,2018-10-12,2021-04-09,Production,Female,Asian,IC3
e001327,2018-10-31,2020-11-30,Administrative,Female,White,M4
e001328,2018-10-31,2022-10-03,Sales,Female,Asian,S1
e001329,2018-10-18,2023-09-08,Administrative,Male,Hispanic,S2
e001330,2018-10-12,2023-08-29,Production,Female,Asian,IC5
e001331,2018-10-25,2020-03-17,Production,Female,White,S1
e001332,2018-10-04,2020-02-10,Production,Female,White,S3
e001333,2018-10-15,2020-04-21,Production,Male,Asian,IC1
e001334,2018-10-01,2021-10-28,Production,Male,Hispanic,IC5
e001335,2018-10-23,2019-05-29,Production,Female,Asian,M4
e001336,2018-10-26,2020-09-11,Sales,Female,Black,IC5
e001337,2018-11-20,2019-01-24,Production,Male,Black,IC4
e001338,2018-11-27,2022-03-29,Sales,Male,Asian,IC3
e001339,2018-11-02,2022-10-27,Sales,Female,Asian,M5
e001340,2018-11-06,2019-05-22,Administrative,Male,Hispanic,IC5
e001341,2018-11-27,2019-04-09,Administrative,Male,Black,IC6
e001342,2018-11-28,2023-03-24,Sales,Male,White,IC1
e001343,2018-11-21,2023-12-27,Production,Male,Hispanic,IC4
e001344,2018-11-07,2020-11-26,Sales,Female,White,IC2
e001345,2018-11-06,2023-03-22,Sales,Male,Hispanic,IC1
e001346,2018-11-12,2023-02-27,Production,Female,Asian,IC5
e001347,2018-11-05,2023-12-15,Sales,Female,White,IC6
e001348,2018-11-20,2020-05-21,Sales,Male,White,IC8
e001349,2018-11-19,2019-08-13,Sales,Female,Asian,S1
e001350,2018-11-01,2020-07-15,Sales,Female,White,S3
e001351,2018-11-09,2020-08-17,Production,Male,Asian,S2
e001352,2018-11-27,2019-03-08,Sales,Female,White,S2
e001353,2018-11-01,2021-02-04,Sales,Female,White,M5
e001354,2018-11-21,2020-04-07,Production,Female,Asian,IC3
e001355,2018-11-02,2022-10-10,Sales,Female,Hispanic,IC2
e001356,2018-11-26,2020-07-15,Production,Female,White,M5
e001357,2018-11-09,2019-01-16,Production,Male,White,S1
e001358,2018-11-02,2021-10-11,Sales,Female,Asian,M6
e001359,2018-11-15,2023-05-31,Production,Female,Black,IC3
e001360,2018-11-21,2019-01-08,Sales,Male,Asian,IC2
e001361,2018-11-22,2020-02-27,Administrative,Female,Hispanic,IC5
e001362,2018-11-12,2023-04-18,Administrative,Female,Black,S3
e001363,2018-11-14,2022-12-05,Sales,Male,Black,IC6
e001364,2018-11-20,2020-04-07,Sales,Female,Hispanic,IC7
e001365,2018-11-15,,Administrative,Female,Asian,S2
e001366,2018-11-15,2022-06-30,Production,Male,Hispanic,S1
e001367,2018-11-23,2019-11-26,Production,Female,Hispanic,IC3
e001368,2018-11-27,2020-12-30,Sales,Male,Hispanic,IC1
e001369,2018-11-27,2020-09-22,Production,Female,White,IC7
e001370,2018-11-29,2021-11-17,Sales,Female,Asian,S3
e001371,2018-11-15,2024-10-25,Administrative,Female,Asian,IC1
e001372,2018-11-13,2020-03-04,Sales,Male,Asian,S3
e001373,2018-11-07,2020-06-30,Production,Female,Asian,IC3
e001374,2018-11-27,2023-05-19,Sales,Female,White,IC5
e001375,2018-11-12,2020-05-06,Production,Female,Asian,IC1
e001376,2018-11-20,2021-04-23,Production,Male,Black,IC3
e001377,2018-11-26,2020-06-19,Administrative,Female,White,IC4
e001378,2018-11-07,2023-04-10,Administrative,Female,Asian,IC5
e001379,2018-11-07,2021-07-09,Production,Female,White,S2
e001380,2018-11-28,2020-02-18,Sales,Male,Black,IC5
e001381,2018-11-14,2022-02-25,Production,Female,Asian,S1
e001382,2018-11-20,2018-12-24,Sales,Female,Hispanic,S3
e001383,2018-11-02,2019-01-17,Sales,Female,Hispanic,IC5
e001384,2018-11-30,2020-02-07,Administrative,Female,Asian,IC4
e001385,2018-11-02,2023-10-12,Sales,Female,White,IC1
e001386,2018-11-20,2020-09-25,Sales,Male,Asian,IC4
e001387,2018-11-20,2023-03-23,Sales,Female,Black,IC4
e001388,2018-11-14,2020-02-03,Administrative,Female,White,IC5
e001389,2018-11-16,2019-05-13,Sales,Male,Asian,IC4
e001390,2018-11-15,2019-07-04,Sales,Female,Asian,IC7
e001391,2018-11-19,2019-12-30,Production,Female,White,IC7
e001392,2018-11-07,2020-06-17,Production,Female,White,S3
e001393,2018-11-14,2019-10-04,Sales,Female,Hispanic,IC8
e001394,2018-11-28,2021-07-09,Sales,Female,White,IC5
e001395,2018-11-21,2020-07-08,Administrative,Female,Black,S3
e001396,2018-11-13,2018-12-07,Sales,Female,Asian,S2
e001397,2018-11-16,2021-04-07,Administrative,Female,Asian,IC6
e001398,2018-11-05,2021-01-14,Production,Female,Hispanic,IC2
e001399,2018-11-23,2023-08-02,Sales,Male,Black,IC3
e001400,2018-11-23,2022-09-30,Sales,Female,Black,S2
e001401,2018-11-13,2019-02-22,Sales,Female,Hispanic,IC6
e001402,2018-11-30,2019-03-19,Sales,Female,Black,IC4
e001403,2018-11-05,2023-05-18,Production,Female,Black,IC2
e001404,2018-11-05,2019-10-21,Administrative,Male,White,IC4
e001405,2018-11-26,2023-06-21,Administrative,Female,Hispanic,IC3
e001406,2018-11-26,2020-06-26,Administrative,Male,Black,S3
e001407,2018-11-20,2020-05-29,Production,Female,Black,IC7
e001408,2018-11-09,2019-01-03,Production,Female,Hispanic,S3
e001409,2018-11-28,2022-02-21,Production,Male,Black,M4
e001410,2018-11-08,2018-12-14,Sales,Male,Asian,S2
e001411,2018-11-16,2023-03-16,Administrative,Male,White,IC4
e001412,2018-11-16,2020-11-24,Administrative,Male,White,IC7
e001413,2018-11-19,2020-05-12,Sales,Female,Black,IC1
e001414,2018-11-01,2023-02-28,Production,Male,White,S1
e001415,2018-11-12,2023-08-01,Administrative,Female,Asian,S3
e001416,2018-11-06,2020-03-19,Administrative,Male,White,M4
e001417,2018-11-12,2022-02-23,Administrative,Female,Asian,IC1
e001418,2018-11-27,2024-10-16,Sales,Male,Black,IC5
e001419,2018-11-29,2020-09-08,Production,Female,Black,M5
e001420,2018-11-19,,Sales,Female,Hispanic,IC8
e001421,2018-12-21,2019-04-02,Production,Female,Asian,IC6
e001422,2018-12-17,2019-03-06,Administrative,Female,Black,IC9
e001423,2018-12-05,2023-05-24,Administrative,Female,Black,S1
e001424,2018-12-12,2021-10-13,Sales,Female,Black,IC2
e001425,2018-12-27,2022-08-17,Production,Female,Asian,S2
e001426,2018-12-05,2022-08-15,Production,Male,Black,IC5
e001427,2018-12-05,2019-10-03,Sales,Male,Hispanic,IC3
e001428,2018-12-05,2019-02-18,Production,Female,White,M5
e001429,2018-12-31,2019-10-31,Production,Male,Asian,IC5
e001430,2018-12-28,2022-08-29,Production,Male,White,S3
e001431,2018-12-20,2023-03-21,Sales,Male,Asian,IC1
e001432,2018-12-11,2019-10-29,Administrative,Female,Black,IC6
e001433,2018-12-28,2023-12-14,Administrative,Female,Hispanic,IC3
e001434,2018-12-11,2019-07-19,Production,Female,Black,S2
e001435,2018-12-11,2019-02-19,Administrative,Male,Asian,IC9
e001436,2018-12-21,2023-09-06,Sales,Male,Asian,S2
e001437,2018-12-31,2020-05-15,Production,Female,Hispanic,IC6
e001438,2018-12-04,2022-02-08,Production,Female,Asian,IC2
e001439,2018-12-05,2020-01-13,Administrative,Female,Asian,S2
e001440,2018-12-28,2023-11-10,Administrative,Female,White,IC1
e001441,2018-12-28,2023-06-05,Sales,Male,Asian,S2
e001442,2018-12-03,2020-11-17,Sales,Male,White,IC4
e001443,2018-12-21,2023-12-21,Production,Male,White,IC2
e001444,2018-12-05,2020-05-25,Production,Male,Asian,IC1
e001445,2018-12-25,2021-11-02,Sales,Male,White,M5
e001446,2018-12-19,2020-08-28,Administrative,Female,Asian,S3
e001447,2018-12-27,2019-08-15,Sales,Male,Hispanic,S2
e001448,2018-12-14,2020-06-25,Production,Male,Black,S3
e001449,2018-12-13,2022-12-22,Sales,Male,Asian,IC7
e001450,2018-12-20,2021-10-13,Sales,Male,Hispanic,M5
e001451,2018-12-26,2023-11-09,Sales,Male,Asian,IC7
e001452,2018-12-04,2023-12-06,Sales,Female,White,IC2
e001453,2018-12-18,2023-10-09,Sales,Female,Asian,S2
e001454,2018-12-11,2020-12-21,Production,Female,Black,IC6
e001455,2018-12-27,2024-09-24,Sales,Male,White,S2
e001456,2018-12-14,2021-12-09,Administrative,Female,White,IC2
e001457,2018-12-26,2021-07-21,Sales,Female,Asian,IC6
e001458,2018-12-24,2020-01-16,Production,Female,Asian,S1
e001459,2018-12-07,2023-09-06,Administrative,Female,Asian,IC5
e001460,2018-12-11,2020-04-02,Production,Female,Hispanic,S2
e001461,2018-12-27,2019-07-12,Sales,Male,Asian,M6
e001462,2018-12-21,2019-01-23,Administrative,Male,Black,S3
e001463,2018-12-13,2019-10-01,Production,Female,Asian,IC2
e001464,2018-12-03,2020-02-14,Production,Male,Black,S1
e001465,2018-12-19,2020-11-13,Sales,Male,Hispanic,IC9
e001466,2018-12-11,2022-08-25,Production,Female,White,S3
e001467,2018-12-21,2020-02-05,Administrative,Male,Asian,IC6
e001468,2018-12-03,2019-09-06,Production,Female,Asian,M7
e001469,2018-12-26,2024-05-14,Sales,Female,Hispanic,IC6
e001470,2018-12-04,2024-04-29,Sales,Female,Asian,IC3
e001471,2018-12-04,2019-01-09,Sales,Male,Hispanic,S2
e001472,2018-12-27,2023-07-05,Sales,Female,Hispanic,S2
e001473,2018-12-13,2019-05-24,Sales,Female,Hispanic,IC5
e001474,2018-12-27,2020-05-27,Production,Male,White,S2
e001475,2018-12-14,2020-01-06,Production,Female,Black,IC3
e001476,2018-12-03,2020-01-10,Administrative,Male,Asian,S1
e001477,2018-12-04,2019-12-05,Production,Female,Hispanic,S3
e001478,2018-12-21,2020-06-17,Sales,Female,Black,IC6
e001479,2018-12-14,2019-10-01,Administrative,Female,Asian,IC8
e001480,2018-12-31,2023-04-13,Sales,Female,Asian,S3
e001481,2018-12-27,2019-09-02,Production,Female,Asian,S1
e001482,2018-12-12,2019-03-14,Administrative,Male,White,IC1
e001483,2018-12-26,2019-04-11,Sales,Female,Black,IC1
e001484,2018-12-05,2020-08-06,Administrative,Female,Asian,S1
e001485,2018-12-18,2023-08-14,Sales,Female,White,IC1
e001486,2019-01-18,2020-08-18,Sales,Female,White,S3
e001487,2019-01-04,2020-02-28,Sales,Female,White,IC6
e001488,2019-01-25,2020-01-29,Production,Male,White,IC5
e001489,2019-01-08,2019-08-13,Sales,Female,Hispanic,M6
e001490,2019-01-18,2023-03-24,Sales,Male,White,IC6
e001491,2019-01-16,2020-08-20,Production,Female,Asian,S2
e001492,2019-01-21,2020-03-24,Sales,Male,Asian,IC4
e001493,2019-01-11,2019-03-01,Production,Female,Asian,S1
e001494,2019-01-08,2020-01-06,Production,Female,White,S3
e001495,2019-01-03,2023-02-23,Sales,Male,Asian,IC2
e001496,2019-01-30,2021-05-10,Production,Female,Hispanic,IC6
e001497,2019-01-17,2022-03-17,Production,Female,Hispanic,IC5
e001498,2019-01-09,2020-12-11,Administrative,Female,Black,M4
e001499,2019-01-14,2020-09-08,Administrative,Female,Black,IC2
e001500,2019-01-29,2023-07-05,Administrative,Male,White,IC2
e001501,2019-01-31,2023-02-07,Sales,Female,White,M4
e001502,2019-01-07,2019-11-27,Sales,Male,Hispanic,M8
e001503,2019-01-24,2020-03-20,Sales,Male,White,S3
e001504,2019-01-04,2023-08-29,Sales,Female,Asian,IC7
e001505,2019-01-16,2024-02-15,Production,Male,Asian,IC3
e001506,2019-01-01,2021-05-07,Sales,Female,Asian,S3
e001507,2019-01-02,2020-11-20,Production,Male,Black,M5
e001508,2019-01-07,2020-03-30,Sales,Female,Asian,IC4
e001509,2019-01-23,2019-04-23,Administrative,Male,Asian,IC2
e001510,2019-01-17,2023-02-08,Sales,Male,Black,IC4
e001511,2019-01-07,2024-10-17,Sales,Female,White,S3
e001512,2019-01-24,2020-05-05,Administrative,Female,Asian,S3
e001513,2019-01-11,2020-05-05,Administrative,Male,Black,IC6
e001514,2019-01-16,2021-09-17,Sales,Female,Asian,IC4
e001515,2019-01-02,2021-09-16,Administrative,Female,Hispanic,M4
e001516,2019-01-07,2021-07-27,Sales,Male,Hispanic,IC3
e001517,2019-01-30,2020-12-01,Sales,Female,Asian,IC1
e001518,2019-01-01,2020-05-19,Administrative,Male,Black,IC1
e001519,2019-01-21,2020-03-31,Administrative,Male,Asian,S2
e001520,2019-01-29,2019-12-10,Administrative,Male,White,IC6
e001521,2019-01-08,2024-01-04,Sales,Female,White,IC3
e001522,2019-01-30,2020-01-09,Sales,Female,Hispanic,IC5
e001523,2019-01-18,2024-01-29,Production,Female,Black,IC3
e001524,2019-01-29,2020-09-25,Sales,Female,Black,S2
e001525,2019-01-30,2020-02-10,Sales,Male,Asian,IC3
e001526,2019-01-10,2023-12-11,Sales,Female,White,S1
e001527,2019-01-03,2023-09-13,Sales,Female,Black,IC7
e001528,2019-01-16,2021-12-06,Sales,Male,Hispanic,M5
e001529,2019-01-07,2019-04-22,Administrative,Male,Asian,IC4
e001530,2019-01-07,2019-09-06,Administrative,Male,Black,IC3
e001531,2019-01-08,2021-03-15,Production,Male,Asian,IC1
e001532,2019-01-08,2024-07-18,Sales,Female,Asian,M4
e001533,2019-01-08,2021-11-05,Administrative,Female,Asian,IC1
e001534,2019-01-02,2019-09-24,Administrative,Male,Asian,IC4
e001535,2019-01-17,2020-05-13,Sales,Female,Asian,IC3
e001536,2019-01-14,2020-04-03,Administrative,Female,Black,IC7
e001537,2019-01-14,2020-06-12,Production,Female,Black,M4
e001538,2019-01-24,2020-03-26,Administrative,Female,Black,IC1
e001539,2019-02-18,2019-12-17,Administrative,Female,Hispanic,IC4
e001540,2019-02-26,2020-05-07,Sales,Male,Asian,IC7
e001541,2019-02-15,2022-02-04,Production,Male,Black,IC7
e001542,2019-02-01,2020-12-18,Production,Female,Asian,IC2
e001543,2019-02-04,2020-07-14,Administrative,Male,White,M5
e001544,2019-02-08,2023-06-06,Sales,Male,Hispanic,IC4
e001545,2019-02-28,2020-06-23,Administrative,Female,Hispanic,S2
e001546,2019-02-26,2019-04-10,Sales,Male,Hispanic,IC2
e001547,2019-02-06,2024-09-27,Sales,Female,Asian,M6
e001548,2019-02-07,2019-09-12,Administrative,Female,White,IC1
e001549,2019-02-22,2022-02-07,Sales,Female,Asian,IC5
e001550,2019-02-19,2023-05-04,Administrative,Female,Asian,S1
e001551,2019-02-28,2023-09-21,Production,Male,Hispanic,IC2
e001552,2019-02-19,2020-08-13,Production,Male,Hispanic,S3
e001553,2019-02-26,2023-02-07,Administrative,Male,Hispanic,IC5
e001554,2019-02-08,2021-04-23,Administrative,Male,Hispanic,IC3
e001555,2019-02-11,2022-06-09,Administrative,Female,Asian,M5
e001556,2019-02-11,2024-04-03,Production,Male,White,M4
e001557,2019-02-07,2023-08-24,Administrative,Male,Hispanic,IC6
e001558,2019-02-19,2021-05-14,Administrative,Female,Asian,IC5
e001559,2019-02-14,2023-10-23,Production,Female,Asian,IC5
e001560,2019-02-28,2023-10-27,Production,Female,Asian,S2
e001561,2019-02-12,2023-11-02,Administrative,Male,White,IC1
e001562,2019-02-08,2020-02-14,Administrative,Female,Asian,S2
e001563,2019-02-21,2021-02-17,Sales,Male,Black,S3
e001564,2019-02-06,2024-01-26,Administrative,Female,Black,IC4
e001565,2019-02-14,2023-02-13,Production,Female,Asian,IC5
e001566,2019-02-25,2019-10-16,Production,Female,Asian,S3
e001567,2019-02-26,2020-09-10,Administrative,Female,Black,IC8
e001568,2019-02-08,2020-11-02,Sales,Male,Asian,IC2
e001569,2019-02-28,2023-09-07,Sales,Male,Hispanic,IC1
e001570,2019-02-18,2023-02-21,Sales,Male,Hispanic,IC3
e001571,2019-02-26,2019-04-01,Production,Male,Hispanic,IC3
e001572,2019-02-21,2021-10-14,Sales,Female,White,S3
e001573,2019-02-21,2023-02-21,Sales,Male,Hispanic,IC7
e001574,2019-02-18,2021-12-13,Sales,Female,White,S3
e001575,2019-02-12,2020-04-30,Administrative,Female,Black,IC4
e001576,2019-02-13,2020-11-30,Administrative,Male,Asian,S1
e001577,2019-02-28,2021-07-13,Sales,Female,Hispanic,IC1
e001578,2019-02-01,2021-11-03,Sales,Female,Hispanic,IC7
e001579,2019-02-19,,Administrative,Female,White,IC2
e001580,2019-02-13,2020-06-03,Administrative,Male,Hispanic,S3
e001581,2019-02-06,2020-05-22,Production,Male,Hispanic,M6
e001582,2019-02-11,2020-06-26,Administrative,Male,White,IC2
e001583,2019-02-28,2020-02-25,Sales,Male,Asian,IC6
e001584,2019-02-04,2020-05-25,Production,Male,Black,IC4
e001585,2019-02-01,2022-01-13,Production,Female,Black,S1
e001586,2019-02-15,2022-09-27,Production,Female,Hispanic,IC5
e001587,2019-02-08,2019-10-22,Sales,Female,Asian,IC2
e001588,2019-02-22,2019-10-23,Sales,Male,White,S2
e001589,2019-02-01,2021-12-23,Administrative,Male,Hispanic,IC3
e001590,2019-02-19,2019-10-15,Production,Male,Asian,IC1
e001591,2019-02-20,2020-11-20,Administrative,Male,White,S3
e001592,2019-02-21,2023-06-07,Production,Male,Black,IC4
e001593,2019-02-18,2019-08-19,Production,Female,White,S2
e001594,2019-02-22,2020-09-24,Sales,Female,Black,IC8
e001595,2019-02-18,2020-11-13,Administrative,Female,Asian,IC3
e001596,2019-02-25,2019-03-26,Sales,Female,Hispanic,IC4
e001597,2019-02-06,2020-05-25,Production,Female,Hispanic,S2
e001598,2019-02-06,2023-02-27,Production,Female,White,S3
e001599,2019-02-13,2020-03-10,Administrative,Male,Hispanic,IC1
e001600,2019-02-18,2022-08-24,Sales,Female,Asian,S1
e001601,2019-02-11,2020-08-13,Production,Female,Asian,IC9
e001602,2019-02-13,2019-05-27,Administrative,Female,White,IC2
e001603,2019-02-28,2020-11-06,Production,Female,Asian,S1
e001604,2019-02-18,2023-10-26,Production,Female,White,S1
e001605,2019-02-06,2024-04-19,Sales,Female,Hispanic,IC2
e001606,2019-02-05,2019-07-22,Production,Male,Asian,M4
e001607,2019-02-06,2023-09-11,Administrative,Male,Asian,S3
e001608,2019-02-05,2022-02-01,Sales,Female,Hispanic,S1
e001609,2019-02-08,2022-02-28,Administrative,Male,Asian,IC4
e001610,2019-02-18,2023-12-01,Sales,Female,White,S1
e001611,2019-02-05,2022-02-14,Sales,Female,Hispanic,M5
e001612,2019-02-14,2019-05-15,Sales,Female,Black,IC6
e001613,2019-02-21,2021-10-22,Production,Female,Hispanic,S1
e001614,2019-02-20,2020-07-10,Sales,Male,Black,S2
e001615,2019-03-25,2020-02-19,Administrative,Male,Hispanic,S1
e001616,2019-03-19,2020-11-20,Sales,Male,Black,S1
e001617,2019-03-26,2020-05-13,Administrative,Male,Asian,IC4
e001618,2019-03-07,2020-06-30,Sales,Male,Black,IC7
e001619,2019-03-19,2024-04-22,Production,Male,White,S3
e001620,2019-03-21,2019-10-23,Sales,Male,White,IC3
e001621,2019-03-01,2020-02-19,Administrative,Female,Asian,IC6
e001622,2019-03-06,2020-12-10,Sales,Female,White,M4
e001623,2019-03-22,2020-03-05,Production,Male,Asian,IC2
e001624,2019-03-21,2019-05-15,Production,Female,Asian,IC3
e001625,2019-03-04,2021-05-17,Production,Female,Black,IC4
e001626,2019-03-08,2019-11-28,Sales,Male,Black,IC1
e001627,2019-03-06,2024-01-08,Administrative,Male,Black,IC7
e001628,2019-03-06,2024-02-23,Production,Female,White,IC1
e001629,2019-03-22,2019-10-11,Production,Male,Hispanic,IC3
e001630,2019-03-13,2022-02-10,Sales,Male,Asian,IC4
e001631,2019-03-08,2023-09-07,Sales,Male,Asian,IC7
e001632,2019-03-14,2024-03-01,Sales,Female,Black,IC4
e001633,2019-03-26,2020-07-22,Sales,Female,White,IC5
e001634,2019-03-08,2023-02-14,Production,Female,White,IC3
e001635,2019-03-20,2023-02-23,Administrative,Male,Asian,S1
e001636,2019-03-18,2020-08-28,Production,Female,Black,M4
e001637,2019-03-29,2024-03-14,Administrative,Male,Black,IC6
e001638,2019-03-21,2023-08-30,Administrative,Female,Hispanic,IC4
e001639,2019-03-28,2020-12-17,Administrative,Male,Asian,IC2
e001640,2019-03-05,2019-10-31,Production,Female,Hispanic,IC2
e001641,2019-03-18,2019-04-11,Production,Male,Hispanic,S3
e001642,2019-03-04,2020-05-21,Administrative,Male,Hispanic,IC2
e001643,2019-03-22,2020-12-02,Administrative,Male,White,S2
e001644,2019-03-15,2021-07-01,Sales,Male,Hispanic,M8
e001645,2019-03-01,2020-08-05,Production,Male,Black,IC4
e001646,2019-03-21,2019-07-12,Sales,Female,Hispanic,M4
e001647,2019-03-22,2019-10-01,Sales,Female,Asian,S3
e001648,2019-03-14,2023-04-24,Sales,Female,Hispanic,IC5
e001649,2019-03-20,2019-10-22,Production,Female,Asian,M8
e001650,2019-03-12,2021-12-13,Sales,Female,Black,S3
e001651,2019-03-01,2020-09-28,Sales,Male,White,IC6
e001652,2019-03-15,2020-02-17,Sales,Female,White,IC3
e001653,2019-03-29,2020-03-18,Production,Male,Asian,M4
e001654,2019-03-12,2020-01-09,Production,Female,White,IC1
e001655,2019-03-28,2022-10-31,Sales,Female,Hispanic,IC6
e001656,2019-03-12,2023-12-15,Administrative,Female,White,IC5
e001657,2019-03-27,2021-07-06,Administrative,Female,Asian,IC2
e001658,2019-03-11,2022-02-03,Administrative,Female,White,M5
e001659,2019-03-04,2022-12-19,Sales,Male,Black,M5
e001660,2019-03-15,2020-01-14,Sales,Male,Asian,M4
e001661,2019-03-25,2022-02-10,Sales,Female,White,IC1
e001662,2019-03-19,2020-11-10,Administrative,Male,Asian,S1
e001663,2019-04-08,2021-12-30,Sales,Male,Asian,IC3
e001664,2019-04-09,2020-01-20,Production,Female,Asian,IC3
e001665,2019-04-30,2021-12-29,Administrative,Male,Asian,IC6
e001666,2019-04-03,2019-10-28,Sales,Female,Asian,S1
e001667,2019-04-03,2019-10-15,Production,Female,Black,IC2
e001668,2019-04-01,2022-03-18,Sales,Male,Asian,S2
e001669,2019-04-12,2020-05-25,Sales,Female,Hispanic,IC6
e001670,2019-04-24,2020-09-03,Production,Female,Asian,IC3
e001671,2019-04-10,2023-06-21,Sales,Female,Asian,IC3
e001672,2019-04-23,2022-06-01,Administrative,Female,Hispanic,IC1
e001673,2019-04-23,2019-07-16,Administrative,Female,Asian,M8
e001674,2019-04-08,2021-10-11,Sales,Female,Black,M7
e001675,2019-04-26,2024-02-08,Production,Female,Asian,IC6
e001676,2019-04-09,2021-11-08,Sales,Female,Black,S3
e001677,2019-04-12,2022-01-13,Production,Male,Asian,IC2
e001678,2019-04-08,2020-02-10,Administrative,Female,Hispanic,S3
e001679,2019-04-11,2021-05-28,Sales,Female,Black,IC7
e001680,2019-04-05,2023-02-07,Production,Female,Asian,S3
e001681,2019-04-02,2019-11-25,Production,Female,Hispanic,IC2
e001682,2019-04-18,2020-08-06,Production,Female,Asian,IC4
e001683,2019-04-15,2020-11-09,Administrative,Female,Black,IC3
e001684,2019-04-23,2020-02-18,Sales,Female,White,S2
e001685,2019-04-25,2022-03-07,Production,Female,White,IC5
e001686,2019-04-22,2021-01-18,Production,Female,Black,S2
e001687,2019-04-02,2019-08-16,Administrative,Female,Black,IC1
e001688,2019-04-26,2022-08-19,Production,Female,Black,M5
e001689,2019-04-15,2020-05-18,Sales,Female,Asian,IC1
e001690,2019-04-05,2022-02-09,Administrative,Male,Asian,IC4
e001691,2019-04-30,2022-02-09,Sales,Male,Hispanic,IC4
e001692,2019-04-23,2020-11-27,Sales,Female,Asian,S1
e001693,2019-04-03,2021-03-01,Administrative,Female,Asian,IC1
e001694,2019-04-08,2020-03-20,Sales,Male,Asian,S3
e001695,2019-04-18,2023-02-22,Production,Female,Asian,IC4
e001696,2019-04-23,2020-01-29,Administrative,Female,Asian,IC7
e001697,2019-04-22,2022-02-24,Administrative,Male,White,IC2
e001698,2019-04-22,2021-11-15,Sales,Female,Asian,IC4
e001699,2019-04-10,2020-06-03,Sales,Male,Asian,IC5
e001700,2019-04-23,2023-02-24,Administrative,Male,Asian,IC1
e001701,2019-04-10,2020-12-04,Administrative,Female,Asian,M6
e001702,2019-04-15,2023-08-24,Sales,Male,Black,S3
e001703,2019-04-04,2022-12-28,Production,Female,Hispanic,S1
e001704,2019-04-23,2022-12-26,Sales,Female,Asian,IC4
e001705,2019-04-10,2021-12-31,Administrative,Male,Asian,IC4
e001706,2019-04-19,2019-12-11,Production,Male,White,IC5
e001707,2019-04-04,2023-03-24,Administrative,Female,White,IC7
e001708,2019-04-01,2020-06-22,Production,Female,Hispanic,IC3
e001709,2019-04-15,2022-10-07,Production,Female,Hispanic,IC3
e001710,2019-04-26,,Sales,Male,Asian,M4
e001711,2019-04-04,2023-04-21,Production,Male,Asian,M4
e001712,2019-04-03,2023-11-01,Production,Female,White,IC1
e001713,2019-04-04,2019-12-03,Sales,Male,Hispanic,S1
e001714,2019-04-26,2021-10-15,Sales,Male,Asian,S3
e001715,2019-04-29,2023-10-23,Administrative,Male,Black,S1
e001716,2019-04-30,2020-01-08,Production,Male,White,IC4
e001717,2019-04-24,2021-05-21,Sales,Male,Asian,S1
e001718,2019-04-11,2024-04-16,Production,Male,Hispanic,S3
e001719,2019-04-17,2021-07-13,Administrative,Female,White,IC3
e001720,2019-04-02,2023-10-10,Sales,Male,White,IC6
e001721,2019-04-24,2019-09-26,Administrative,Female,Hispanic,IC5
e001722,2019-04-16,2020-05-21,Administrative,Female,Asian,S2
e001723,2019-04-17,2019-10-02,Sales,Female,Asian,S1
e001724,2019-04-12,2020-01-10,Sales,Female,Asian,S2
e001725,2019-04-10,2020-06-09,Administrative,Female,Black,IC7
e001726,2019-04-15,2020-01-14,Administrative,Male,White,IC4
e001727,2019-04-19,2020-07-31,Administrative,Female,Hispanic,IC8
e001728,2019-04-05,2019-10-18,Administrative,Male,Asian,IC5
e001729,2019-04-09,2019-05-03,Production,Female,Asian,IC1
e001730,2019-04-10,2021-04-28,Production,Male,Asian,IC5
e001731,2019-04-23,2023-12-21,Sales,Male,Asian,S3
e001732,2019-04-04,2020-01-24,Production,Female,White,S1
e001733,2019-04-24,2020-06-25,Administrative,Male,Black,IC3
e001734,2019-04-02,2020-01-22,Administrative,Male,Asian,IC5
e001735,2019-04-11,2020-07-27,Production,Male,Hispanic,S1
e001736,2019-04-25,2020-05-25,Administrative,Female,Hispanic,M4
e001737,2019-04-16,2023-08-31,Production,Female,Black,IC1
e001738,2019-04-12,2023-05-23,Sales,Male,Asian,IC6
e001739,2019-04-26,2023-03-22,Administrative,Male,White,IC2
e001740,2019-04-16,2020-03-20,Administrative,Female,Hispanic,S1
e001741,2019-04-01,2023-06-22,Sales,Male,Asian,IC1
e001742,2019-04-19,2020-02-26,Sales,Male,Hispanic,IC4
e001743,2019-04-08,2021-04-14,Production,Female,Asian,IC1
e001744,2019-04-01,2021-10-15,Administrative,Male,Asian,S2
e001745,2019-04-05,2022-08-03,Sales,Female,Black,IC1
e001746,2019-04-09,2020-09-22,Sales,Female,Asian,IC3
e001747,2019-04-29,2021-05-11,Production,Female,Asian,M6
e001748,2019-04-01,2021-12-10,Administrative,Male,Hispanic,M5
e001749,2019-04-22,2020-02-20,Administrative,Male,Asian,IC7
e001750,2019-04-15,2023-03-20,Administrative,Female,Black,S1
e001751,2019-05-16,2023-10-03,Administrative,Male,Asian,M7
e001752,2019-05-31,2020-01-01,Administrative,Male,Hispanic,M4
e001753,2019-05-09,2020-09-29,Administrative,Male,Black,S1
e001754,2019-05-23,2020-03-25,Administrative,Male,White,IC4
e001755,2019-05-02,2019-10-10,Administrative,Female,Asian,IC7
e001756,2019-05-17,2023-08-29,Sales,Female,Asian,M5
e001757,2019-05-24,2023-05-04,Production,Female,White,M4
e001758,2019-05-10,2020-03-04,Administrative,Female,Asian,M4
e001759,2019-05-14,2021-11-26,Production,Female,Hispanic,IC3
e001760,2019-05-02,2023-09-06,Production,Female,White,IC2
e001761,2019-05-29,2022-10-26,Administrative,Female,Asian,M4
e001762,2019-05-08,2020-08-28,Administrative,Male,White,S1
e001763,2019-05-08,2021-02-12,Sales,Male,Black,IC3
e001764,2019-05-24,2021-03-04,Sales,Female,Black,IC2
e001765,2019-05-16,2021-12-29,Sales,Male,Black,IC5
e001766,2019-05-15,2021-07-21,Production,Male,Black,IC2
e001767,2019-05-01,2023-09-12,Sales,Female,Asian,IC5
e001768,2019-05-15,2019-09-23,Sales,Female,Hispanic,IC7
e001769,2019-05-28,2019-09-20,Sales,Female,White,IC4
e001770,2019-05-28,2021-03-02,Sales,Female,Black,IC6
e001771,2019-05-22,2023-02-09,Production,Female,Hispanic,IC1
e001772,2019-05-09,2020-08-24,Sales,Female,Asian,IC9
e001773,2019-05-09,2023-06-20,Administrative,Male,Asian,IC8
e001774,2019-05-08,2022-02-28,Administrative,Female,White,S1
e001775,2019-05-17,2024-10-25,Sales,Female,Asian,IC2
e001776,2019-05-09,2020-02-13,Sales,Female,Asian,IC1
e001777,2019-05-31,2020-06-17,Administrative,Female,Asian,IC1
e001778,2019-05-06,2023-09-04,Production,Female,Hispanic,IC5
e001779,2019-05-02,2020-03-09,Administrative,Female,Asian,S1
e001780,2019-05-08,2023-09-25,Sales,Female,Black,M4
e001781,2019-05-24,2023-12-28,Sales,Male,Hispanic,M5
e001782,2019-05-24,2021-04-22,Sales,Female,Black,IC5
e001783,2019-05-24,2020-09-24,Sales,Female,Asian,IC5
e001784,2019-05-06,2022-03-28,Administrative,Male,White,IC1
e001785,2019-05-10,2020-02-20,Administrative,Female,Black,IC7
e001786,2019-05-22,2020-03-26,Administrative,Male,Asian,IC6
e001787,2019-05-23,2019-08-19,Administrative,Female,Hispanic,M6
e001788,2019-05-30,2020-11-13,Sales,Female,Hispanic,M6
e001789,2019-05-16,2021-07-13,Administrative,Male,Hispanic,IC3
e001790,2019-05-29,2019-09-19,Production,Male,Asian,S1
e001791,2019-05-17,2020-02-07,Production,Female,Asian,IC2
e001792,2019-05-14,2021-07-23,Administrative,Female,Asian,M4
e001793,2019-05-14,2021-10-11,Production,Female,White,IC3
e001794,2019-05-08,2019-11-25,Production,Male,Asian,IC2
e001795,2019-05-27,2022-09-15,Sales,Female,Asian,IC3
e001796,2019-05-10,2023-09-28,Sales,Female,White,IC4
e001797,2019-06-17,2019-09-02,Administrative,Male,Black,S2
e001798,2019-06-24,2020-08-03,Sales,Male,Black,IC4
e001799,2019-06-13,2019-10-28,Administrative,Male,Black,IC2
e001800,2019-06-17,2023-08-24,Administrative,Male,Black,IC3
e001801,2019-06-17,2022-09-09,Production,Male,Black,IC3
e001802,2019-06-24,2024-04-15,Sales,Male,White,S2
e001803,2019-06-04,2023-05-04,Production,Female,Asian,IC6
e001804,2019-06-10,2021-02-23,Production,Male,Asian,IC6
e001805,2019-06-04,2020-01-02,Sales,Female,Asian,IC1
e001806,2019-06-12,2023-05-05,Sales,Female,White,S1
e001807,2019-06-27,2022-10-28,Sales,Female,Asian,S1
e001808,2019-06-27,2022-12-12,Sales,Female,Black,S3
e001809,2019-06-04,2022-02-01,Administrative,Female,Black,S2
e001810,2019-06-28,2019-10-28,Production,Female,Hispanic,IC4
e001811,2019-06-10,2021-10-19,Production,Female,Hispanic,IC6
e001812,2019-06-17,2020-03-25,Sales,Female,Asian,S2
e001813,2019-06-18,,Administrative,Male,Black,IC8
e001814,2019-06-07,2023-12-13,Production,Male,White,S3
e001815,2019-06-20,2019-07-15,Sales,Female,Hispanic,M4
e001816,2019-06-26,2020-08-26,Administrative,Male,Asian,M6
e001817,2019-06-10,2020-02-18,Production,Female,Black,IC3
e001818,2019-06-13,2024-03-29,Administrative,Female,Asian,IC3
e001819,2019-06-25,2021-07-22,Administrative,Male,Asian,S1
e001820,2019-06-24,2024-04-12,Administrative,Female,White,M6
e001821,2019-06-25,2021-10-07,Sales,Male,Asian,IC6
e001822,2019-06-12,2021-11-26,Administrative,Female,Hispanic,IC2
e001823,2019-06-10,2023-06-22,Administrative,Male,Asian,IC2
e001824,2019-06-05,2020-01-28,Sales,Male,White,S1
e001825,2019-06-07,2019-10-25,Production,Female,Black,IC5
e001826,2019-06-19,2022-08-05,Sales,Female,White,IC5
e001827,2019-06-20,2019-07-24,Sales,Female,White,S1
e001828,2019-06-03,2023-02-14,Production,Male,Asian,S1
e001829,2019-06-27,2019-10-31,Administrative,Female,Hispanic,IC3
e001830,2019-06-24,2022-02-18,Administrative,Female,Black,IC2
e001831,2019-06-11,2023-04-18,Administrative,Female,Black,IC1
e001832,2019-06-19,2020-02-13,Production,Female,Hispanic,IC2
e001833,2019-06-17,2021-12-22,Production,Female,White,S1
e001834,2019-06-04,2021-04-13,Sales,Male,Asian,IC2
e001835,2019-06-28,2022-09-22,Administrative,Male,Black,IC6
e001836,2019-06-04,2020-08-18,Production,Female,Asian,IC2
e001837,2019-06-14,2021-04-13,Production,Male,Asian,IC1
e001838,2019-06-05,2023-11-14,Sales,Male,Asian,IC2
e001839,2019-06-18,2019-10-23,Administrative,Male,Black,M6
e001840,2019-06-28,2019-10-21,Sales,Female,White,S2
e001841,2019-06-25,2023-03-13,Administrative,Female,Asian,M4
e001842,2019-06-11,2020-02-26,Production,Female,Black,S3
e001843,2019-06-05,2020-05-27,Production,Male,Hispanic,IC5
e001844,2019-06-06,2019-09-19,Sales,Female,Asian,S1
e001845,2019-06-04,2022-08-11,Administrative,Female,Asian,M4
e001846,2019-06-06,2019-10-02,Production,Female,Black,IC5
e001847,2019-06-07,2020-12-10,Sales,Female,White,IC3
e001848,2019-06-26,2020-03-19,Production,Female,Hispanic,S1
e001849,2019-06-20,2023-10-06,Production,Female,Asian,IC1
e001850,2019-06-19,2021-10-01,Production,Male,Asian,IC7
e001851,2019-06-05,2020-12-25,Sales,Male,Black,M6
e001852,2019-06-24,2021-07-14,Administrative,Female,White,S1
e001853,2019-06-06,2023-11-10,Administrative,Female,White,IC8
e001854,2019-06-03,2019-10-16,Administrative,Female,Hispanic,S2
e001855,2019-06-12,2021-10-26,Sales,Female,White,S2
e001856,2019-06-12,2023-10-19,Administrative,Male,Black,S1
e001857,2019-06-28,2021-04-01,Administrative,Female,Asian,IC3
e001858,2019-06-18,2023-05-01,Administrative,Female,White,S1
e001859,2019-06-19,2023-05-11,Administrative,Male,Asian,IC1
e001860,2019-06-27,2023-02-28,Administrative,Female,Hispanic,IC2
e001861,2019-06-05,2023-05-02,Production,Female,White,S2
e001862,2019-06-21,2021-12-28,Sales,Female,White,S2
e001863,2019-06-17,2022-02-22,Administrative,Female,Hispanic,S1
e001864,2019-06-19,2023-02-10,Administrative,Female,Asian,IC1
e001865,2019-06-20,2023-02-22,Production,Male,White,S2
e001866,2019-06-25,2024-03-19,Production,Male,Asian,IC2
e001867,2019-06-13,2021-05-19,Sales,Female,Hispanic,M4
e001868,2019-06-27,2021-11-08,Production,Male,White,IC4
e001869,2019-06-05,2023-12-01,Production,Male,Asian,IC4
e001870,2019-06-20,2020-01-07,Administrative,Female,Asian,S3
e001871,2019-06-12,2020-03-05,Sales,Female,Hispanic,IC2
e001872,2019-06-04,2021-12-30,Sales,Female,Asian,IC2
e001873,2019-06-12,2020-09-18,Sales,Female,Asian,IC2
e001874,2019-06-11,2020-11-10,Administrative,Female,Black,S2
e001875,2019-06-27,2020-12-09,Administrative,Male,Hispanic,S2
e001876,2019-06-24,2023-03-01,Production,Female,White,S3
e001877,2019-06-19,2022-09-09,Sales,Female,Asian,IC7
e001878,2019-06-10,2022-01-03,Administrative,Female,Asian,IC6
e001879,2019-06-25,2022-08-03,Sales,Female,White,IC2
e001880,2019-06-20,2020-12-17,Sales,Female,Black,IC3
e001881,2019-06-10,2023-02-22,Sales,Male,Asian,IC2
e001882,2019-06-26,2020-03-18,Administrative,Female,Asian,IC1
e001883,2019-06-04,2021-07-29,Sales,Male,Asian,IC1
e001884,2019-07-09,2022-02-07,Production,Male,Hispanic,S2
e001885,2019-07-29,2023-02-28,Production,Female,Asian,IC2
e001886,2019-07-29,2020-04-08,Production,Female,White,IC4
e001887,2019-07-18,2022-12-15,Production,Male,White,IC7
e001888,2019-07-22,2020-11-27,Sales,Male,Asian,IC2
e001889,2019-07-01,2021-02-18,Administrative,Female,Black,IC4
e001890,2019-07-10,2020-12-11,Sales,Female,White,S2
e001891,2019-07-04,2022-09-27,Administrative,Female,Asian,S2
e001892,2019-07-25,2023-11-23,Administrative,Male,White,IC2
e001893,2019-07-31,2023-05-05,Production,Male,Asian,S3
e001894,2019-07-22,2022-02-07,Sales,Female,White,S3
e001895,2019-07-10,2023-08-18,Sales,Female,Hispanic,IC3
e001896,2019-07-05,2023-09-05,Sales,Male,Asian,IC7
e001897,2019-07-23,2019-08-15,Administrative,Female,Hispanic,IC4
e001898,2019-07-04,2022-03-31,Sales,Female,Hispanic,IC5
e001899,2019-07-01,2020-01-08,Production,Female,Black,IC4
e001900,2019-07-24,2019-09-11,Sales,Male,Black,S3
e001901,2019-07-08,2023-08-31,Production,Female,Black,IC1
e001902,2019-07-05,2021-09-20,Administrative,Male,Asian,IC2
e001903,2019-07-10,2021-07-02,Sales,Female,Black,IC3
e001904,2019-07-08,2023-05-08,Sales,Male,Asian,IC1
e001905,2019-07-05,2020-11-10,Production,Female,Asian,M4
e001906,2019-07-09,2021-10-22,Sales,Male,Hispanic,IC2
e001907,2019-07-16,2021-04-22,Administrative,Female,Asian,IC7
e001908,2019-07-03,2019-10-22,Production,Female,White,M6
e001909,2019-07-25,2021-10-18,Sales,Female,Asian,IC4
e001910,2019-07-18,2023-10-26,Sales,Male,Black,IC1
e001911,2019-07-19,2022-12-29,Production,Male,Asian,IC2
e001912,2019-07-12,2022-08-22,Sales,Female,Hispanic,S2
e001913,2019-07-03,2020-05-25,Administrative,Female,Black,IC2
e001914,2019-07-09,2023-06-05,Sales,Male,Black,IC3
e001915,2019-07-17,2021-03-11,Production,Male,White,IC2
e001916,2019-07-09,2020-07-13,Production,Female,Hispanic,IC1
e001917,2019-07-03,2020-01-16,Sales,Female,Black,IC2
e001918,2019-07-16,2023-07-27,Production,Female,Black,S1
e001919,2019-07-26,2020-06-09,Production,Female,Asian,IC2
e001920,2019-07-08,2023-09-07,Administrative,Male,Hispanic,IC4
e001921,2019-07-25,2021-12-15,Sales,Male,White,IC1
e001922,2019-07-19,2022-01-11,Sales,Female,White,IC5
e001923,2019-07-05,2019-09-30,Administrative,Male,Asian,IC2
e001924,2019-07-04,2023-11-14,Production,Female,Asian,M4
e001925,2019-07-05,2020-06-01,Administrative,Male,White,IC1
e001926,2019-07-29,2023-05-02,Administrative,Female,Asian,IC3
e001927,2019-07-23,2020-08-07,Administrative,Female,Hispanic,IC4
e001928,2019-07-10,2019-09-05,Administrative,Male,Asian,S2
e001929,2019-07-30,2023-07-26,Administrative,Female,Asian,IC6
e001930,2019-07-15,2023-06-14,Administrative,Female,Asian,IC3
e001931,2019-07-01,2020-03-12,Administrative,Male,Hispanic,S1
e001932,2019-07-09,2020-04-02,Production,Female,Asian,IC5
e001933,2019-07-12,2020-03-20,Sales,Male,Asian,S1
e001934,2019-07-30,2022-02-22,Sales,Female,Hispanic,IC2
e001935,2019-07-09,2023-02-08,Sales,Male,Black,IC6
e001936,2019-07-11,2021-10-26,Sales,Male,Hispanic,IC5
e001937,2019-07-08,2021-09-27,Production,Male,Hispanic,IC3
e001938,2019-07-05,2019-12-26,Sales,Male,Asian,IC3
e001939,2019-07-25,2020-01-14,Sales,Female,Black,IC1
e001940,2019-07-24,2021-10-13,Sales,Male,Asian,IC1
e001941,2019-07-19,2021-11-11,Administrative,Female,Asian,IC5
e001942,2019-07-04,2020-08-26,Sales,Female,Asian,S1
e001943,2019-07-08,2022-12-27,Production,Male,Black,S2
e001944,2019-07-12,2022-10-11,Production,Female,Asian,S3
e001945,2019-07-23,2021-07-16,Sales,Male,Asian,IC3
e001946,2019-07-12,2020-11-30,Sales,Male,White,IC8
e001947,2019-07-15,2024-02-21,Administrative,Male,Black,IC3
e001948,2019-07-30,2020-01-14,Sales,Female,Asian,S1
e001949,2019-07-22,2019-12-20,Sales,Female,Asian,IC6
e001950,2019-07-16,2020-02-14,Sales,Female,White,IC2
e001951,2019-07-23,2023-12-25,Sales,Female,Hispanic,IC5
e001952,2019-07-17,2021-10-27,Sales,Female,Hispanic,IC2
e001953,2019-07-05,2019-12-19,Sales,Male,Asian,S2
e001954,2019-07-09,2022-12-13,Administrative,Female,White,IC2
e001955,2019-07-19,2019-08-07,Production,Female,Asian,IC6
e001956,2019-07-24,2021-03-30,Production,Male,Hispanic,S1
e001957,2019-07-04,2022-09-22,Sales,Male,Asian,S3
e001958,2019-07-04,2020-08-21,Production,Male,Black,S3
e001959,2019-07-04,2020-08-07,Production,Male,Asian,IC9
e001960,2019-07-11,2024-03-15,Administrative,Female,Asian,IC9
e001961,2019-07-22,2020-08-28,Production,Male,Asian,IC4
e001962,2019-07-02,2022-10-17,Production,Male,White,M5
e001963,2019-07-02,2020-07-14,Sales,Male,Asian,IC6
e001964,2019-07-09,2020-12-24,Production,Female,White,IC6
e001965,2019-07-08,2023-09-06,Administrative,Female,White,IC4
e001966,2019-07-18,2022-09-30,Production,Male,Hispanic,IC1
e001967,2019-07-16,2024-04-10,Production,Female,Asian,IC4
e001968,2019-07-26,2020-12-15,Production,Female,Asian,IC3
e001969,2019-07-23,2020-09-03,Sales,Female,Black,S2
e001970,2019-07-15,2022-08-10,Sales,Female,Asian,IC3
e001971,2019-07-18,2023-08-17,Administrative,Female,Asian,S2
e001972,2019-07-19,2019-09-05,Sales,Female,Asian,M4
e001973,2019-08-23,2021-12-23,Administrative,Female,Hispanic,IC4
e001974,2019-08-15,2024-01-02,Administrative,Female,Asian,M6
e001975,2019-08-29,2020-01-07,Sales,Female,Asian,IC2
e001976,2019-08-12,2019-12-09,Administrative,Female,Asian,IC3
e001977,2019-08-22,2019-10-30,Sales,Female,Hispanic,S2
e001978,2019-08-07,2022-03-08,Administrative,Male,Asian,IC7
e001979,2019-08-07,2023-02-16,Administrative,Male,Asian,IC2
e001980,2019-08-21,2021-07-07,Administrative,Female,White,IC3
e001981,2019-08-22,2021-10-22,Production,Female,White,S1
e001982,2019-08-14,2019-12-16,Sales,Male,Black,M5
e001983,2019-08-20,2022-02-28,Production,Female,Hispanic,S2
e001984,2019-08-19,2022-02-11,Administrative,Male,Black,IC4
e001985,2019-08-20,2023-09-12,Sales,Male,Black,S1
e001986,2019-08-29,2020-05-14,Administrative,Female,Asian,M7
e001987,2019-08-14,2023-12-18,Sales,Female,Hispanic,M7
e001988,2019-08-15,2023-09-01,Sales,Female,Black,M5
e001989,2019-08-16,2023-06-20,Production,Female,White,IC5
e001990,2019-08-29,2023-03-17,Production,Male,Asian,IC3
e001991,2019-09-20,2022-10-10,Administrative,Female,Asian,IC7
e001992,2019-09-11,2022-01-31,Administrative,Female,Asian,S2
e001993,2019-09-12,2020-11-25,Production,Male,Asian,M5
e001994,2019-09-02,2021-04-23,Administrative,Male,Hispanic,IC6
e001995,2019-09-09,2020-11-27,Production,Male,White,IC1
e001996,2019-09-16,2020-06-25,Production,Female,Asian,IC2
e001997,2019-09-25,2021-10-01,Administrative,Female,Asian,IC4
e001998,2019-09-03,2020-07-24,Administrative,Male,Asian,IC5
e001999,2019-09-10,2021-10-15,Production,Male,Hispanic,M4
e002000,2019-09-03,2020-11-19,Sales,Female,Asian,IC5
e002001,2019-09-16,2022-02-10,Production,Male,Black,M6
e002002,2019-09-20,2024-11-25,Sales,Female,Hispanic,IC4
e002003,2019-09-05,2019-10-18,Sales,Female,Hispanic,M4
e002004,2019-09-05,2022-06-02,Production,Female,Black,IC7
e002005,2019-09-05,2019-11-05,Sales,Male,Asian,M4
e002006,2019-09-27,2020-05-15,Production,Male,White,S1
e002007,2019-09-19,2024-01-30,Sales,Female,White,IC2
e002008,2019-09-19,2023-06-05,Production,Male,Hispanic,IC1
e002009,2019-09-16,2023-05-16,Administrative,Female,Black,S3
e002010,2019-09-23,2020-05-27,Production,Male,Black,IC1
e002011,2019-09-27,2020-03-04,Administrative,Female,Asian,M5
e002012,2019-09-06,2020-05-08,Administrative,Female,White,IC2
e002013,2019-09-09,2019-10-16,Production,Female,Asian,IC1
e002014,2019-09-30,2019-12-12,Administrative,Female,White,IC2
e002015,2019-09-09,2023-08-22,Production,Male,Asian,IC1
e002016,2019-09-03,2023-02-16,Sales,Female,Asian,IC5
e002017,2019-09-04,2020-12-30,Sales,Male,Hispanic,IC1
e002018,2019-09-05,2023-11-20,Sales,Female,Hispanic,S2
e002019,2019-09-24,2020-04-03,Administrative,Male,Asian,M6
e002020,2019-09-26,2022-02-16,Sales,Female,Black,S3
e002021,2019-09-27,2023-03-02,Sales,Female,Asian,IC2
e002022,2019-09-27,2021-03-22,Sales,Female,Asian,M4
e002023,2019-09-17,2022-02-11,Production,Male,Hispanic,M7
e002024,2019-09-12,2022-08-02,Sales,Male,Black,IC6
e002025,2019-09-23,2020-01-02,Production,Female,Asian,IC1
e002026,2019-09-20,2020-11-25,Administrative,Female,Asian,IC2
e002027,2019-09-23,2024-02-08,Production,Male,Asian,IC4
e002028,2019-09-03,2021-10-08,Production,Female,Asian,IC1
e002029,2019-09-06,2023-05-30,Production,Male,White,IC1
e002030,2019-09-16,2023-09-19,Production,Female,Hispanic,S2
e002031,2019-09-05,2020-08-17,Production,Male,Hispanic,S3
e002032,2019-09-25,2020-06-22,Administrative,Male,Asian,IC7
e002033,2019-09-20,2020-06-10,Administrative,Female,Black,S3
e002034,2019-09-05,2023-10-11,Production,Male,Hispanic,IC3
e002035,2019-09-17,2020-01-20,Sales,Male,Hispanic,IC2
e002036,2019-09-05,2020-11-23,Administrative,Female,White,IC5
e002037,2019-09-13,2021-07-26,Sales,Male,Asian,S3
e002038,2019-09-19,2021-04-06,Sales,Female,White,IC4
e002039,2019-09-10,2023-11-01,Administrative,Female,Asian,S1
e002040,2019-09-02,2019-10-08,Production,Female,Asian,S2
e002041,2019-09-13,2020-01-28,Sales,Male,Asian,S2
e002042,2019-09-26,2024-05-03,Sales,Female,Asian,IC7
e002043,2019-09-25,2021-11-22,Production,Male,Asian,M6
e002044,2019-09-20,2023-12-29,Administrative,Male,Black,IC9
e002045,2019-09-24,2020-06-26,Administrative,Male,Hispanic,IC3
e002046,2019-09-04,2020-06-17,Production,Female,Asian,M4
e002047,2019-09-09,2020-05-04,Sales,Female,White,IC4
e002048,2019-09-03,2024-03-12,Production,Male,Asian,M5
e002049,2019-09-12,2020-06-15,Administrative,Male,White,S1
e002050,2019-09-02,2022-06-30,Administrative,Female,White,IC4
e002051,2019-09-03,2019-10-24,Production,Female,Asian,S3
e002052,2019-09-02,2021-10-21,Administrative,Female,Asian,IC6
e002053,2019-09-06,2019-11-27,Sales,Female,White,IC7
e002054,2019-09-11,2021-07-02,Sales,Female,Asian,S3
e002055,2019-09-10,2021-04-29,Administrative,Female,Hispanic,IC1
e002056,2019-09-03,2021-02-26,Administrative,Male,Asian,IC9
e002057,2019-09-09,2020-11-20,Production,Female,Hispanic,S3
e002058,2019-09-10,2023-02-09,Administrative,Female,Black,M4
e002059,2019-09-26,2023-11-21,Production,Male,Asian,IC2
e002060,2019-09-10,2024-01-25,Sales,Male,Black,IC2
e002061,2019-09-06,2021-11-11,Production,Female,Hispanic,IC6
e002062,2019-09-27,2021-07-30,Production,Female,White,S3
e002063,2019-09-02,2020-11-04,Sales,Male,Black,S3
e002064,2019-09-18,2020-03-26,Administrative,Female,Black,M4
e002065,2019-10-30,2023-06-07,Sales,Male,Black,IC5
e002066,2019-10-18,2022-12-23,Production,Female,Hispanic,IC4
e002067,2019-10-10,,Production,Female,White,IC1
e002068,2019-10-28,2020-01-09,Production,Female,Asian,IC4
e002069,2019-10-21,2023-06-19,Sales,Female,Black,IC2
e002070,2019-10-22,2020-02-06,Administrative,Female,Asian,IC4
e002071,2019-10-11,2024-03-18,Sales,Male,Black,IC1
e002072,2019-11-01,2023-08-31,Production,Female,Asian,IC5
e002073,2019-11-20,2020-08-10,Administrative,Female,White,IC2
e002074,2019-11-04,2019-12-03,Production,Female,Asian,S2
e002075,2019-11-15,2023-04-27,Sales,Female,White,IC2
e002076,2019-11-11,2022-08-10,Sales,Male,Asian,IC5
e002077,2019-11-26,2021-04-19,Administrative,Male,Asian,M4
e002078,2019-11-20,2023-06-01,Production,Female,Asian,IC4
e002079,2019-11-12,2020-12-08,Administrative,Female,Asian,IC7
e002080,2019-11-20,2023-08-01,Production,Female,White,IC3
e002081,2019-11-29,2021-02-25,Sales,Female,Hispanic,IC6
e002082,2019-11-12,2023-08-21,Administrative,Male,Asian,IC5
e002083,2019-11-11,2021-12-22,Administrative,Female,Asian,IC3
e002084,2019-11-20,2021-12-06,Administrative,Female,White,IC1
e002085,2019-11-25,2021-12-03,Production,Male,Black,IC8
e002086,2019-11-29,2021-10-21,Administrative,Female,Asian,S2
e002087,2019-11-18,2021-04-07,Sales,Female,Asian,IC3
e002088,2019-11-13,2020-03-16,Production,Male,Asian,IC7
e002089,2019-11-01,2020-06-17,Administrative,Female,Hispanic,IC7
e002090,2019-11-18,2020-01-13,Sales,Female,Asian,S2
e002091,2019-11-15,2020-01-21,Administrative,Female,Asian,IC7
e002092,2019-11-21,2020-06-18,Production,Female,Asian,IC4
e002093,2019-11-05,2022-06-23,Administrative,Female,Black,M6
e002094,2019-11-05,2020-06-29,Sales,Female,Asian,IC5
e002095,2019-11-27,2020-01-21,Sales,Male,Hispanic,IC1
e002096,2019-11-27,2021-10-11,Production,Female,Hispanic,S2
e002097,2019-11-06,2021-10-08,Production,Male,Hispanic,IC4
e002098,2019-11-11,2020-03-26,Sales,Female,Black,IC5
e002099,2019-11-21,2022-01-26,Sales,Male,Asian,IC1
e002100,2019-11-07,2023-09-25,Sales,Female,White,M6
e002101,2019-11-12,2024-01-31,Administrative,Female,Asian,IC4
e002102,2019-11-22,2020-01-10,Administrative,Female,Asian,IC4
e002103,2019-11-06,2020-02-24,Sales,Male,Black,IC7
e002104,2019-11-21,2023-05-22,Production,Female,Asian,IC5
e002105,2019-11-28,2020-09-18,Production,Female,Hispanic,IC4
e002106,2019-11-07,2024-03-06,Production,Female,Asian,S2
e002107,2019-11-28,2022-01-21,Sales,Male,Hispanic,S1
e002108,2019-11-21,2020-07-27,Sales,Female,White,IC2
e002109,2019-11-15,2022-02-02,Production,Female,Asian,IC7
e002110,2019-11-20,2020-03-27,Administrative,Male,Black,M5
e002111,2019-11-21,2022-12-15,Sales,Female,White,M7
e002112,2019-11-26,2023-10-13,Administrative,Male,Black,S2
e002113,2019-11-29,2020-06-30,Sales,Male,Asian,M5
e002114,2019-11-12,2022-10-19,Administrative,Female,Hispanic,IC2
e002115,2019-11-14,2020-03-31,Administrative,Female,Asian,IC7
e002116,2019-11-18,2023-08-09,Administrative,Male,White,IC2
e002117,2019-11-25,2021-10-25,Administrative,Female,White,IC9
e002118,2019-11-26,2020-03-10,Sales,Male,Black,IC7
e002119,2019-11-13,2020-05-04,Production,Female,Asian,IC2
e002120,2019-11-27,2020-12-03,Administrative,Male,Hispanic,M4
e002121,2019-11-27,2021-10-13,Production,Male,Asian,IC6
e002122,2019-11-19,2021-01-14,Production,Female,Asian,S1
e002123,2019-11-07,2022-10-14,Administrative,Female,Hispanic,IC6
e002124,2019-11-25,2024-01-05,Administrative,Male,Asian,M4
e002125,2019-11-05,2022-10-14,Sales,Female,Hispanic,IC1
e002126,2019-11-22,2020-05-29,Administrative,Female,Black,M4
e002127,2019-11-18,2023-09-12,Administrative,Male,Asian,M6
e002128,2019-11-11,2020-08-19,Administrative,Female,White,IC4
e002129,2019-11-05,2020-02-20,Production,Male,Hispanic,IC6
e002130,2019-11-29,2020-01-07,Production,Female,Asian,IC2
e002131,2019-11-27,2021-12-01,Sales,Male,Asian,IC2
e002132,2019-12-11,2022-08-19,Administrative,Male,Asian,IC5
e002133,2019-12-17,2020-12-24,Sales,Female,Hispanic,IC5
e002134,2019-12-24,2022-03-24,Sales,Female,White,S1
e002135,2019-12-18,2021-04-30,Production,Male,Asian,IC4
e002136,2019-12-04,2020-05-26,Administrative,Male,White,IC3
e002137,2019-12-04,2020-02-17,Administrative,Male,Hispanic,IC6
e002138,2019-12-18,2023-12-13,Production,Male,Asian,IC3
e002139,2019-12-24,2021-03-22,Sales,Female,Asian,IC4
e002140,2019-12-26,2020-11-19,Sales,Male,Hispanic,M6
e002141,2019-12-23,2020-08-03,Sales,Male,White,IC6
e002142,2019-12-13,2020-04-07,Sales,Male,White,S1
e002143,2019-12-06,2022-02-08,Sales,Female,Asian,S3
e002144,2019-12-10,2020-04-30,Production,Female,Hispanic,S2
e002145,2020-01-22,2020-06-22,Production,Female,Hispanic,IC3
e002146,2020-01-13,2020-11-26,Sales,Female,Asian,IC5
e002147,2020-01-30,2020-07-01,Administrative,Female,Hispanic,IC1
e002148,2020-01-06,2022-01-10,Sales,Female,Hispanic,IC6
e002149,2020-01-14,2023-12-06,Administrative,Female,Hispanic,IC6
e002150,2020-01-14,2023-05-11,Production,Female,Hispanic,IC3
e002151,2020-01-28,2021-12-28,Production,Female,Hispanic,M4
e002152,2020-01-28,2020-08-05,Sales,Female,White,IC2
e002153,2020-01-03,2021-10-11,Sales,Female,Black,IC3
e002154,2020-01-13,2021-09-22,Sales,Female,White,IC6
e002155,2020-01-01,2021-10-13,Administrative,Male,Asian,S2
e002156,2020-01-27,2023-05-01,Production,Female,White,IC2
e002157,2020-01-22,2023-03-08,Administrative,Male,Black,M4
e002158,2020-01-09,2023-11-02,Administrative,Male,Hispanic,S2
e002159,2020-01-01,2021-10-21,Administrative,Male,Asian,IC7
e002160,2020-01-01,2022-09-08,Administrative,Male,White,IC1
e002161,2020-01-22,2020-02-14,Production,Female,Asian,IC7
e002162,2020-01-08,2022-09-13,Administrative,Female,Asian,IC3
e002163,2020-01-14,2020-02-19,Administrative,Male,Asian,M5
e002164,2020-01-29,2020-11-24,Sales,Female,Hispanic,S1
e002165,2020-01-23,2020-08-28,Administrative,Male,White,IC5
e002166,2020-01-24,2020-05-18,Administrative,Male,Asian,IC3
e002167,2020-01-03,2020-08-10,Production,Male,Asian,M4
e002168,2020-01-01,2021-12-01,Production,Female,Hispanic,M5
e002169,2020-01-06,2022-10-04,Production,Male,Asian,S2
e002170,2020-01-14,2023-08-22,Production,Female,Asian,IC6
e002171,2020-01-29,2022-01-26,Sales,Female,Asian,S2
e002172,2020-01-09,2023-06-08,Sales,Male,Asian,IC6
e002173,2020-01-07,2021-10-07,Production,Male,Asian,M4
e002174,2020-01-07,2023-11-27,Production,Female,White,IC2
e002175,2020-01-15,2020-02-26,Production,Female,Asian,IC4
e002176,2020-01-02,2022-08-31,Administrative,Female,Asian,S1
e002177,2020-01-06,2023-12-25,Production,Female,Black,IC6
e002178,2020-02-19,2020-03-05,Administrative,Male,Asian,S2
e002179,2020-02-12,2021-03-31,Administrative,Male,Asian,S3
e002180,2020-02-19,2021-04-06,Sales,Female,Asian,IC6
e002181,2020-02-06,2020-04-30,Production,Female,Asian,IC5
e002182,2020-02-12,2020-11-30,Production,Female,White,IC6
e002183,2020-02-07,2020-03-10,Sales,Female,White,IC2
e002184,2020-02-05,2020-09-28,Sales,Male,Asian,S1
e002185,2020-02-18,2020-11-23,Administrative,Female,Asian,S3
e002186,2020-02-27,2022-08-01,Administrative,Female,Hispanic,IC3
e002187,2020-02-05,2020-07-23,Sales,Male,Black,M7
e002188,2020-02-26,2020-11-25,Administrative,Female,Asian,M7
e002189,2020-02-21,2020-05-27,Production,Female,Hispanic,IC1
e002190,2020-02-14,2022-09-16,Sales,Female,Asian,IC2
e002191,2020-02-20,2023-06-08,Sales,Male,Hispanic,IC2
e002192,2020-02-05,2021-02-05,Administrative,Female,Asian,M5
e002193,2020-02-28,2022-10-19,Production,Male,Black,M4
e002194,2020-02-24,2020-04-09,Sales,Male,Black,S2
e002195,2020-02-06,2020-11-11,Production,Female,Asian,S1
e002196,2020-02-26,2020-08-31,Production,Male,Asian,S1
e002197,2020-02-17,2020-06-12,Sales,Female,Black,IC9
e002198,2020-02-26,2021-03-26,Administrative,Female,Black,IC1
e002199,2020-02-25,2020-11-16,Administrative,Female,Asian,S3
e002200,2020-02-05,2020-06-17,Sales,Male,Asian,IC7
e002201,2020-02-04,2023-12-13,Administrative,Female,Asian,IC7
e002202,2020-02-10,2021-10-29,Production,Male,Black,IC2
e002203,2020-02-19,2021-04-19,Production,Female,Hispanic,S3
e002204,2020-02-06,2020-09-25,Administrative,Male,Asian,S1
e002205,2020-02-12,2023-09-11,Sales,Female,White,S2
e002206,2020-02-27,2023-06-12,Production,Female,Hispanic,IC5
e002207,2020-02-10,2021-01-05,Administrative,Male,White,M4
e002208,2020-02-13,2020-11-30,Sales,Male,Black,IC2
e002209,2020-02-05,2022-12-27,Sales,Female,White,S2
e002210,2020-02-04,2020-08-20,Sales,Female,Asian,IC5
e002211,2020-02-26,2021-12-22,Production,Female,Black,IC4
e002212,2020-02-18,2023-12-22,Sales,Male,Asian,IC1
e002213,2020-02-10,2020-03-13,Sales,Female,Black,S2
e002214,2020-02-18,2021-07-20,Production,Male,Asian,IC3
e002215,2020-02-04,2020-06-17,Production,Male,Asian,IC7
e002216,2020-02-21,2021-04-22,Sales,Male,Asian,S2
e002217,2020-02-17,2021-10-29,Administrative,Female,Asian,M4
e002218,2020-02-07,2020-11-17,Sales,Male,White,M4
e002219,2020-02-18,2021-11-05,Production,Female,Asian,IC4
e002220,2020-02-18,2022-02-08,Production,Male,White,IC6
e002221,2020-02-24,2023-04-19,Sales,Female,White,S1
e002222,2020-02-13,2020-04-16,Sales,Female,Hispanic,IC4
e002223,2020-02-05,2023-04-26,Sales,Female,White,IC2
e002224,2020-02-05,2021-02-22,Sales,Male,White,IC6
e002225,2020-02-05,2021-10-05,Production,Male,Hispanic,IC3
e002226,2020-02-24,2020-03-13,Administrative,Male,Asian,S1
e002227,2020-02-10,2020-04-07,Production,Male,Asian,S1
e002228,2020-02-11,2020-12-28,Sales,Male,Black,M5
e002229,2020-02-05,2020-12-04,Production,Male,White,IC4
e002230,2020-02-26,2021-12-27,Sales,Female,Hispanic,IC7
e002231,2020-02-12,2021-10-06,Sales,Female,Black,IC3
e002232,2020-02-10,2022-12-28,Administrative,Female,Asian,S3
e002233,2020-02-21,2022-02-17,Administrative,Female,Asian,S2
e002234,2020-02-21,2022-10-13,Sales,Male,Hispanic,M6
e002235,2020-02-04,2024-01-08,Production,Female,Asian,IC5
e002236,2020-02-25,2022-09-27,Sales,Female,White,IC6
e002237,2020-02-24,2024-02-28,Sales,Female,Black,IC1
e002238,2020-02-21,2020-12-18,Sales,Female,Black,IC3
e002239,2020-02-18,2020-03-02,Administrative,Male,Hispanic,IC4
e002240,2020-02-05,2023-06-09,Administrative,Female,Hispanic,M5
e002241,2020-02-12,2022-10-05,Administrative,Female,Black,S3
e002242,2020-02-26,2021-07-20,Sales,Male,Black,IC7
e002243,2020-02-18,2020-05-15,Administrative,Female,Black,S3
e002244,2020-02-13,2020-12-11,Administrative,Male,Asian,IC3
e002245,2020-02-18,2023-08-09,Sales,Female,White,IC3
e002246,2020-02-07,2020-11-17,Sales,Male,White,S1
e002247,2020-02-25,2023-11-22,Sales,Male,Asian,S1
e002248,2020-02-28,2021-10-07,Sales,Female,Hispanic,IC4
e002249,2020-02-14,2023-12-18,Sales,Male,White,IC6
e002250,2020-02-07,2022-02-23,Sales,Male,Asian,IC3
e002251,2020-02-24,2022-06-28,Production,Female,Black,IC4
e002252,2020-02-21,2020-05-22,Sales,Female,Asian,S2
e002253,2020-02-24,2020-05-08,Production,Female,Black,S1
e002254,2020-02-06,2020-09-09,Sales,Male,Hispanic,IC3
e002255,2020-02-24,2021-07-20,Administrative,Female,Asian,IC7
e002256,2020-02-11,2023-09-21,Administrative,Female,White,M6
e002257,2020-02-18,2023-05-24,Sales,Male,Asian,S2
e002258,2020-02-28,2021-12-27,Administrative,Male,Asian,IC1
e002259,2020-02-06,2020-03-10,Production,Male,Hispanic,M4
e002260,2020-02-12,2020-03-27,Sales,Male,Hispanic,S1
e002261,2020-02-28,2020-05-22,Administrative,Female,Asian,IC3
e002262,2020-02-14,2020-08-21,Administrative,Male,Asian,IC2
e002263,2020-02-21,2021-03-25,Administrative,Male,Asian,M5
e002264,2020-02-14,2020-09-17,Sales,Female,White,IC4
e002265,2020-02-25,2023-05-16,Production,Male,Asian,IC4
e002266,2020-02-11,2020-09-11,Administrative,Male,Asian,IC5
e002267,2020-02-18,2020-04-07,Sales,Female,White,S3
e002268,2020-02-05,2021-07-16,Sales,Female,Black,IC2
e002269,2020-02-13,2022-12-29,Administrative,Male,Asian,IC4
e002270,2020-02-18,2023-11-17,Production,Female,Asian,IC3
e002271,2020-02-11,2023-03-24,Sales,Female,Hispanic,IC3
e002272,2020-02-10,2020-05-15,Sales,Male,Hispanic,M9
e002273,2020-02-06,2023-02-07,Production,Female,Asian,IC3
e002274,2020-02-06,2021-11-05,Sales,Female,Asian,IC2
e002275,2020-02-18,,Production,Male,Asian,M8
e002276,2020-02-25,2021-11-01,Administrative,Female,Hispanic,IC3
e002277,2020-02-28,2024-04-11,Production,Female,Black,M5
e002278,2020-03-10,2023-03-14,Production,Female,Asian,S1
e002279,2020-03-31,2021-10-29,Administrative,Male,White,IC6
e002280,2020-03-27,2021-10-01,Sales,Female,Hispanic,S3
e002281,2020-03-12,2023-12-19,Administrative,Female,White,IC8
e002282,2020-03-06,2020-06-23,Sales,Female,Asian,IC7
e002283,2020-03-19,2020-08-03,Production,Female,Hispanic,S1
e002284,2020-03-03,2021-02-25,Administrative,Female,Asian,IC3
e002285,2020-03-02,2021-04-22,Production,Female,Asian,IC1
e002286,2020-03-24,2022-01-12,Sales,Male,Hispanic,IC7
e002287,2020-03-12,2020-11-09,Sales,Male,White,M4
e002288,2020-03-03,2023-02-13,Production,Female,Asian,IC4
e002289,2020-03-26,2020-12-10,Sales,Female,Hispanic,IC7
e002290,2020-03-18,2020-04-30,Administrative,Female,Hispanic,S3
e002291,2020-03-06,2020-08-03,Administrative,Male,White,IC1
e002292,2020-03-24,2023-09-29,Sales,Female,Asian,S3
e002293,2020-03-17,2021-10-20,Production,Female,Hispanic,M4
e002294,2020-03-31,2023-12-13,Administrative,Female,Hispanic,IC2
e002295,2020-03-18,2020-08-28,Production,Male,Asian,IC4
e002296,2020-03-13,2022-06-29,Sales,Male,Black,IC4
e002297,2020-03-19,2022-03-11,Administrative,Female,Asian,IC8
e002298,2020-03-06,2023-10-16,Production,Male,Black,IC1
e002299,2020-03-04,2022-08-03,Sales,Male,Black,S3
e002300,2020-03-11,2023-09-13,Production,Male,Asian,S2
e002301,2020-03-05,2022-02-22,Administrative,Female,Asian,IC1
e002302,2020-03-05,2023-08-02,Sales,Female,Black,IC4
e002303,2020-03-10,2020-04-23,Administrative,Female,Asian,IC3
e002304,2020-03-06,2023-01-02,Production,Female,White,IC5
e002305,2020-04-07,2020-07-16,Sales,Male,Black,IC6
e002306,2020-04-06,2023-09-26,Administrative,Female,Hispanic,S1
e002307,2020-04-16,2021-12-24,Production,Female,White,S2
e002308,2020-05-25,2020-08-27,Production,Female,Black,S1
e002309,2020-05-28,2020-06-26,Production,Male,Hispanic,IC1
e002310,2020-05-25,2021-05-11,Sales,Female,Asian,M5
e002311,2020-05-13,2023-02-24,Administrative,Male,Hispanic,S3
e002312,2020-05-27,2021-03-31,Production,Female,Hispanic,IC2
e002313,2020-05-12,2022-12-23,Sales,Male,White,IC2
e002314,2020-05-01,2023-11-30,Production,Female,Black,IC5
e002315,2020-05-06,2022-10-14,Production,Male,Black,IC7
e002316,2020-05-28,2020-09-10,Administrative,Male,White,IC6
e002317,2020-05-15,2022-02-17,Sales,Male,Asian,S1
e002318,2020-05-04,2023-10-09,Administrative,Male,Black,M8
e002319,2020-05-21,2020-06-30,Sales,Female,White,IC5
e002320,2020-05-04,2020-06-10,Administrative,Female,White,IC7
e002321,2020-05-28,2022-08-01,Sales,Male,White,M4
e002322,2020-05-21,2021-10-05,Production,Female,White,IC4
e002323,2020-05-25,2023-03-07,Production,Female,Asian,S3
e002324,2020-05-06,2022-12-20,Production,Female,Asian,M7
e002325,2020-05-05,2023-03-10,Production,Male,Asian,IC5
e002326,2020-05-25,2023-02-09,Administrative,Female,Asian,IC7
e002327,2020-05-21,2022-01-13,Sales,Male,Asian,M4
e002328,2020-05-26,2024-04-08,Production,Female,White,IC4
e002329,2020-05-22,2021-04-08,Sales,Female,White,IC5
e002330,2020-05-26,2022-02-18,Production,Female,Black,IC5
e002331,2020-05-04,2022-10-25,Sales,Male,Hispanic,IC8
e002332,2020-05-26,2023-09-01,Production,Female,Asian,M4
e002333,2020-05-13,2022-08-15,Administrative,Female,Hispanic,S1
e002334,2020-05-28,2021-09-08,Administrative,Male,White,IC1
e002335,2020-05-08,2021-07-13,Administrative,Female,Asian,IC4
e002336,2020-05-25,2020-09-03,Administrative,Female,Asian,IC1
e002337,2020-05-05,2021-12-15,Sales,Male,Hispanic,IC6
e002338,2020-05-08,2023-05-10,Production,Male,Black,IC5
e002339,2020-05-08,2022-10-24,Production,Female,Hispanic,IC6
e002340,2020-05-26,2022-03-03,Administrative,Male,White,M4
e002341,2020-05-08,2023-02-02,Sales,Male,Black,S1
e002342,2020-05-21,2022-09-16,Production,Female,Black,S3
e002343,2020-05-21,2020-11-24,Production,Female,Hispanic,IC3
e002344,2020-05-07,2023-10-04,Administrative,Male,Asian,IC9
e002345,2020-05-07,2020-12-17,Production,Male,Black,IC3
e002346,2020-05-06,2020-06-01,Sales,Female,Asian,S1
e002347,2020-05-11,2024-01-30,Production,Female,Hispanic,IC5
e002348,2020-05-05,2021-10-19,Sales,Male,White,IC4
e002349,2020-05-20,2021-07-06,Production,Male,Hispanic,S1
e002350,2020-05-04,2021-07-20,Production,Female,Asian,M5
e002351,2020-05-04,2023-08-23,Sales,Female,White,M5
e002352,2020-05-05,2020-11-23,Administrative,Female,Asian,IC1
e002353,2020-05-01,2024-03-04,Production,Male,White,M6
e002354,2020-05-05,2023-08-23,Sales,Female,Hispanic,S1
e002355,2020-05-14,2024-10-10,Administrative,Female,Black,IC1
e002356,2020-05-05,2023-09-06,Administrative,Male,Asian,IC7
e002357,2020-05-15,2023-06-19,Administrative,Female,Asian,IC7
e002358,2020-05-11,2022-01-25,Production,Female,Asian,S1
e002359,2020-05-28,2021-07-08,Production,Male,Hispanic,IC3
e002360,2020-05-06,2023-09-08,Sales,Male,Asian,IC1
e002361,2020-05-13,2020-09-02,Production,Female,Black,S2
e002362,2020-05-22,2022-03-09,Production,Female,White,IC1
e002363,2020-05-12,2023-09-28,Sales,Male,Black,IC1
e002364,2020-05-28,2020-08-25,Administrative,Male,Asian,S3
e002365,2020-05-20,2023-05-04,Sales,Male,Hispanic,IC4
e002366,2020-05-28,2022-08-29,Sales,Male,Black,IC5
e002367,2020-05-14,2021-10-15,Production,Male,Black,IC7
e002368,2020-05-05,2023-08-22,Sales,Female,Asian,IC2
e002369,2020-05-29,2023-12-06,Production,Female,Hispanic,M7
e002370,2020-05-29,2020-08-07,Sales,Female,Asian,IC4
e002371,2020-05-06,2023-02-03,Production,Male,Asian,IC3
e002372,2020-05-01,2020-08-31,Production,Female,Asian,M8
e002373,2020-05-20,2022-08-09,Sales,Female,Asian,S1
e002374,2020-05-19,2022-10-18,Administrative,Male,White,IC6
e002375,2020-05-12,2022-02-23,Administrative,Male,Black,IC1
e002376,2020-05-26,2020-11-20,Production,Male,Asian,IC1
e002377,2020-05-21,2020-06-22,Production,Male,Asian,M4
e002378,2020-05-26,2023-11-29,Production,Male,Hispanic,IC4
e002379,2020-05-04,2023-09-01,Sales,Male,Asian,IC3
e002380,2020-05-15,2023-04-26,Administrative,Female,Hispanic,S2
e002381,2020-05-14,2023-11-16,Sales,Male,Asian,IC1
e002382,2020-05-28,2020-06-18,Administrative,Male,Asian,S3
e002383,2020-05-18,2021-11-12,Administrative,Female,Asian,IC6
e002384,2020-05-12,2021-07-30,Production,Female,White,M5
e002385,2020-05-28,2021-02-22,Sales,Female,Asian,IC1
e002386,2020-05-08,2021-04-08,Production,Female,Black,IC3
e002387,2020-05-22,2020-09-09,Sales,Female,White,IC3
e002388,2020-05-28,2023-09-14,Sales,Female,White,IC7
e002389,2020-05-01,2022-02-25,Administrative,Male,White,IC8
e002390,2020-05-29,2021-07-09,Production,Female,Hispanic,IC3
e002391,2020-05-28,2020-06-05,Sales,Female,Asian,M4
e002392,2020-05-08,2023-08-29,Production,Male,Asian,M5
e002393,2020-05-21,2023-03-29,Sales,Male,Asian,IC1
e002394,2020-05-04,2023-09-26,Sales,Male,Asian,S3
e002395,2020-05-15,2020-07-20,Administrative,Female,Asian,IC6
e002396,2020-05-19,2023-09-12,Administrative,Female,Hispanic,IC2
e002397,2020-05-27,2020-08-20,Administrative,Female,White,IC1
e002398,2020-05-18,2021-07-01,Sales,Female,Asian,IC6
e002399,2020-05-21,2021-10-14,Administrative,Female,Asian,IC2
e002400,2020-06-25,2021-07-23,Sales,Male,Asian,S2
e002401,2020-06-29,2023-10-18,Sales,Female,Hispanic,IC3
e002402,2020-06-25,2020-09-16,Production,Female,Black,M4
e002403,2020-06-29,2020-12-10,Sales,Female,Asian,IC4
e002404,2020-06-10,2023-08-17,Administrative,Male,Asian,M5
e002405,2020-06-26,2020-07-29,Administrative,Female,Asian,IC7
e002406,2020-06-24,2023-02-10,Sales,Female,White,IC8
e002407,2020-06-04,2023-07-17,Administrative,Male,White,S1
e002408,2020-06-01,2023-03-14,Sales,Male,Hispanic,IC7
e002409,2020-06-10,2023-03-21,Production,Female,Asian,IC1
e002410,2020-06-30,2021-03-10,Sales,Female,White,IC1
e002411,2020-06-15,2022-01-13,Production,Female,White,S1
e002412,2020-06-10,2022-08-24,Production,Female,White,IC2
e002413,2020-06-22,2022-03-21,Sales,Female,Black,IC5
e002414,2020-06-29,2023-08-29,Sales,Female,White,IC3
e002415,2020-06-16,2020-07-30,Sales,Female,White,M5
e002416,2020-06-16,2021-12-29,Sales,Male,White,S2
e002417,2020-06-16,2022-12-08,Administrative,Female,White,IC4
e002418,2020-06-26,2024-03-28,Administrative,Female,Asian,S3
e002419,2020-06-11,2021-12-27,Production,Female,White,IC5
e002420,2020-06-04,2022-06-02,Administrative,Female,Hispanic,S1
e002421,2020-06-19,2022-12-01,Sales,Male,Hispanic,S2
e002422,2020-06-02,2021-01-22,Sales,Male,Asian,IC5
e002423,2020-06-10,2022-08-15,Production,Female,Black,M5
e002424,2020-06-10,2020-09-23,Production,Male,Asian,IC6
e002425,2020-06-17,2020-11-30,Production,Male,Asian,S2
e002426,2020-06-09,2021-12-20,Sales,Female,White,S3
e002427,2020-06-19,2020-07-07,Administrative,Male,Black,IC5
e002428,2020-06-16,2023-12-01,Production,Female,White,S1
e002429,2020-06-03,2023-10-31,Sales,Female,Black,M5
e002430,2020-06-19,2022-02-25,Production,Female,Asian,IC7
e002431,2020-06-23,2021-10-26,Administrative,Male,Black,IC6
e002432,2020-06-17,2024-04-23,Administrative,Female,Asian,IC1
e002433,2020-06-16,2021-04-23,Sales,Male,Hispanic,M5
e002434,2020-06-18,2023-08-08,Sales,Female,Black,IC2
e002435,2020-06-08,2023-12-15,Production,Female,White,IC3
e002436,2020-06-03,2023-09-01,Administrative,Male,White,S2
e002437,2020-06-17,2021-10-12,Production,Female,Hispanic,IC4
e002438,2020-06-11,2023-08-15,Production,Male,Black,IC6
e002439,2020-06-15,2023-11-17,Production,Female,Hispanic,IC3
e002440,2020-06-12,2020-08-28,Sales,Female,Asian,S2
e002441,2020-06-11,2020-07-24,Production,Female,Hispanic,S3
e002442,2020-06-05,2021-04-23,Administrative,Female,White,S1
e002443,2020-06-23,2022-12-14,Sales,Female,Black,S2
e002444,2020-06-25,2021-01-20,Administrative,Female,White,IC6
e002445,2020-06-15,2021-07-13,Sales,Male,White,M4
e002446,2020-06-10,2020-12-04,Production,Male,Black,IC5
e002447,2020-06-25,2021-10-13,Administrative,Female,Asian,S2
e002448,2020-06-22,2023-10-25,Sales,Male,Black,S2
e002449,2020-06-08,2020-11-18,Sales,Male,Asian,IC2
e002450,2020-06-04,2021-02-23,Administrative,Female,Asian,IC6
e002451,2020-06-19,2023-11-16,Administrative,Female,Hispanic,IC4
e002452,2020-06-03,2023-09-18,Sales,Female,Black,IC7
e002453,2020-06-19,2021-05-03,Sales,Female,Asian,S2
e002454,2020-06-22,2020-09-28,Administrative,Female,Asian,S3
e002455,2020-06-01,2024-07-02,Sales,Female,White,IC6
e002456,2020-06-22,2020-12-04,Sales,Male,Black,IC6
e002457,2020-06-05,2021-04-28,Production,Female,Black,S1
e002458,2020-06-23,2023-04-06,Sales,Female,Asian,S2
e002459,2020-06-22,2024-04-22,Sales,Male,Black,M5
e002460,2020-06-09,2022-09-22,Sales,Male,Hispanic,IC3
e002461,2020-06-04,2021-04-02,Administrative,Female,Asian,IC6
e002462,2020-06-08,2020-07-23,Production,Male,Asian,IC2
e002463,2020-06-12,2021-10-15,Production,Male,Asian,M5
e002464,2020-06-04,2023-11-07,Sales,Male,Asian,S3
e002465,2020-06-23,2023-12-27,Administrative,Female,Hispanic,IC6
e002466,2020-06-26,2022-08-29,Sales,Female,Hispanic,S1
e002467,2020-07-24,2023-06-06,Production,Male,Black,IC6
e002468,2020-07-03,2022-03-11,Administrative,Female,Hispanic,S1
e002469,2020-07-07,2024-10-21,Production,Male,Black,IC5
e002470,2020-07-20,2021-07-28,Sales,Male,Black,IC6
e002471,2020-07-17,2023-05-10,Production,Female,Hispanic,IC4
e002472,2020-07-21,2021-10-29,Production,Male,Asian,S3
e002473,2020-07-20,2024-02-06,Sales,Female,Hispanic,IC5
e002474,2020-07-14,2020-11-18,Production,Male,Asian,IC4
e002475,2020-07-24,2022-02-24,Production,Male,Hispanic,S1
e002476,2020-07-21,2023-02-13,Administrative,Male,Asian,IC4
e002477,2020-07-17,2022-10-31,Administrative,Male,Black,IC7
e002478,2020-07-27,2022-12-09,Production,Male,Asian,IC5
e002479,2020-07-15,2020-12-09,Sales,Female,Asian,IC4
e002480,2020-07-09,2020-12-30,Sales,Female,White,S3
e002481,2020-07-09,2023-05-30,Administrative,Male,White,IC7
e002482,2020-07-23,2021-05-07,Administrative,Male,Hispanic,IC1
e002483,2020-07-03,2021-04-16,Production,Male,White,S1
e002484,2020-07-23,2020-08-04,Sales,Female,Asian,S3
e002485,2020-07-29,2022-06-02,Administrative,Female,White,IC5
e002486,2020-07-15,2024-01-03,Production,Female,Hispanic,IC4
e002487,2020-07-28,2022-10-31,Sales,Male,Asian,IC8
e002488,2020-07-28,2023-11-08,Administrative,Male,Asian,IC2
e002489,2020-07-08,2024-05-27,Sales,Male,Asian,IC7
e002490,2020-07-16,2021-05-05,Sales,Female,White,S3
e002491,2020-07-14,2022-02-28,Administrative,Female,Hispanic,IC7
e002492,2020-07-24,2021-07-21,Production,Female,Asian,IC2
e002493,2020-07-23,2023-03-06,Sales,Female,Asian,IC5
e002494,2020-07-28,2023-05-18,Production,Male,Asian,IC5
e002495,2020-07-14,2023-12-29,Sales,Female,White,IC5
e002496,2020-07-22,2020-11-30,Administrative,Female,Black,IC2
e002497,2020-07-22,2024-03-07,Production,Female,Hispanic,S1
e002498,2020-07-02,2020-11-23,Sales,Female,Asian,IC4
e002499,2020-07-23,2021-10-06,Sales,Female,Asian,IC2
e002500,2020-07-10,2023-01-11,Production,Female,Hispanic,IC9
e002501,2020-07-08,2021-04-13,Administrative,Female,Asian,IC2
e002502,2020-07-03,2023-09-11,Administrative,Female,Asian,IC5
e002503,2020-07-13,2020-09-14,Sales,Female,Asian,IC5
e002504,2020-07-28,2023-08-03,Administrative,Female,Black,IC7
e002505,2020-07-09,2022-09-13,Sales,Female,White,M6
e002506,2020-07-29,2021-04-23,Sales,Female,Asian,S3
e002507,2020-07-13,2020-12-09,Production,Male,Asian,M6
e002508,2020-07-20,2023-04-19,Production,Male,Asian,IC2
e002509,2020-07-10,2023-03-17,Production,Female,Asian,IC2
e002510,2020-07-16,2022-02-14,Sales,Male,Black,IC2
e002511,2020-07-15,2020-09-15,Sales,Female,Black,S2
e002512,2020-07-08,2020-11-19,Sales,Female,White,IC1
e002513,2020-07-15,2024-03-21,Sales,Male,Asian,IC6
e002514,2020-07-13,2024-05-10,Administrative,Female,Asian,IC5
e002515,2020-07-28,2021-11-24,Administrative,Female,Hispanic,IC2
e002516,2020-07-01,2023-12-27,Production,Female,Black,S3
e002517,2020-07-16,2021-04-05,Sales,Female,Asian,S3
e002518,2020-07-14,2024-03-11,Administrative,Female,White,IC5
e002519,2020-07-24,2023-09-14,Production,Male,Asian,S1
e002520,2020-07-09,2022-10-13,Production,Female,Black,M6
e002521,2020-07-24,2024-10-28,Production,Female,Hispanic,IC3
e002522,2020-07-27,2021-12-17,Sales,Female,Black,IC7
e002523,2020-07-09,2021-07-26,Administrative,Male,Black,IC5
e002524,2020-07-03,2021-10-18,Administrative,Female,White,S3
e002525,2020-07-23,2020-11-16,Administrative,Male,Asian,M4
e002526,2020-07-21,2022-02-04,Sales,Male,Black,M6
e002527,2020-07-03,2022-06-20,Production,Female,Asian,IC3
e002528,2020-07-07,2022-09-27,Administrative,Male,White,M5
e002529,2020-08-25,2024-05-02,Production,Male,Asian,IC6
e002530,2020-08-18,2021-10-04,Production,Female,Black,IC6
e002531,2020-08-28,2023-05-12,Sales,Male,Black,IC2
e002532,2020-08-25,2022-02-04,Administrative,Male,Asian,IC4
e002533,2020-08-18,2021-12-22,Sales,Male,White,IC6
e002534,2020-08-20,2021-11-11,Administrative,Female,Asian,S2
e002535,2020-08-11,2020-12-17,Sales,Female,Asian,IC4
e002536,2020-08-27,2023-05-09,Administrative,Male,Black,S3
e002537,2020-08-24,2021-04-09,Administrative,Male,Black,IC2
e002538,2020-08-27,2022-10-27,Production,Female,Asian,S1
e002539,2020-08-28,2022-02-21,Administrative,Female,Asian,S3
e002540,2020-08-12,2024-03-05,Production,Female,Asian,IC4
e002541,2020-08-20,2022-12-30,Sales,Female,Asian,IC1
e002542,2020-08-06,2022-08-15,Production,Female,Asian,IC5
e002543,2020-08-24,2021-12-06,Sales,Male,Asian,IC5
e002544,2020-08-17,2021-07-22,Sales,Female,Black,S1
e002545,2020-08-04,2022-02-23,Sales,Female,Asian,IC8
e002546,2020-08-05,2020-09-02,Sales,Male,Hispanic,S2
e002547,2020-08-19,2020-12-01,Administrative,Male,Hispanic,S3
e002548,2020-08-18,2023-07-20,Administrative,Female,Hispanic,S2
e002549,2020-08-21,2020-12-14,Production,Female,White,IC5
e002550,2020-08-17,2021-01-07,Sales,Male,Asian,IC1
e002551,2020-08-12,2021-04-07,Administrative,Female,Hispanic,IC4
e002552,2020-08-21,2024-01-24,Sales,Male,Asian,IC5
e002553,2020-08-28,2023-12-14,Administrative,Female,White,IC6
e002554,2020-08-27,2021-11-02,Sales,Female,White,IC1
e002555,2020-08-13,2022-10-25,Sales,Male,Black,IC2
e002556,2020-08-26,2023-10-05,Production,Female,Hispanic,S1
e002557,2020-08-07,2022-12-30,Sales,Female,White,IC7
e002558,2020-08-20,2024-05-08,Sales,Male,Asian,S3
e002559,2020-08-27,2023-12-15,Production,Male,Asian,S2
e002560,2020-08-05,2023-04-25,Sales,Male,Black,IC4
e002561,2020-08-20,2020-11-04,Administrative,Male,Asian,IC6
e002562,2020-08-21,2023-07-31,Sales,Male,Hispanic,S1
e002563,2020-08-24,2022-08-29,Sales,Male,Hispanic,M7
e002564,2020-08-05,2024-04-15,Sales,Female,Asian,IC3
e002565,2020-08-03,2020-11-02,Administrative,Male,Asian,S2
e002566,2020-08-21,2021-02-22,Production,Male,Asian,IC3
e002567,2020-08-10,2022-02-09,Sales,Female,Hispanic,IC6
e002568,2020-08-11,2021-10-19,Production,Female,Asian,S3
e002569,2020-08-21,2021-10-19,Production,Female,Asian,IC5
e002570,2020-08-17,2023-10-12,Sales,Female,Asian,IC8
e002571,2020-08-27,2023-02-03,Sales,Male,Asian,IC1
e002572,2020-08-04,2021-04-30,Production,Female,Asian,IC7
e002573,2020-08-21,2021-04-08,Production,Female,White,IC5
e002574,2020-08-31,2023-11-06,Sales,Male,Black,IC1
e002575,2020-08-26,2020-09-08,Production,Female,White,IC9
e002576,2020-08-25,2021-11-22,Administrative,Female,White,M7
e002577,2020-08-04,2021-12-08,Production,Male,Hispanic,IC3
e002578,2020-08-27,2023-11-09,Administrative,Male,Asian,IC6
e002579,2020-08-21,2023-10-24,Production,Female,Black,M4
e002580,2020-08-11,2024-01-09,Production,Female,Asian,IC3
e002581,2020-08-14,2023-12-21,Production,Female,Black,IC2
e002582,2020-08-31,2023-06-30,Sales,Male,Asian,IC7
e002583,2020-08-07,2021-10-07,Sales,Female,White,IC6
e002584,2020-08-06,2020-09-08,Sales,Female,Asian,IC6
e002585,2020-08-13,2020-11-19,Production,Female,Black,M8
e002586,2020-08-12,2020-09-10,Production,Male,Asian,IC5
e002587,2020-08-10,2021-05-21,Sales,Male,Asian,M8
e002588,2020-08-31,2021-10-28,Production,Female,Asian,S3
e002589,2020-08-26,2021-10-19,Sales,Female,Asian,IC3
e002590,2020-08-04,2023-08-16,Production,Female,Black,S3
e002591,2020-08-26,,Administrative,Male,Black,M4
e002592,2020-08-12,2022-12-09,Production,Male,Black,S1
e002593,2020-08-18,2023-12-29,Sales,Male,White,S3
e002594,2020-08-27,2020-12-07,Sales,Female,Black,IC5
e002595,2020-08-26,2020-12-09,Sales,Female,Black,S3
e002596,2020-08-27,2022-08-02,Administrative,Male,Black,IC4
e002597,2020-08-13,2020-09-04,Sales,Female,Black,M5
e002598,2020-08-17,2020-12-28,Sales,Male,Asian,M5
e002599,2020-08-25,2021-07-29,Administrative,Male,White,S3
e002600,2020-08-17,2021-07-07,Sales,Female,White,IC6
e002601,2020-08-31,2023-10-05,Production,Female,Asian,S2
e002602,2020-08-28,2021-05-10,Administrative,Female,Asian,IC7
e002603,2020-08-14,2022-06-13,Sales,Male,Black,IC3
e002604,2020-08-12,2023-08-29,Administrative,Female,White,IC1
e002605,2020-08-07,2023-12-07,Production,Male,White,IC2
e002606,2020-08-17,2023-02-02,Production,Female,Asian,S3
e002607,2020-09-28,2023-05-10,Sales,Male,Asian,IC4
e002608,2020-09-17,2023-11-03,Production,Female,White,S2
e002609,2020-09-03,2020-12-25,Sales,Male,Asian,IC3
e002610,2020-09-04,2023-02-02,Production,Female,Asian,M6
e002611,2020-09-08,2020-11-26,Sales,Male,Hispanic,M5
e002612,2020-09-03,2020-12-03,Production,Female,Hispanic,S1
e002613,2020-09-03,2022-03-09,Production,Female,Asian,IC2
e002614,2020-09-15,2022-09-22,Administrative,Female,Asian,IC6
e002615,2020-09-01,2022-03-28,Sales,Female,White,IC7
e002616,2020-09-02,2023-05-23,Administrative,Female,Asian,IC4
e002617,2020-09-21,2024-03-22,Sales,Female,Black,S1
e002618,2020-09-28,2023-12-18,Sales,Male,Asian,IC8
e002619,2020-09-18,2023-04-05,Sales,Female,Black,IC3
e002620,2020-09-21,2023-08-23,Sales,Female,White,IC2
e002621,2020-09-16,2024-10-17,Production,Male,Asian,IC3
e002622,2020-09-25,2022-10-12,Sales,Female,Hispanic,S3
e002623,2020-10-05,2022-09-05,Administrative,Male,Asian,S3
e002624,2020-10-28,2023-09-28,Sales,Female,Black,S1
e002625,2020-10-23,2020-11-11,Administrative,Male,Black,IC3
e002626,2020-10-21,2023-09-26,Production,Female,White,IC6
e002627,2020-10-09,2021-07-02,Sales,Female,Asian,IC1
e002628,2020-10-21,2021-12-01,Administrative,Male,Asian,IC5
e002629,2020-10-02,2021-05-26,Sales,Male,Black,S1
e002630,2020-10-23,2021-10-06,Administrative,Male,Asian,M5
e002631,2020-10-09,2022-01-17,Sales,Female,Asian,M4
e002632,2020-10-22,2023-12-26,Sales,Male,White,IC3
e002633,2020-10-16,,Sales,Female,Asian,IC5
e002634,2020-10-16,2022-02-21,Sales,Male,White,S2
e002635,2020-10-19,2021-10-12,Sales,Female,Black,S2
e002636,2020-10-27,2021-02-16,Production,Male,Asian,IC6
e002637,2020-10-12,2023-08-31,Production,Male,Black,S1
e002638,2020-10-16,2024-02-13,Production,Male,Black,M4
e002639,2020-10-09,2021-03-11,Administrative,Male,Asian,IC1
e002640,2020-10-28,2022-08-03,Sales,Male,Asian,S1
e002641,2020-10-15,2022-12-15,Sales,Male,Black,IC6
e002642,2020-10-14,2021-12-14,Sales,Male,White,S2
e002643,2020-10-16,2023-08-21,Production,Female,Black,IC2
e002644,2020-10-02,2023-03-06,Production,Female,Hispanic,S1
e002645,2020-10-01,2023-12-01,Sales,Female,White,S3
e002646,2020-10-01,2022-06-06,Administrative,Male,Hispanic,S2
e002647,2020-10-16,2022-06-20,Sales,Male,Black,IC6
e002648,2020-10-13,2023-09-14,Production,Female,Black,IC1
e002649,2020-10-02,2022-09-16,Sales,Male,Black,M4
e002650,2020-10-08,2020-11-16,Administrative,Male,Hispanic,S2
e002651,2020-10-15,2021-11-04,Production,Male,White,M6
e002652,2020-10-12,2020-12-01,Sales,Female,White,IC5
e002653,2020-10-26,2021-10-11,Sales,Male,Asian,IC6
e002654,2020-10-02,2023-02-09,Production,Female,Black,IC7
e002655,2020-10-27,2023-11-20,Administrative,Female,White,M5
e002656,2020-10-16,2021-11-29,Sales,Female,White,M4
e002657,2020-10-23,2023-10-19,Sales,Female,Hispanic,IC2
e002658,2020-10-15,2020-11-05,Production,Female,Asian,IC5
e002659,2020-10-16,2022-02-15,Sales,Male,Hispanic,S1
e002660,2020-10-28,2023-09-05,Administrative,Male,Asian,IC1
e002661,2020-10-29,2022-02-11,Administrative,Female,White,S1
e002662,2020-10-08,2022-02-03,Sales,Female,Hispanic,S1
e002663,2020-10-20,2022-06-28,Administrative,Female,Asian,M5
e002664,2020-10-15,2023-09-08,Production,Female,Asian,S3
e002665,2020-10-30,2022-10-17,Administrative,Female,Black,IC2
e002666,2020-10-13,2023-01-20,Sales,Male,Asian,IC4
e002667,2020-10-09,2021-11-17,Sales,Female,Asian,IC2
e002668,2020-10-01,2021-07-12,Administrative,Female,Asian,IC6
e002669,2020-10-09,2022-08-30,Sales,Male,Asian,IC2
e002670,2020-10-08,2023-05-11,Sales,Female,Asian,IC6
e002671,2020-10-08,2022-10-19,Sales,Male,Asian,S3
e002672,2020-10-15,2023-08-17,Production,Female,Asian,IC7
e002673,2020-10-28,2023-09-06,Administrative,Female,White,IC2
e002674,2020-10-28,2023-05-31,Production,Male,Asian,IC4
e002675,2020-10-01,2022-02-25,Production,Female,White,S2
e002676,2020-10-19,2020-12-03,Administrative,Female,Hispanic,S2
e002677,2020-10-08,2023-04-24,Administrative,Male,Hispanic,S1
e002678,2020-10-30,2023-10-26,Administrative,Female,White,IC3
e002679,2020-10-01,2023-01-18,Sales,Female,White,M5
e002680,2020-10-22,2021-04-06,Production,Female,Asian,IC1
e002681,2020-10-13,2024-10-22,Production,Male,Hispanic,S2
e002682,2020-10-30,2023-06-12,Production,Female,Hispanic,IC6
e002683,2020-10-22,2021-07-16,Sales,Female,Asian,IC4
e002684,2020-10-13,2024-02-23,Administrative,Female,White,S2
e002685,2020-10-19,2022-08-16,Sales,Male,Asian,IC1
e002686,2020-10-09,2023-05-15,Administrative,Female,Hispanic,IC5
e002687,2020-10-29,2021-07-29,Production,Male,Asian,S2
e002688,2020-10-07,2024-03-12,Administrative,Female,White,IC2
e002689,2020-10-28,2023-11-17,Sales,Male,White,S1
e002690,2020-10-23,2021-03-29,Sales,Male,White,IC5
e002691,2020-10-14,2021-04-23,Production,Female,Asian,S1
e002692,2020-10-07,2021-10-20,Sales,Female,White,IC5
e002693,2020-10-07,2023-02-16,Production,Male,Hispanic,S1
e002694,2020-10-27,2022-08-05,Administrative,Male,White,IC3
e002695,2020-10-01,2021-11-16,Sales,Female,White,S2
e002696,2020-10-06,2021-04-16,Sales,Female,Black,IC3
e002697,2020-10-02,2021-11-30,Production,Female,Hispanic,IC3
e002698,2020-11-16,2022-03-10,Sales,Female,Hispanic,IC7
e002699,2020-11-25,2022-03-02,Administrative,Female,Asian,IC2
e002700,2020-11-17,2022-10-03,Production,Female,Hispanic,M4
e002701,2020-11-25,2021-12-08,Production,Male,Black,IC1
e002702,2020-11-05,2021-04-06,Administrative,Male,Asian,S1
e002703,2020-11-24,2021-10-12,Sales,Female,Hispanic,S1
e002704,2020-11-03,2023-06-30,Administrative,Male,Hispanic,S3
e002705,2020-11-06,2022-02-28,Sales,Female,Hispanic,IC3
e002706,2020-11-09,2021-12-10,Production,Male,Asian,IC1
e002707,2020-11-25,2023-09-20,Production,Female,Asian,M6
e002708,2020-11-11,2022-12-09,Production,Female,White,IC5
e002709,2020-11-06,2020-12-23,Sales,Male,Black,IC2
e002710,2020-11-17,2022-12-13,Sales,Male,Asian,IC1
e002711,2020-11-18,2021-04-14,Sales,Female,Hispanic,S2
e002712,2020-11-23,2023-12-01,Administrative,Female,White,IC3
e002713,2020-11-23,2022-02-25,Sales,Male,Asian,S2
e002714,2020-11-25,2023-11-21,Administrative,Male,Black,IC2
e002715,2020-11-25,2021-10-01,Sales,Female,Asian,S3
e002716,2020-11-23,2023-10-25,Production,Female,White,S3
e002717,2020-11-06,2023-08-24,Administrative,Female,White,M6
e002718,2020-11-25,2023-08-03,Administrative,Female,Hispanic,IC1
e002719,2020-11-16,2023-08-28,Sales,Female,Asian,S3
e002720,2020-11-06,2024-04-09,Production,Female,Hispanic,S3
e002721,2020-11-11,2022-06-17,Sales,Female,White,M9
e002722,2020-11-16,2021-11-02,Administrative,Male,Hispanic,IC8
e002723,2020-11-17,2021-10-14,Administrative,Female,Black,M5
e002724,2020-11-13,2021-07-06,Production,Male,Hispanic,IC7
e002725,2020-11-17,2022-12-30,Administrative,Male,Hispanic,IC2
e002726,2020-11-26,2022-02-22,Administrative,Female,Black,M4
e002727,2020-11-09,2022-06-08,Production,Female,White,M4
e002728,2020-11-04,2023-02-06,Production,Female,White,IC6
e002729,2020-11-24,2022-10-19,Production,Male,White,S3
e002730,2020-11-30,2023-10-09,Administrative,Female,Asian,S2
e002731,2020-11-06,2023-05-24,Sales,Female,Asian,IC2
e002732,2020-12-31,2021-12-27,Sales,Female,Hispanic,S1
e002733,2020-12-08,2023-06-28,Administrative,Female,Asian,S1
e002734,2020-12-28,2021-10-29,Administrative,Female,White,IC6
e002735,2020-12-14,2023-09-29,Administrative,Male,Hispanic,IC8
e002736,2020-12-02,2021-07-02,Production,Male,Asian,M4
e002737,2020-12-07,2021-10-26,Production,Male,Asian,M6
e002738,2020-12-14,2021-07-14,Production,Female,Black,IC7
e002739,2020-12-03,2023-08-30,Administrative,Female,White,M5
e002740,2020-12-25,2023-09-05,Administrative,Male,Black,IC7
e002741,2020-12-07,2023-02-07,Administrative,Male,Asian,IC5
e002742,2020-12-24,2021-04-30,Administrative,Male,Black,IC4
e002743,2020-12-14,2021-04-26,Production,Female,Asian,S2
e002744,2020-12-18,2024-10-25,Administrative,Female,Black,IC1
e002745,2020-12-22,2021-07-26,Sales,Female,Asian,S2
e002746,2020-12-22,2021-10-29,Sales,Female,Hispanic,IC5
e002747,2020-12-25,2021-12-23,Sales,Male,White,S3
e002748,2020-12-11,2021-01-22,Administrative,Male,Hispanic,IC5
e002749,2020-12-28,2022-02-17,Production,Female,Asian,M5
e002750,2020-12-29,2022-02-18,Sales,Male,Hispanic,IC3
e002751,2020-12-01,2021-05-04,Sales,Female,Hispanic,S1
e002752,2020-12-10,2023-03-31,Administrative,Female,Asian,M9
e002753,2020-12-01,2021-09-20,Sales,Male,Hispanic,S3
e002754,2020-12-09,2023-02-21,Sales,Female,Black,IC9
e002755,2020-12-30,2021-07-21,Production,Female,Asian,M4
e002756,2020-12-31,2023-05-16,Production,Male,Asian,M6
e002757,2020-12-31,2023-06-02,Production,Female,Black,IC4
e002758,2020-12-02,2021-07-26,Production,Female,White,IC3
e002759,2020-12-29,2023-07-31,Administrative,Male,Asian,IC7
e002760,2021-01-08,2023-05-09,Sales,Female,Black,IC7
e002761,2021-01-07,2023-07-26,Production,Female,Asian,IC1
e002762,2021-01-12,2023-02-28,Administrative,Female,White,S1
e002763,2021-01-26,2022-08-01,Sales,Male,Asian,IC8
e002764,2021-01-19,2021-05-06,Sales,Male,Asian,S2
e002765,2021-01-18,2021-11-05,Production,Male,Asian,IC4
e002766,2021-01-22,2024-01-09,Production,Male,Asian,IC4
e002767,2021-01-20,2023-03-24,Sales,Female,Black,IC6
e002768,2021-01-27,2023-02-17,Administrative,Male,Asian,S1
e002769,2021-01-25,2021-05-20,Sales,Female,Hispanic,S2
e002770,2021-01-20,2022-01-18,Administrative,Male,Black,S2
e002771,2021-01-27,2021-02-19,Administrative,Male,White,M4
e002772,2021-01-13,2023-04-27,Sales,Female,Black,IC4
e002773,2021-01-19,2021-04-13,Sales,Male,Black,IC1
e002774,2021-01-20,2022-02-11,Administrative,Female,Asian,IC5
e002775,2021-01-13,2022-02-01,Sales,Male,Hispanic,S3
e002776,2021-01-04,2023-08-15,Production,Male,Black,IC3
e002777,2021-01-12,2023-04-10,Administrative,Female,Asian,IC3
e002778,2021-01-28,2021-12-23,Sales,Male,Black,S1
e002779,2021-01-26,2022-02-23,Administrative,Male,Asian,IC5
e002780,2021-01-27,2022-02-09,Sales,Male,Hispanic,IC2
e002781,2021-01-18,2023-08-14,Administrative,Male,Asian,IC3
e002782,2021-01-13,2021-10-13,Production,Male,White,S2
e002783,2021-01-28,2023-04-06,Production,Female,Black,IC5
e002784,2021-01-26,2022-08-15,Production,Female,Asian,S1
e002785,2021-01-15,2023-07-27,Production,Female,Black,IC4
e002786,2021-01-14,2023-12-19,Production,Female,Asian,IC4
e002787,2021-01-06,2022-10-11,Sales,Female,Asian,M5
e002788,2021-01-04,2024-02-21,Production,Female,Hispanic,M5
e002789,2021-01-27,2021-12-30,Administrative,Female,Hispanic,S2
e002790,2021-01-22,2023-02-03,Sales,Male,Asian,S1
e002791,2021-01-28,2023-01-09,Sales,Male,White,IC9
e002792,2021-01-13,2022-02-17,Sales,Female,Asian,IC3
e002793,2021-01-08,2023-08-30,Administrative,Female,Asian,S1
e002794,2021-01-19,2023-02-07,Administrative,Female,Black,S3
e002795,2021-01-22,2023-12-28,Administrative,Female,Hispanic,IC6
e002796,2021-01-07,2023-04-04,Administrative,Male,White,S1
e002797,2021-01-07,2023-02-17,Sales,Female,Black,IC3
e002798,2021-01-28,2022-02-01,Production,Female,Asian,IC6
e002799,2021-01-27,2022-08-15,Sales,Male,Black,M5
e002800,2021-01-25,2023-08-16,Sales,Male,Asian,S1
e002801,2021-01-01,2022-03-09,Sales,Female,Asian,IC1
e002802,2021-01-27,2021-04-02,Production,Female,Black,M7
e002803,2021-01-27,2021-12-06,Sales,Male,Asian,IC4
e002804,2021-01-29,2022-08-02,Sales,Female,White,IC1
e002805,2021-01-13,2023-07-14,Production,Male,White,M5
e002806,2021-01-26,2021-07-12,Production,Male,Asian,IC2
e002807,2021-01-11,2022-08-30,Administrative,Male,Asian,IC5
e002808,2021-01-01,2023-09-07,Sales,Male,White,S1
e002809,2021-01-13,2022-09-02,Administrative,Female,White,IC6
e002810,2021-01-25,2023-12-18,Administrative,Male,Black,S3
e002811,2021-01-20,2023-08-22,Production,Female,Asian,IC1
e002812,2021-01-21,2023-08-17,Administrative,Male,Black,S2
e002813,2021-01-08,2024-02-20,Administrative,Female,Black,IC1
e002814,2021-01-01,2021-10-25,Production,Female,White,S1
e002815,2021-01-20,2022-12-08,Administrative,Female,Black,S2
e002816,2021-01-06,2024-03-29,Sales,Female,Asian,S2
e002817,2021-01-18,2022-08-31,Production,Female,Hispanic,IC5
e002818,2021-01-14,2024-03-11,Production,Male,White,S2
e002819,2021-01-04,2023-12-27,Sales,Female,White,S2
e002820,2021-01-26,2023-10-03,Production,Male,Asian,IC3
e002821,2021-01-25,2021-11-09,Sales,Male,White,IC6
e002822,2021-01-06,2021-11-03,Administrative,Female,Black,IC4
e002823,2021-01-19,2023-01-11,Sales,Male,White,S2
e002824,2021-01-11,2023-12-14,Sales,Female,White,IC3
e002825,2021-02-05,2023-10-11,Sales,Female,White,IC5
e002826,2021-02-11,2024-03-21,Sales,Female,Hispanic,M4
e002827,2021-02-24,2022-01-14,Administrative,Female,Asian,S3
e002828,2021-02-03,2021-12-13,Production,Female,Hispanic,IC6
e002829,2021-02-23,2021-12-28,Production,Male,Asian,IC7
e002830,2021-02-09,2021-04-02,Administrative,Male,Asian,IC1
e002831,2021-02-23,2022-10-13,Sales,Female,Black,S1
e002832,2021-02-22,2023-11-29,Production,Male,Asian,IC2
e002833,2021-02-18,2021-10-08,Sales,Female,Asian,S3
e002834,2021-02-12,2021-10-13,Administrative,Female,Asian,M4
e002835,2021-02-19,2023-03-23,Administrative,Male,Hispanic,IC6
e002836,2021-02-15,2024-06-04,Sales,Female,Black,IC1
e002837,2021-02-01,2021-07-06,Sales,Female,Black,S3
e002838,2021-02-23,2022-08-04,Sales,Female,Asian,IC2
e002839,2021-02-25,2021-04-02,Administrative,Male,Black,M5
e002840,2021-02-18,2023-05-24,Production,Female,White,IC7
e002841,2021-02-08,2023-05-19,Production,Female,Asian,S3
e002842,2021-02-03,2021-12-31,Administrative,Male,White,IC6
e002843,2021-02-17,2023-12-18,Production,Male,Asian,M4
e002844,2021-02-24,2023-08-14,Sales,Male,Hispanic,M5
e002845,2021-02-02,2021-05-26,Administrative,Female,Black,S1
e002846,2021-02-08,2023-08-15,Sales,Female,White,S2
e002847,2021-02-04,2022-02-18,Sales,Female,White,IC5
e002848,2021-02-19,2022-06-28,Sales,Female,White,IC5
e002849,2021-02-23,2023-12-05,Administrative,Male,Black,IC4
e002850,2021-02-23,2022-02-25,Production,Female,Asian,M6
e002851,2021-02-25,2023-12-29,Sales,Male,White,IC1
e002852,2021-02-08,2024-09-05,Administrative,Female,Black,M5
e002853,2021-02-01,2022-02-15,Sales,Female,Asian,S3
e002854,2021-02-02,2023-11-06,Production,Female,Asian,IC1
e002855,2021-02-25,2024-03-07,Production,Female,Black,IC1
e002856,2021-02-05,2024-05-31,Sales,Female,White,M6
e002857,2021-02-09,2022-10-05,Production,Female,Hispanic,IC1
e002858,2021-02-05,2021-07-14,Sales,Female,Black,M4
e002859,2021-02-02,2023-05-23,Sales,Female,White,IC2
e002860,2021-02-02,2023-02-28,Administrative,Female,Asian,S3
e002861,2021-02-25,2021-10-07,Administrative,Female,Black,IC3
e002862,2021-02-22,2023-11-07,Sales,Female,Asian,S3
e002863,2021-02-08,2023-10-31,Administrative,Female,White,S1
e002864,2021-02-22,2023-12-14,Sales,Male,White,IC4
e002865,2021-02-10,2023-10-30,Administrative,Female,Asian,IC6
e002866,2021-02-24,2021-11-08,Production,Female,Asian,S1
e002867,2021-02-09,2021-07-15,Sales,Male,Hispanic,S3
e002868,2021-02-18,2023-11-15,Sales,Female,Black,IC6
e002869,2021-02-26,2021-05-04,Administrative,Female,White,IC4
e002870,2021-02-10,2023-12-27,Production,Male,Asian,IC2
e002871,2021-02-18,2022-02-07,Sales,Male,Hispanic,IC2
e002872,2021-02-12,2023-11-03,Sales,Male,White,S2
e002873,2021-02-03,2021-04-26,Administrative,Male,White,S1
e002874,2021-02-15,2021-10-14,Production,Female,Asian,S2
e002875,2021-02-11,2021-12-08,Sales,Female,Asian,IC7
e002876,2021-02-05,2023-11-01,Administrative,Female,White,IC1
e002877,2021-02-17,2023-11-02,Administrative,Female,Hispanic,IC8
e002878,2021-02-17,2022-02-10,Administrative,Male,White,IC3
e002879,2021-02-15,2023-09-14,Production,Female,White,IC8
e002880,2021-02-25,2024-01-18,Administrative,Male,White,IC4
e002881,2021-02-25,2021-12-10,Administrative,Female,White,IC3
e002882,2021-02-12,2022-12-20,Sales,Female,Hispanic,IC7
e002883,2021-02-22,2024-03-28,Production,Male,Asian,IC5
e002884,2021-02-09,2022-02-08,Administrative,Male,Asian,IC1
e002885,2021-02-24,2023-09-20,Sales,Male,White,IC3
e002886,2021-02-19,2023-04-24,Production,Female,Asian,IC6
e002887,2021-02-09,2021-09-23,Administrative,Female,Hispanic,IC6
e002888,2021-02-19,2023-11-29,Sales,Male,Asian,IC2
e002889,2021-02-18,2023-07-26,Sales,Male,White,S1
e002890,2021-02-12,2023-07-04,Production,Female,Black,IC1
e002891,2021-02-26,2021-04-05,Administrative,Male,Hispanic,IC3
e002892,2021-02-05,2021-10-18,Production,Male,Hispanic,M4
e002893,2021-03-19,2022-09-19,Sales,Male,White,IC7
e002894,2021-03-26,2023-05-29,Production,Female,Asian,IC9
e002895,2021-03-02,2021-12-17,Sales,Female,Black,M5
e002896,2021-03-01,2021-12-31,Administrative,Male,Black,S2
e002897,2021-03-19,2022-02-22,Administrative,Female,Asian,S1
e002898,2021-03-05,2021-12-16,Sales,Male,Asian,IC4
e002899,2021-03-05,2022-02-22,Sales,Female,Asian,M6
e002900,2021-03-02,2023-06-15,Administrative,Female,White,IC4
e002901,2021-03-02,2023-08-23,Production,Male,Hispanic,IC4
e002902,2021-03-19,2023-09-05,Production,Female,Asian,IC2
e002903,2021-03-19,2021-12-21,Administrative,Female,Black,M5
e002904,2021-03-02,2023-08-31,Sales,Male,White,IC6
e002905,2021-03-22,2023-08-08,Sales,Male,Black,IC5
e002906,2021-03-08,2023-12-14,Administrative,Female,Black,IC6
e002907,2021-03-22,2021-10-20,Sales,Female,White,S1
e002908,2021-03-17,2024-03-04,Production,Female,Hispanic,IC2
e002909,2021-03-10,2023-06-29,Sales,Female,White,IC4
e002910,2021-03-25,2021-10-15,Administrative,Female,Hispanic,S2
e002911,2021-03-22,2022-01-20,Production,Female,Black,IC3
e002912,2021-03-23,2023-06-09,Production,Female,White,S3
e002913,2021-03-29,2024-01-24,Administrative,Male,White,M4
e002914,2021-03-19,2021-10-11,Sales,Female,White,M4
e002915,2021-03-18,2022-02-23,Sales,Female,Asian,S3
e002916,2021-03-02,2023-12-13,Administrative,Female,Hispanic,S2
e002917,2021-03-01,2023-04-27,Sales,Male,Asian,M4
e002918,2021-03-22,2021-05-06,Production,Male,White,IC2
e002919,2021-03-31,,Administrative,Male,Black,S3
e002920,2021-03-23,2024-07-25,Sales,Male,Black,IC5
e002921,2021-03-19,2023-03-17,Sales,Female,Black,IC4
e002922,2021-03-11,2024-03-04,Administrative,Female,Asian,IC4
e002923,2021-03-30,2022-12-05,Sales,Female,Asian,IC4
e002924,2021-03-19,2022-02-15,Production,Male,Black,IC4
e002925,2021-03-19,2021-11-12,Administrative,Female,White,M6
e002926,2021-03-29,2023-12-11,Administrative,Female,Asian,M4
e002927,2021-03-22,2021-10-14,Administrative,Female,Black,S1
e002928,2021-03-22,2023-08-04,Production,Male,Hispanic,IC3
e002929,2021-03-30,2022-08-03,Administrative,Male,White,IC4
e002930,2021-03-09,2022-08-18,Production,Female,Asian,IC3
e002931,2021-03-24,2023-04-17,Production,Male,White,IC2
e002932,2021-03-24,2021-07-02,Production,Female,Asian,IC6
e002933,2021-03-03,2021-10-15,Sales,Male,White,IC5
e002934,2021-03-22,2023-06-28,Administrative,Male,Hispanic,IC7
e002935,2021-03-24,2023-04-12,Administrative,Female,White,IC9
e002936,2021-03-17,2023-08-10,Sales,Female,White,IC8
e002937,2021-03-04,2023-09-19,Sales,Female,Black,S3
e002938,2021-03-31,2021-11-26,Administrative,Male,White,IC3
e002939,2021-03-31,2023-11-02,Production,Female,White,S1
e002940,2021-03-26,2023-05-02,Production,Male,Asian,M7
e002941,2021-03-04,2023-08-14,Sales,Female,Black,IC4
e002942,2021-03-23,2023-12-25,Production,Female,Hispanic,IC6
e002943,2021-03-12,2022-09-01,Administrative,Female,Hispanic,IC5
e002944,2021-03-22,2023-11-16,Sales,Male,Hispanic,S2
e002945,2021-03-10,2024-04-12,Production,Female,White,S3
e002946,2021-03-26,2021-12-09,Sales,Female,Black,IC3
e002947,2021-03-22,2023-03-16,Production,Female,Black,IC7
e002948,2021-03-09,2023-02-08,Sales,Male,Black,M6
e002949,2021-03-09,2021-10-12,Production,Female,Asian,S3
e002950,2021-03-16,2024-02-27,Sales,Female,Hispanic,S2
e002951,2021-03-30,2023-02-15,Sales,Female,Black,M5
e002952,2021-03-19,2021-10-13,Administrative,Female,Black,M5
e002953,2021-03-09,2021-10-06,Sales,Female,Asian,S2
e002954,2021-03-22,2021-10-05,Administrative,Male,Asian,M6
e002955,2021-03-02,2022-02-10,Sales,Female,Black,IC2
e002956,2021-03-05,2023-12-07,Sales,Male,Asian,IC2
e002957,2021-03-09,2023-03-07,Administrative,Female,Hispanic,IC7
e002958,2021-03-23,2022-10-14,Administrative,Male,Asian,IC6
e002959,2021-03-22,2022-09-21,Administrative,Male,Asian,IC7
e002960,2021-03-05,2021-07-06,Administrative,Female,Asian,IC4
e002961,2021-03-25,2021-10-04,Production,Female,Hispanic,IC2
e002962,2021-03-02,2022-03-16,Sales,Male,Hispanic,M9
e002963,2021-03-02,2023-08-21,Sales,Female,White,S3
e002964,2021-03-10,2023-03-03,Sales,Male,White,S2
e002965,2021-03-19,2021-04-02,Sales,Female,Asian,S3
e002966,2021-03-08,2021-09-01,Production,Female,Hispanic,IC5
e002967,2021-03-18,2021-12-08,Sales,Female,Black,IC1
e002968,2021-03-23,2021-11-18,Administrative,Female,Asian,IC2
e002969,2021-03-24,2023-08-30,Sales,Male,White,M7
e002970,2021-03-18,2021-12-29,Production,Male,Asian,IC3
e002971,2021-03-18,2021-04-16,Production,Male,Hispanic,S3
e002972,2021-03-24,2023-11-07,Administrative,Female,Black,IC7
e002973,2021-03-11,2023-01-13,Sales,Male,Asian,IC9
e002974,2021-03-05,2021-12-30,Production,Female,Asian,IC4
e002975,2021-03-30,2023-11-22,Sales,Female,White,IC4
e002976,2021-03-22,2022-01-03,Sales,Male,Asian,IC6
e002977,2021-03-08,2021-12-28,Sales,Female,Hispanic,S2
e002978,2021-03-05,2022-02-24,Production,Female,Asian,IC4
e002979,2021-03-22,2021-11-26,Administrative,Female,Hispanic,IC6
e002980,2021-03-17,2023-09-22,Administrative,Female,Hispanic,IC1
e002981,2021-03-16,2022-02-21,Sales,Female,Asian,IC2
e002982,2021-03-23,2023-05-01,Administrative,Male,White,IC1
e002983,2021-03-05,2022-06-03,Sales,Female,Asian,IC7
e002984,2021-03-11,2023-08-03,Sales,Female,Asian,IC3
e002985,2021-03-03,2022-03-31,Administrative,Male,Black,IC5
e002986,2021-03-15,2023-11-17,Sales,Female,Hispanic,IC4
e002987,2021-03-25,2024-03-20,Production,Female,Asian,IC4
e002988,2021-03-18,2024-02-05,Sales,Female,Asian,IC5
e002989,2021-03-30,2023-12-06,Production,Female,White,IC6
e002990,2021-03-30,2022-10-24,Production,Female,Hispanic,S3
e002991,2021-03-25,2021-12-24,Sales,Female,Black,IC3
e002992,2021-03-15,2024-04-02,Sales,Female,Hispanic,IC2
e002993,2021-04-21,2021-07-20,Administrative,Male,Hispanic,M6
e002994,2021-04-14,2023-09-20,Administrative,Female,White,S2
e002995,2021-04-01,2023-02-28,Production,Male,Hispanic,S2
e002996,2021-04-22,2023-02-13,Administrative,Female,Asian,IC6
e002997,2021-04-28,2023-11-28,Administrative,Male,Asian,IC6
e002998,2021-04-14,2023-06-14,Administrative,Female,Asian,IC4
e002999,2021-04-29,2023-11-01,Administrative,Female,Asian,S1
e003000,2021-04-09,2023-06-13,Production,Female,Hispanic,S3
e003001,2021-04-08,2023-12-12,Sales,Female,Hispanic,S3
e003002,2021-04-30,2023-10-26,Production,Female,White,IC1
e003003,2021-04-09,,Production,Female,Asian,IC2
e003004,2021-04-27,2022-02-09,Production,Female,White,M6
e003005,2021-04-28,2022-03-18,Sales,Male,Hispanic,M5
e003006,2021-04-01,2023-11-02,Production,Male,Asian,IC7
e003007,2021-04-08,2022-08-24,Sales,Male,Asian,IC1
e003008,2021-04-06,2021-12-23,Administrative,Male,Asian,M5
e003009,2021-04-16,2022-08-31,Administrative,Male,White,IC3
e003010,2021-04-30,2023-11-20,Administrative,Female,Asian,S3
e003011,2021-04-20,2023-09-05,Administrative,Female,Asian,S3
e003012,2021-04-08,2023-02-16,Administrative,Female,Black,S2
e003013,2021-04-16,2021-07-05,Sales,Male,Asian,IC1
e003014,2021-04-20,2022-02-24,Sales,Female,White,S2
e003015,2021-04-13,2022-09-01,Sales,Female,Black,S3
e003016,2021-04-07,2021-07-07,Sales,Male,Hispanic,M4
e003017,2021-04-22,2021-10-04,Administrative,Female,Black,IC9
e003018,2021-04-13,2023-12-11,Administrative,Male,White,S1
e003019,2021-04-23,2021-10-04,Sales,Female,Black,S3
e003020,2021-04-16,2021-05-14,Sales,Female,White,IC6
e003021,2021-04-26,2024-01-30,Production,Female,Asian,IC2
e003022,2021-04-07,2023-08-10,Production,Male,Hispanic,IC3
e003023,2021-04-02,2021-07-23,Production,Female,Asian,M5
e003024,2021-04-02,2023-07-11,Administrative,Female,Asian,M4
e003025,2021-04-08,2021-12-03,Production,Male,Hispanic,S2
e003026,2021-04-19,2023-03-30,Administrative,Female,Black,S3
e003027,2021-04-08,2024-07-25,Production,Female,Hispanic,M4
e003028,2021-04-19,2023-08-09,Sales,Female,White,IC1
e003029,2021-04-19,2021-11-18,Sales,Female,Black,IC5
e003030,2021-04-14,2023-02-02,Sales,Female,White,IC3
e003031,2021-04-28,2023-02-16,Sales,Male,Hispanic,IC2
e003032,2021-04-27,2022-03-03,Production,Female,Asian,IC5
e003033,2021-04-14,2024-05-01,Administrative,Male,Black,IC1
e003034,2021-04-22,2023-12-05,Sales,Male,Asian,S1
e003035,2021-04-28,2022-09-02,Administrative,Female,White,IC1
e003036,2021-04-14,2023-12-13,Sales,Male,Asian,S2
e003037,2021-04-02,2023-08-17,Sales,Male,White,IC7
e003038,2021-04-15,2023-02-01,Administrative,Male,Hispanic,IC5
e003039,2021-04-15,2022-02-01,Administrative,Female,White,S1
e003040,2021-04-22,2023-06-28,Sales,Female,Hispanic,IC5
e003041,2021-04-07,2022-10-11,Sales,Female,Asian,IC4
e003042,2021-04-22,2022-08-12,Production,Male,Asian,S3
e003043,2021-04-19,2022-03-10,Production,Female,Hispanic,IC3
e003044,2021-04-29,2021-10-08,Sales,Female,Asian,IC6
e003045,2021-04-09,2024-03-05,Production,Female,Asian,IC2
e003046,2021-04-22,2022-10-04,Sales,Female,White,IC7
e003047,2021-04-13,2023-12-01,Production,Female,Hispanic,IC2
e003048,2021-04-01,2023-06-15,Administrative,Female,Asian,IC3
e003049,2021-04-20,2021-10-06,Production,Female,White,S3
e003050,2021-04-27,2022-09-01,Administrative,Female,White,IC6
e003051,2021-04-01,2021-09-29,Sales,Female,Asian,M4
e003052,2021-04-12,2022-03-21,Sales,Male,White,IC2
e003053,2021-04-29,2023-05-26,Sales,Female,Hispanic,IC1
e003054,2021-04-22,2023-02-10,Sales,Male,White,S2
e003055,2021-04-23,2024-05-17,Production,Female,White,S3
e003056,2021-04-07,2022-02-28,Administrative,Female,Black,M4
e003057,2021-04-16,2022-08-29,Administrative,Female,Hispanic,IC6
e003058,2021-04-20,2022-08-15,Administrative,Female,Hispanic,S2
e003059,2021-04-08,2023-11-28,Sales,Female,Hispanic,IC5
e003060,2021-04-02,2021-12-23,Production,Male,Black,S1
e003061,2021-04-22,2022-06-06,Sales,Female,Asian,S1
e003062,2021-04-19,2023-08-16,Administrative,Female,Asian,IC4
e003063,2021-04-02,2023-06-12,Production,Female,White,IC7
e003064,2021-04-19,2021-10-13,Production,Female,White,IC3
e003065,2021-04-19,2024-05-20,Sales,Female,Black,IC3
e003066,2021-04-19,2023-04-25,Sales,Male,White,IC6
e003067,2021-04-21,2023-08-15,Sales,Male,Hispanic,IC1
e003068,2021-04-20,2023-06-16,Sales,Male,Asian,IC2
e003069,2021-04-21,2023-02-02,Sales,Female,Black,IC6
e003070,2021-04-14,2021-10-20,Administrative,Female,Asian,IC2
e003071,2021-04-30,2022-01-11,Administrative,Male,Hispanic,S2
e003072,2021-04-30,2021-11-23,Sales,Female,White,M6
e003073,2021-04-15,2022-02-03,Sales,Male,Asian,IC3
e003074,2021-04-22,2022-01-27,Administrative,Male,Asian,IC3
e003075,2021-04-16,2024-05-01,Production,Female,Hispanic,IC5
e003076,2021-04-12,2021-10-01,Production,Female,Asian,S1
e003077,2021-04-20,2023-06-05,Administrative,Male,Asian,S3
e003078,2021-04-08,2022-08-25,Administrative,Male,Hispanic,M8
e003079,2021-04-19,2021-12-31,Sales,Male,Black,S2
e003080,2021-04-21,2022-03-16,Sales,Male,Hispanic,S1
e003081,2021-04-02,2022-10-05,Sales,Male,Asian,S1
e003082,2021-04-09,2023-09-04,Production,Male,Asian,IC4
e003083,2021-04-21,2023-02-20,Sales,Female,Black,S3
e003084,2021-04-26,2023-05-11,Sales,Female,Asian,S1
e003085,2021-04-02,2023-10-26,Sales,Male,Asian,S3
e003086,2021-04-15,2023-12-05,Administrative,Female,Asian,S2
e003087,2021-04-26,2023-02-02,Administrative,Female,Hispanic,IC5
e003088,2021-04-05,2023-05-05,Administrative,Female,Asian,IC3
e003089,2021-04-29,2023-04-25,Sales,Female,Hispanic,IC5
e003090,2021-05-19,2023-08-14,Sales,Female,Hispanic,IC3
e003091,2021-05-26,2024-05-13,Production,Male,Asian,IC3
e003092,2021-05-18,2022-09-28,Production,Male,Black,S3
e003093,2021-05-27,2023-08-17,Administrative,Female,White,IC8
e003094,2021-05-31,2021-12-13,Sales,Female,White,S2
e003095,2021-05-18,2022-02-28,Sales,Female,Asian,IC4
e003096,2021-05-27,2023-10-27,Sales,Male,Asian,S3
e003097,2021-06-16,2024-06-26,Sales,Female,Black,IC5
e003098,2021-06-07,2022-10-13,Production,Male,Asian,M4
e003099,2021-06-01,2023-06-13,Administrative,Male,Asian,IC3
e003100,2021-06-04,2023-02-28,Administrative,Female,Asian,S2
e003101,2021-06-18,2022-09-20,Sales,Male,Hispanic,S1
e003102,2021-06-10,2023-06-21,Administrative,Female,Asian,IC4
e003103,2021-06-28,2022-09-30,Sales,Female,Black,IC7
e003104,2021-06-14,2021-12-03,Sales,Male,Hispanic,S2
e003105,2021-06-08,2023-04-14,Production,Female,Asian,S1
e003106,2021-06-17,2024-04-17,Administrative,Female,Asian,S1
e003107,2021-06-17,2023-09-01,Sales,Male,Black,IC1
e003108,2021-06-14,2022-12-01,Sales,Male,Hispanic,IC5
e003109,2021-06-23,2023-03-30,Administrative,Male,Asian,M5
e003110,2021-06-25,2022-12-07,Sales,Female,Black,IC3
e003111,2021-07-02,2022-02-22,Production,Male,Asian,IC7
e003112,2021-07-13,2023-12-11,Production,Male,Hispanic,M5
e003113,2021-07-23,2022-02-22,Sales,Female,White,S3
e003114,2021-07-02,2023-08-24,Administrative,Male,Black,IC6
e003115,2021-07-05,2021-10-26,Sales,Female,White,IC2
e003116,2021-07-08,2024-07-08,Production,Male,Black,S3
e003117,2021-07-30,2022-02-10,Production,Male,Asian,S3
e003118,2021-07-14,2022-09-19,Production,Female,Asian,IC5
e003119,2021-07-13,2021-10-21,Administrative,Female,Asian,S1
e003120,2021-07-12,,Production,Male,Asian,S1
e003121,2021-07-28,2022-09-20,Sales,Male,Asian,M5
e003122,2021-07-22,2021-12-30,Production,Female,White,S3
e003123,2021-07-16,2023-05-01,Sales,Male,Hispanic,IC3
e003124,2021-07-16,2022-12-08,Administrative,Male,Asian,M5
e003125,2021-07-23,2023-11-10,Sales,Female,Black,S3
e003126,2021-07-01,2023-05-12,Sales,Female,Hispanic,S3
e003127,2021-07-06,2024-09-17,Production,Male,Asian,IC4
e003128,2021-07-15,2023-12-29,Production,Female,Asian,IC3
e003129,2021-07-26,2022-02-17,Production,Female,White,IC5
e003130,2021-07-05,2021-10-08,Administrative,Female,White,IC5
e003131,2021-07-15,2024-01-02,Sales,Female,Asian,IC5
e003132,2021-07-13,2021-10-28,Production,Male,Asian,IC1
e003133,2021-07-12,2022-06-29,Production,Female,Asian,S1
e003134,2021-07-16,2023-02-20,Production,Female,Asian,M5
e003135,2021-07-21,2023-07-18,Administrative,Female,Black,IC5
e003136,2021-07-08,2024-01-08,Production,Male,Black,M6
e003137,2021-07-27,2023-02-06,Production,Female,Black,IC4
e003138,2021-07-09,2022-08-01,Administrative,Male,White,IC5
e003139,2021-07-12,2022-09-27,Administrative,Female,Asian,S3
e003140,2021-07-01,2023-06-05,Sales,Male,White,IC7
e003141,2021-07-29,2023-11-07,Production,Female,Hispanic,IC7
e003142,2021-07-05,2022-02-10,Production,Male,Black,IC2
e003143,2021-07-28,2021-10-13,Sales,Female,White,IC8
e003144,2021-07-30,2023-08-08,Production,Female,Hispanic,M5
e003145,2021-07-13,2021-12-22,Sales,Male,Hispanic,IC1
e003146,2021-07-09,2021-12-22,Production,Male,Asian,S1
e003147,2021-07-13,2022-02-09,Production,Male,Hispanic,IC7
e003148,2021-07-15,2021-12-08,Sales,Male,Black,S1
e003149,2021-07-28,2022-01-11,Administrative,Female,White,IC5
e003150,2021-07-15,2022-06-17,Administrative,Female,Black,IC4
e003151,2021-07-20,2021-12-06,Production,Female,Hispanic,S2
e003152,2021-07-14,2024-03-29,Production,Female,Hispanic,S3
e003153,2021-07-15,2023-12-19,Sales,Male,Asian,IC7
e003154,2021-07-01,2023-11-02,Production,Female,Hispanic,S1
e003155,2021-07-26,2022-03-07,Administrative,Male,Asian,IC8
e003156,2021-07-16,2024-03-07,Administrative,Male,Black,S2
e003157,2021-07-08,2022-10-10,Production,Female,Asian,M8
e003158,2021-07-05,2022-03-30,Production,Female,Hispanic,S3
e003159,2021-07-13,2021-10-11,Production,Female,Asian,IC1
e003160,2021-07-16,2023-11-24,Production,Female,Hispanic,S3
e003161,2021-07-27,2021-09-06,Sales,Female,Asian,IC4
e003162,2021-07-15,2022-09-16,Production,Female,Black,S1
e003163,2021-07-26,2021-12-29,Sales,Female,Black,IC6
e003164,2021-07-28,2021-12-15,Sales,Female,White,S2
e003165,2021-07-29,2022-08-08,Sales,Male,Black,IC2
e003166,2021-07-30,2021-12-24,Production,Male,Hispanic,IC3
e003167,2021-07-29,2021-11-29,Administrative,Female,Asian,S3
e003168,2021-07-21,2023-11-28,Administrative,Male,Asian,IC7
e003169,2021-07-26,2021-12-31,Production,Female,Black,IC4
e003170,2021-07-21,2021-10-26,Production,Male,Asian,M4
e003171,2021-07-01,2023-04-17,Sales,Male,White,IC3
e003172,2021-07-19,2023-04-07,Production,Male,Asian,M4
e003173,2021-07-13,2023-06-20,Production,Female,Asian,S2
e003174,2021-07-12,2023-12-14,Production,Female,Asian,IC5
e003175,2021-07-27,2023-02-10,Administrative,Female,Asian,S1
e003176,2021-07-29,2022-01-31,Production,Female,White,IC4
e003177,2021-08-23,2023-06-13,Sales,Female,Asian,S1
e003178,2021-08-04,2024-05-15,Production,Male,Asian,IC1
e003179,2021-08-27,2021-10-28,Sales,Female,Asian,S3
e003180,2021-08-26,2024-01-10,Sales,Female,Asian,S1
e003181,2021-08-13,2021-10-07,Production,Female,White,M4
e003182,2021-08-17,2023-08-17,Sales,Female,Hispanic,S3
e003183,2021-08-11,2023-08-18,Administrative,Female,Hispanic,M4
e003184,2021-08-12,2023-08-15,Sales,Female,Asian,S3
e003185,2021-08-05,2021-10-19,Sales,Male,Black,S3
e003186,2021-08-27,2023-11-15,Administrative,Female,Black,IC5
e003187,2021-08-19,2022-02-07,Administrative,Female,Black,IC5
e003188,2021-08-12,2021-12-07,Production,Male,Asian,M4
e003189,2021-08-26,2023-04-20,Administrative,Female,Black,S2
e003190,2021-08-03,2023-12-21,Production,Female,White,S1
e003191,2021-08-26,2023-12-05,Production,Female,Asian,IC1
e003192,2021-08-13,2022-10-10,Sales,Female,Hispanic,IC3
e003193,2021-08-13,2021-10-12,Sales,Male,White,IC3
e003194,2021-08-05,2022-12-29,Production,Male,Asian,IC5
e003195,2021-08-17,2023-09-05,Production,Female,Black,M4
e003196,2021-08-18,2023-08-29,Sales,Female,Hispanic,M6
e003197,2021-08-19,2021-12-08,Sales,Male,White,IC2
e003198,2021-08-12,2023-05-19,Production,Female,Hispanic,IC4
e003199,2021-08-31,2023-04-28,Administrative,Female,White,IC4
e003200,2021-08-24,2023-05-03,Sales,Male,White,IC2
e003201,2021-08-12,2022-02-03,Sales,Female,Black,IC6
e003202,2021-08-25,2022-10-24,Sales,Female,Asian,IC2
e003203,2021-08-11,2023-02-03,Sales,Female,White,IC4
e003204,2021-08-30,2024-03-20,Administrative,Female,Hispanic,S2
e003205,2021-08-06,2022-10-21,Administrative,Female,Asian,IC1
e003206,2021-08-13,2021-11-03,Sales,Female,White,IC3
e003207,2021-08-18,2023-09-05,Production,Female,Black,S1
e003208,2021-08-06,2023-05-02,Sales,Male,White,IC2
e003209,2021-08-04,2024-02-13,Administrative,Male,Black,IC5
e003210,2021-08-19,2023-05-03,Sales,Male,Asian,IC3
e003211,2021-08-04,2023-05-18,Production,Female,White,M4
e003212,2021-08-18,2021-10-29,Sales,Male,Asian,M6
e003213,2021-08-25,2023-04-07,Production,Female,Hispanic,S2
e003214,2021-08-12,2021-09-30,Administrative,Female,Black,IC5
e003215,2021-08-30,2023-08-14,Administrative,Female,Hispanic,IC9
e003216,2021-08-18,2023-02-10,Production,Male,White,M6
e003217,2021-08-11,2023-06-01,Administrative,Male,Black,S1
e003218,2021-08-17,2021-10-21,Production,Female,White,IC4
e003219,2021-08-04,2021-10-05,Production,Female,Hispanic,IC4
e003220,2021-08-03,2023-12-28,Sales,Female,Asian,S1
e003221,2021-08-18,2023-09-07,Administrative,Female,Asian,IC2
e003222,2021-08-26,2024-02-23,Production,Male,Hispanic,M6
e003223,2021-08-17,2023-09-14,Sales,Female,Asian,IC5
e003224,2021-08-02,2024-07-10,Production,Male,Asian,M8
e003225,2021-08-05,2021-12-28,Production,Female,White,IC1
e003226,2021-08-26,2024-01-12,Administrative,Male,White,IC4
e003227,2021-08-04,2022-08-01,Administrative,Female,Hispanic,S2
e003228,2021-08-31,2022-10-27,Administrative,Male,Hispanic,IC3
e003229,2021-08-06,2022-10-04,Sales,Female,White,IC6
e003230,2021-08-05,2022-10-12,Sales,Male,Hispanic,S1
e003231,2021-08-02,2021-11-22,Sales,Female,Black,S2
e003232,2021-08-02,2022-09-07,Production,Male,Asian,IC3
e003233,2021-08-20,2022-03-29,Production,Male,Hispanic,S2
e003234,2021-08-04,2023-01-03,Administrative,Female,Asian,M4
e003235,2021-08-03,2022-08-15,Sales,Female,Asian,IC6
e003236,2021-08-23,2024-02-09,Sales,Male,White,M8
e003237,2021-08-18,2022-01-06,Administrative,Female,White,IC2
e003238,2021-08-30,2022-09-16,Production,Male,Hispanic,IC3
e003239,2021-08-16,2023-08-15,Sales,Female,White,IC1
e003240,2021-08-10,,Sales,Female,Asian,IC1
e003241,2021-08-05,2022-10-10,Production,Female,Asian,S3
e003242,2021-08-13,2023-06-09,Sales,Female,Asian,S1
e003243,2021-08-26,2021-10-26,Production,Female,Asian,S2
e003244,2021-08-02,2023-07-18,Sales,Male,Black,IC5
e003245,2021-08-10,2023-03-03,Production,Female,White,IC4
e003246,2021-08-27,2024-03-18,Sales,Male,Asian,IC2
e003247,2021-08-06,2023-02-17,Sales,Female,Asian,IC2
e003248,2021-08-13,2022-01-17,Sales,Male,White,IC1
e003249,2021-08-10,2024-11-25,Production,Female,Hispanic,IC6
e003250,2021-08-19,2023-04-20,Production,Male,Black,IC2
e003251,2021-08-12,2023-03-28,Sales,Male,Asian,IC3
e003252,2021-08-24,,Production,Male,Black,IC2
e003253,2021-08-30,2023-08-30,Sales,Male,Asian,M5
e003254,2021-08-12,2024-03-18,Production,Female,Asian,S2
e003255,2021-08-31,2021-11-02,Sales,Female,White,S2
e003256,2021-08-04,2023-12-18,Production,Male,Asian,S2
e003257,2021-08-06,2021-12-15,Production,Female,Black,S2
e003258,2021-08-27,2022-06-16,Sales,Female,White,M5
e003259,2021-08-31,2023-12-01,Sales,Female,White,S2
e003260,2021-08-04,2021-10-04,Production,Female,Asian,S3
e003261,2021-09-02,2023-11-06,Administrative,Male,White,IC6
e003262,2021-09-02,2023-11-20,Administrative,Female,Hispanic,IC2
e003263,2021-09-07,2023-07-18,Production,Female,Black,IC7
e003264,2021-09-01,2022-08-31,Production,Female,Asian,IC2
e003265,2021-09-22,2024-04-05,Sales,Female,Hispanic,S3
e003266,2021-09-23,2022-02-09,Sales,Female,Asian,IC7
e003267,2021-09-27,2023-03-06,Production,Male,Hispanic,IC4
e003268,2021-09-07,2023-06-02,Production,Female,White,IC4
e003269,2021-09-02,2021-10-27,Sales,Female,Hispanic,M5
e003270,2021-09-16,2023-05-15,Production,Male,Black,IC2
e003271,2021-09-13,2021-11-17,Administrative,Female,Asian,IC4
e003272,2021-09-03,2023-12-26,Sales,Male,Asian,IC1
e003273,2021-09-28,2023-04-04,Administrative,Male,Asian,M4
e003274,2021-09-21,2024-05-24,Administrative,Female,Hispanic,IC7
e003275,2021-09-01,2023-03-31,Sales,Male,White,IC7
e003276,2021-09-08,2022-03-11,Sales,Female,White,IC1
e003277,2021-09-02,2022-02-11,Sales,Female,Black,S1
e003278,2021-09-28,2023-09-05,Administrative,Female,Asian,IC1
e003279,2021-09-29,2024-04-11,Sales,Male,Black,IC3
e003280,2021-09-16,2024-01-18,Administrative,Female,White,M5
e003281,2021-09-15,2021-12-10,Sales,Female,White,M6
e003282,2021-09-17,2023-02-10,Sales,Female,Asian,M5
e003283,2021-09-09,2021-12-28,Production,Female,Asian,IC4
e003284,2021-09-29,2021-11-09,Administrative,Female,Asian,IC1
e003285,2021-09-15,2024-10-14,Production,Male,Black,IC4
e003286,2021-09-10,2023-10-30,Sales,Male,Hispanic,S1
e003287,2021-09-30,2022-08-03,Production,Female,Hispanic,IC6
e003288,2021-09-30,2022-02-07,Sales,Male,Asian,S1
e003289,2021-09-22,2021-10-15,Administrative,Female,Hispanic,S1
e003290,2021-09-29,2023-12-11,Administrative,Female,White,IC5
e003291,2021-09-15,2022-12-26,Administrative,Male,Black,S2
e003292,2021-09-03,2021-11-02,Production,Female,Asian,IC6
e003293,2021-09-14,2022-03-30,Production,Male,White,IC2
e003294,2021-09-07,2022-03-10,Administrative,Male,Asian,IC3
e003295,2021-09-21,2023-11-24,Sales,Male,Asian,S1
e003296,2021-09-21,2023-12-27,Sales,Male,Black,IC2
e003297,2021-09-01,2023-11-08,Production,Female,Asian,IC1
e003298,2021-09-29,2022-02-18,Sales,Female,Asian,IC1
e003299,2021-09-29,2022-10-17,Production,Female,Hispanic,IC6
e003300,2021-09-17,2024-05-28,Production,Male,Asian,IC4
e003301,2021-09-02,2023-01-02,Sales,Female,Asian,IC1
e003302,2021-09-16,2022-08-05,Sales,Female,Asian,IC1
e003303,2021-09-06,2023-09-26,Sales,Female,White,M4
e003304,2021-09-16,2022-10-05,Production,Male,Black,IC5
e003305,2021-09-30,2024-07-23,Administrative,Male,Asian,IC7
e003306,2021-09-13,2023-09-26,Sales,Female,Hispanic,IC1
e003307,2021-09-20,2023-11-23,Administrative,Female,Asian,IC6
e003308,2021-09-29,2024-01-02,Sales,Male,White,IC2
e003309,2021-09-27,2022-02-08,Sales,Female,Asian,IC6
e003310,2021-09-15,2023-03-31,Sales,Male,White,S1
e003311,2021-09-06,2024-03-11,Administrative,Male,Asian,S3
e003312,2021-09-08,2021-11-05,Administrative,Male,Asian,IC5
e003313,2021-09-06,2021-10-22,Production,Female,Black,IC5
e003314,2021-09-21,2022-10-19,Sales,Female,Hispanic,IC4
e003315,2021-09-30,2022-02-18,Administrative,Female,Hispanic,IC2
e003316,2021-09-06,2021-10-01,Administrative,Male,Black,IC7
e003317,2021-09-17,2024-04-09,Administrative,Female,White,M4
e003318,2021-09-01,2023-02-27,Sales,Male,Hispanic,IC5
e003319,2021-09-30,2021-10-20,Sales,Female,Asian,IC2
e003320,2021-09-30,2022-09-30,Administrative,Female,White,M6
e003321,2021-09-03,2023-03-20,Administrative,Male,Black,IC3
e003322,2021-09-03,2023-07-20,Sales,Female,Asian,IC4
e003323,2021-09-16,2023-06-28,Sales,Male,Hispanic,IC2
e003324,2021-09-09,2023-08-07,Sales,Female,Hispanic,S3
e003325,2021-09-28,2024-04-04,Production,Male,Asian,IC6
e003326,2021-09-23,2022-10-20,Production,Male,White,IC2
e003327,2021-09-10,2023-06-15,Sales,Male,Hispanic,S3
e003328,2021-09-27,2023-09-21,Sales,Female,White,IC5
e003329,2021-09-20,2021-10-25,Production,Male,Hispanic,IC1
e003330,2021-09-27,2023-12-29,Sales,Female,Asian,IC7
e003331,2021-09-02,2022-02-10,Administrative,Male,Asian,S1
e003332,2021-09-22,2023-04-21,Administrative,Female,White,M5
e003333,2021-09-01,2023-12-28,Sales,Female,White,M8
e003334,2021-09-23,2022-09-02,Sales,Male,White,S1
e003335,2021-09-09,2022-03-04,Sales,Female,Asian,M6
e003336,2021-09-28,2022-10-19,Sales,Female,Black,M5
e003337,2021-09-29,2023-03-28,Production,Female,Asian,M4
e003338,2021-09-10,2023-06-22,Sales,Female,Black,S2
e003339,2021-09-01,2023-03-02,Production,Male,Asian,S3
e003340,2021-09-27,2023-09-21,Production,Male,Asian,M4
e003341,2021-09-06,2021-12-31,Production,Male,Black,S3
e003342,2021-09-08,2021-10-19,Administrative,Male,White,M5
e003343,2021-09-23,2023-05-30,Sales,Female,White,IC5
e003344,2021-09-03,2022-08-09,Sales,Female,Asian,IC3
e003345,2021-09-20,2021-10-22,Sales,Female,White,IC2
e003346,2021-09-02,2023-03-17,Sales,Female,Asian,S2
e003347,2021-09-15,2024-05-17,Production,Male,Asian,IC6
e003348,2021-09-23,2023-08-21,Administrative,Male,Hispanic,IC3
e003349,2021-09-14,2024-04-05,Administrative,Female,Hispanic,S3
e003350,2021-09-09,2023-12-12,Administrative,Female,Asian,M4
e003351,2021-09-09,2022-03-29,Production,Male,Asian,IC2
e003352,2021-09-01,2022-02-21,Administrative,Female,Asian,M6
e003353,2021-09-29,2021-11-10,Production,Male,White,IC1
e003354,2021-09-07,2022-01-19,Production,Male,Black,IC4
e003355,2021-09-13,2023-08-10,Production,Male,Black,S1
e003356,2021-10-25,2022-02-15,Production,Female,Asian,S1
e003357,2021-10-06,2024-05-09,Sales,Male,Asian,IC4
e003358,2021-10-18,2023-03-07,Sales,Female,White,M5
e003359,2021-10-08,2023-09-05,Production,Female,White,S2
e003360,2021-10-01,2023-02-10,Production,Female,White,IC2
e003361,2021-10-01,2022-10-13,Administrative,Female,Black,IC5
e003362,2021-10-08,2024-04-16,Administrative,Female,Hispanic,IC3
e003363,2021-10-22,2023-05-10,Sales,Male,Asian,IC8
e003364,2021-10-04,2022-02-22,Production,Female,Asian,S2
e003365,2021-10-29,2023-03-02,Administrative,Male,Asian,S2
e003366,2021-10-27,2024-03-28,Sales,Female,White,S3
e003367,2021-10-27,2022-08-25,Production,Male,Asian,M4
e003368,2021-10-06,2023-11-20,Sales,Female,Asian,S2
e003369,2021-10-13,2023-03-27,Sales,Male,Asian,IC1
e003370,2021-10-15,2021-11-19,Sales,Female,White,IC5
e003371,2021-10-04,2023-06-28,Sales,Female,Hispanic,IC7
e003372,2021-10-12,2023-01-09,Administrative,Male,Asian,IC1
e003373,2021-10-08,2023-12-22,Administrative,Male,White,S1
e003374,2021-10-14,2023-08-08,Administrative,Male,Hispanic,S3
e003375,2021-10-21,2021-12-27,Sales,Female,Asian,S1
e003376,2021-10-04,2024-10-15,Sales,Male,Hispanic,IC2
e003377,2021-10-27,2022-10-26,Sales,Female,Hispanic,S2
e003378,2021-10-21,2023-04-24,Sales,Female,Hispanic,M6
e003379,2021-10-13,2022-10-18,Production,Female,White,IC5
e003380,2021-10-20,2024-01-19,Sales,Male,Asian,IC1
e003381,2021-10-18,2023-08-11,Administrative,Female,Black,M6
e003382,2021-10-05,2023-02-24,Sales,Female,White,S1
e003383,2021-10-15,2023-10-02,Production,Female,Hispanic,IC2
e003384,2021-10-21,2023-10-04,Sales,Female,Hispanic,IC4
e003385,2021-10-15,2023-10-13,Production,Female,Hispanic,S2
e003386,2021-10-07,2022-06-02,Sales,Male,Asian,IC4
e003387,2021-11-05,2023-08-21,Sales,Female,Asian,S2
e003388,2021-11-26,2023-10-04,Production,Female,Asian,IC2
e003389,2021-11-26,2023-12-13,Sales,Female,White,IC7
e003390,2021-11-01,2022-09-20,Production,Female,Black,M6
e003391,2021-11-10,2023-09-25,Administrative,Male,White,IC3
e003392,2021-11-30,2023-09-14,Sales,Female,Asian,M6
e003393,2021-11-24,2023-02-06,Sales,Female,Hispanic,S2
e003394,2021-11-26,2023-10-25,Administrative,Male,Black,IC7
e003395,2021-11-25,2023-12-06,Administrative,Female,Black,IC1
e003396,2021-11-10,2022-10-18,Production,Male,Asian,M6
e003397,2021-11-10,2023-09-11,Sales,Female,Black,M5
e003398,2021-11-16,2022-08-26,Sales,Female,Black,IC6
e003399,2021-11-08,2023-09-19,Sales,Female,Black,IC5
e003400,2021-11-24,2023-03-02,Administrative,Female,Asian,S1
e003401,2021-11-10,2022-08-11,Sales,Male,Asian,S1
e003402,2021-11-08,2024-02-20,Sales,Female,Hispanic,S3
e003403,2021-11-26,2023-11-20,Production,Female,Asian,S3
e003404,2021-11-30,2023-12-25,Sales,Female,Asian,S1
e003405,2021-11-01,2023-06-22,Production,Female,Black,S3
e003406,2021-11-08,2023-07-12,Sales,Female,Asian,IC4
e003407,2021-11-09,2022-09-29,Sales,Female,White,IC8
e003408,2021-11-12,2023-11-23,Production,Female,White,S3
e003409,2021-11-23,2023-02-10,Administrative,Female,Asian,IC5
e003410,2021-11-12,2023-08-29,Sales,Female,Hispanic,IC7
e003411,2021-11-15,2022-02-11,Administrative,Male,Black,S3
e003412,2021-11-12,2023-09-18,Sales,Male,Hispanic,IC2
e003413,2021-11-19,2023-10-24,Sales,Female,White,S2
e003414,2021-11-15,2024-03-26,Sales,Male,Asian,IC1
e003415,2021-11-05,2023-09-06,Production,Male,White,M4
e003416,2021-11-18,2021-12-01,Production,Female,Hispanic,IC1
e003417,2021-11-19,2023-01-25,Production,Female,Asian,IC3
e003418,2021-11-10,2023-07-05,Sales,Male,Asian,IC7
e003419,2021-11-12,2022-08-12,Sales,Male,Black,IC4
e003420,2021-11-04,2023-12-18,Administrative,Female,Black,S3
e003421,2021-11-15,2021-12-30,Production,Male,Asian,IC9
e003422,2021-11-24,2023-11-28,Sales,Female,Hispanic,S2
e003423,2021-11-29,2022-09-29,Sales,Female,Black,S3
e003424,2021-11-18,2023-08-17,Production,Female,White,IC5
e003425,2021-12-20,2023-09-25,Administrative,Female,Asian,S3
e003426,2022-01-28,2023-02-22,Production,Female,Asian,IC4
e003427,2022-01-06,2023-04-05,Sales,Female,Asian,S1
e003428,2022-01-11,2023-11-29,Sales,Male,Asian,S1
e003429,2022-01-11,2023-11-30,Production,Female,Asian,IC2
e003430,2022-01-27,2023-12-22,Administrative,Male,Asian,S3
e003431,2022-01-20,2023-11-28,Sales,Female,White,IC3
e003432,2022-01-11,2023-05-29,Administrative,Female,Asian,S2
e003433,2022-01-17,2022-02-25,Administrative,Male,Black,IC8
e003434,2022-01-07,2022-03-23,Production,Female,Hispanic,IC5
e003435,2022-01-25,2023-03-01,Administrative,Male,Hispanic,S1
e003436,2022-01-21,2023-09-01,Sales,Female,White,S3
e003437,2022-01-20,2023-08-21,Sales,Male,White,M6
e003438,2022-01-13,2024-04-12,Production,Female,Hispanic,IC7
e003439,2022-01-13,2022-08-19,Production,Female,Black,S2
e003440,2022-01-11,2022-02-14,Production,Male,Hispanic,M5
e003441,2022-01-31,2023-11-23,Administrative,Female,White,S2
e003442,2022-01-31,2023-12-12,Production,Female,White,IC4
e003443,2022-01-04,2022-08-26,Sales,Female,Asian,S2
e003444,2022-01-17,2023-08-09,Sales,Male,Black,IC9
e003445,2022-01-20,2022-02-02,Administrative,Male,Black,M5
e003446,2022-01-11,2023-11-27,Sales,Female,Asian,S2
e003447,2022-01-12,2022-02-28,Administrative,Female,Asian,S3
e003448,2022-01-24,2023-02-16,Sales,Female,Hispanic,S1
e003449,2022-01-07,2023-05-01,Sales,Male,White,IC7
e003450,2022-01-26,2024-02-15,Administrative,Female,White,IC2
e003451,2022-01-11,2023-12-29,Administrative,Female,Asian,M8
e003452,2022-01-25,2022-02-14,Production,Female,Hispanic,IC4
e003453,2022-01-10,2023-02-23,Production,Male,White,IC3
e003454,2022-01-28,2023-11-01,Sales,Female,Asian,IC7
e003455,2022-01-19,2022-09-28,Sales,Female,Hispanic,M4
e003456,2022-01-26,2024-03-21,Sales,Male,White,IC2
e003457,2022-01-07,2023-09-25,Sales,Male,Asian,IC4
e003458,2022-01-27,2023-10-23,Administrative,Male,Asian,IC5
e003459,2022-01-06,2023-02-03,Administrative,Female,Asian,IC6
e003460,2022-01-24,2022-08-08,Production,Female,Asian,S2
e003461,2022-01-03,2023-09-21,Sales,Female,Asian,S3
e003462,2022-01-06,2022-02-18,Production,Female,White,S1
e003463,2022-01-06,2023-08-29,Sales,Female,White,M4
e003464,2022-01-18,2023-08-10,Sales,Female,Hispanic,M5
e003465,2022-01-13,2023-11-02,Sales,Male,Asian,IC1
e003466,2022-01-12,2023-10-24,Administrative,Female,Black,S1
e003467,2022-01-19,2024-05-08,Administrative,Female,Black,S3
e003468,2022-01-06,2023-02-17,Administrative,Female,Black,S1
e003469,2022-01-21,2022-03-14,Sales,Female,White,IC3
e003470,2022-01-24,2023-08-17,Sales,Female,White,IC6
e003471,2022-01-07,2024-03-05,Administrative,Female,Asian,M7
e003472,2022-01-14,2023-08-28,Production,Male,Asian,IC4
e003473,2022-01-04,2022-08-02,Sales,Female,Hispanic,IC1
e003474,2022-01-12,2023-03-07,Production,Female,White,M6
e003475,2022-01-25,2023-08-15,Sales,Female,Asian,S2
e003476,2022-01-27,2023-11-08,Sales,Female,White,S3
e003477,2022-01-12,2022-10-05,Production,Female,Black,S1
e003478,2022-01-12,2023-08-14,Sales,Female,Asian,M4
e003479,2022-01-10,2023-01-13,Production,Male,Asian,IC5
e003480,2022-01-10,2023-03-08,Sales,Male,Hispanic,IC5
e003481,2022-01-04,2022-10-18,Administrative,Female,White,S1
e003482,2022-01-28,2023-02-23,Sales,Male,Hispanic,IC1
e003483,2022-01-10,2023-05-04,Sales,Female,Black,IC4
e003484,2022-01-03,2023-11-10,Production,Female,Hispanic,S2
e003485,2022-01-24,2022-02-16,Administrative,Female,Asian,S1
e003486,2022-01-06,2023-02-16,Administrative,Female,Hispanic,IC7
e003487,2022-01-31,2022-08-04,Administrative,Female,Black,IC7
e003488,2022-01-31,2022-10-11,Sales,Female,Asian,IC1
e003489,2022-01-03,2023-08-10,Administrative,Female,Black,IC7
e003490,2022-01-06,2023-08-08,Sales,Female,Black,IC3
e003491,2022-01-25,2023-12-29,Administrative,Male,Hispanic,IC7
e003492,2022-01-25,2023-12-26,Sales,Female,White,IC3
e003493,2022-01-13,2022-02-18,Sales,Male,White,IC3
e003494,2022-01-05,2023-04-19,Administrative,Male,White,S3
e003495,2022-01-26,2023-11-17,Administrative,Male,Black,IC4
e003496,2022-01-31,2023-05-16,Production,Male,White,IC6
e003497,2022-01-17,2023-11-13,Sales,Male,Hispanic,S2
e003498,2022-01-31,2022-03-31,Sales,Male,Asian,IC3
e003499,2022-01-13,2023-06-05,Sales,Male,White,S3
e003500,2022-01-21,2023-11-02,Sales,Male,Asian,IC3
e003501,2022-01-26,2023-01-17,Sales,Male,Hispanic,M9
e003502,2022-01-04,2022-10-17,Sales,Female,Asian,M6
e003503,2022-01-12,2022-03-14,Administrative,Female,Hispanic,IC6
e003504,2022-01-07,2024-05-27,Administrative,Female,Black,IC5
e003505,2022-01-21,,Production,Female,White,IC1
e003506,2022-01-14,2024-01-15,Production,Female,Hispanic,S2
e003507,2022-01-26,2023-08-01,Administrative,Male,White,IC1
e003508,2022-01-26,2022-12-01,Production,Male,Hispanic,IC6
e003509,2022-01-13,2023-10-24,Administrative,Female,Black,IC2
e003510,2022-01-19,2022-08-25,Administrative,Female,Asian,IC4
e003511,2022-01-14,2023-09-11,Sales,Male,Asian,S1
e003512,2022-01-10,2023-11-15,Production,Male,Asian,IC7
e003513,2022-01-31,2023-06-28,Production,Male,Asian,IC8
e003514,2022-01-26,2023-12-25,Production,Female,Black,IC6
e003515,2022-01-07,2023-05-02,Production,Female,Asian,S2
e003516,2022-01-31,2023-12-13,Administrative,Female,Asian,IC5
e003517,2022-01-03,2023-07-27,Administrative,Female,White,IC7
e003518,2022-01-18,2023-12-29,Sales,Female,Asian,M5
e003519,2022-01-11,2023-09-13,Administrative,Female,Black,IC1
e003520,2022-01-10,2023-08-11,Administrative,Female,Asian,S3
e003521,2022-01-07,2024-03-04,Administrative,Female,Hispanic,IC5
e003522,2022-01-17,2023-02-28,Production,Male,Asian,IC1
e003523,2022-01-24,2023-02-28,Sales,Female,White,M4
e003524,2022-01-05,2022-02-15,Sales,Female,White,IC1
e003525,2022-01-24,2023-12-04,Administrative,Female,Hispanic,IC3
e003526,2022-01-05,2023-12-14,Sales,Female,Hispanic,IC5
e003527,2022-02-24,2023-04-10,Sales,Male,Asian,IC1
e003528,2022-02-21,2023-02-08,Administrative,Male,White,IC2
e003529,2022-02-03,2024-03-05,Administrative,Female,White,IC7
e003530,2022-02-01,2023-02-06,Sales,Male,White,IC7
e003531,2022-02-18,2023-06-23,Administrative,Female,White,S3
e003532,2022-02-18,2024-02-16,Production,Female,White,IC6
e003533,2022-02-10,2022-08-08,Administrative,Female,Hispanic,S3
e003534,2022-02-24,2023-06-12,Production,Male,Asian,IC5
e003535,2022-02-17,2023-09-11,Sales,Male,Asian,S2
e003536,2022-02-16,2022-09-13,Administrative,Male,White,IC6
e003537,2022-02-17,2023-09-08,Production,Male,Asian,IC5
e003538,2022-02-22,2022-08-26,Administrative,Male,Black,IC1
e003539,2022-02-04,2023-02-03,Production,Female,White,M5
e003540,2022-02-07,2024-05-24,Production,Female,Black,IC6
e003541,2022-02-08,2024-01-17,Production,Male,White,IC5
e003542,2022-02-28,2023-07-17,Sales,Female,Asian,IC7
e003543,2022-03-08,2023-06-06,Production,Female,Black,S1
e003544,2022-03-29,2023-09-28,Administrative,Male,Asian,M4
e003545,2022-03-03,2024-08-06,Sales,Male,Black,M4
e003546,2022-03-29,2023-01-19,Sales,Female,Asian,IC5
e003547,2022-03-23,2023-08-08,Sales,Female,Asian,M6
e003548,2022-03-24,2023-12-28,Production,Male,Black,IC3
e003549,2022-03-17,2023-02-06,Sales,Female,White,IC7
e003550,2022-03-11,2023-12-18,Administrative,Female,White,IC8
e003551,2022-03-09,2023-05-18,Production,Female,White,IC2
e003552,2022-03-04,2023-08-02,Administrative,Male,Black,S3
e003553,2022-03-04,2023-05-26,Sales,Male,Asian,M4
e003554,2022-03-10,2022-09-23,Administrative,Male,Asian,S1
e003555,2022-03-11,2023-12-11,Sales,Male,Hispanic,S2
e003556,2022-03-30,2023-09-20,Administrative,Female,Black,S1
e003557,2022-03-14,2022-10-25,Sales,Female,Asian,IC1
e003558,2022-03-17,2023-03-10,Administrative,Female,Black,M6
e003559,2022-03-11,2023-08-18,Sales,Male,Asian,IC3
e003560,2022-03-04,2023-03-23,Administrative,Male,Asian,IC3
e003561,2022-03-16,2023-05-16,Sales,Male,Asian,IC4
e003562,2022-03-15,2023-09-08,Production,Male,White,IC5
e003563,2022-03-16,2022-12-15,Administrative,Male,Black,IC5
e003564,2022-03-22,2024-07-24,Production,Male,Asian,IC2
e003565,2022-03-29,2023-11-06,Production,Male,Hispanic,IC8
e003566,2022-03-16,2023-09-01,Sales,Male,Asian,S3
e003567,2022-03-01,2023-11-22,Sales,Female,Hispanic,M5
e003568,2022-03-30,2023-11-23,Sales,Female,Asian,S1
e003569,2022-03-01,2022-10-14,Production,Male,Asian,IC3
e003570,2022-03-18,2023-12-21,Administrative,Female,Asian,S3
e003571,2022-03-31,2023-05-05,Production,Male,Black,IC4
e003572,2022-03-15,2024-10-14,Sales,Female,White,S3
e003573,2022-03-14,2024-02-06,Sales,Female,Asian,S3
e003574,2022-03-29,2023-12-06,Sales,Male,Asian,IC2
e003575,2022-03-01,2023-10-30,Administrative,Male,Asian,IC3
e003576,2022-03-04,2023-05-15,Production,Male,Hispanic,S2
e003577,2022-03-04,2023-04-28,Sales,Female,White,S2
e003578,2022-03-07,2023-08-07,Sales,Male,White,S1
e003579,2022-03-04,2023-09-26,Sales,Female,Black,IC6
e003580,2022-03-15,2023-02-22,Administrative,Male,Asian,IC1
e003581,2022-03-22,2024-02-21,Production,Female,Asian,IC3
e003582,2022-03-08,2022-09-14,Sales,Female,Asian,IC2
e003583,2022-03-08,2023-12-22,Production,Female,Black,IC2
e003584,2022-03-23,2023-12-28,Production,Female,Asian,IC6
e003585,2022-03-03,2023-11-06,Production,Female,Hispanic,M4
e003586,2022-03-08,2023-09-29,Administrative,Female,Asian,IC6
e003587,2022-03-22,2023-12-28,Production,Male,Asian,S2
e003588,2022-03-01,2023-09-19,Production,Female,Hispanic,S2
e003589,2022-03-30,2022-09-27,Production,Female,Asian,IC2
e003590,2022-03-11,2024-03-20,Production,Female,Black,S2
e003591,2022-03-11,2024-04-01,Administrative,Female,White,IC1
e003592,2022-03-01,2022-10-17,Production,Male,White,S3
e003593,2022-03-18,2023-08-25,Sales,Female,Black,S1
e003594,2022-03-31,2023-06-08,Sales,Female,Asian,IC6
e003595,2022-03-30,2022-09-07,Sales,Female,Asian,S2
e003596,2022-03-14,2023-11-09,Sales,Male,Hispanic,IC1
e003597,2022-03-24,2023-08-24,Production,Male,Asian,IC9
e003598,2022-03-31,2023-11-22,Sales,Female,Asian,IC4
e003599,2022-03-24,2024-02-09,Administrative,Male,Asian,IC7
e003600,2022-03-28,2023-08-30,Production,Female,Hispanic,IC3
e003601,2022-03-31,2023-10-03,Administrative,Female,Asian,M4
e003602,2022-03-25,2022-09-28,Administrative,Female,White,M4
e003603,2022-03-11,2023-08-09,Sales,Male,Asian,IC5
e003604,2022-03-16,2023-09-28,Production,Female,Asian,S3
e003605,2022-03-21,2023-08-21,Administrative,Female,Asian,IC2
e003606,2022-03-23,2023-12-20,Administrative,Male,Asian,IC3
e003607,2022-03-14,2023-02-06,Sales,Female,Asian,M4
e003608,2022-03-28,2023-03-09,Administrative,Female,Hispanic,IC8
e003609,2022-03-22,2023-08-04,Sales,Female,Black,IC6
e003610,2022-03-24,2022-12-29,Administrative,Female,Asian,S1
e003611,2022-03-01,2023-12-18,Administrative,Male,Asian,IC2
e003612,2022-03-14,2023-05-01,Administrative,Female,Black,IC1
e003613,2022-03-07,2023-03-24,Production,Female,Hispanic,IC2
e003614,2022-03-11,2023-09-04,Production,Male,Black,IC3
e003615,2022-03-04,2023-01-04,Administrative,Male,Asian,S2
e003616,2022-03-15,2023-11-08,Production,Male,Asian,IC1
e003617,2022-03-24,2022-10-13,Administrative,Male,Hispanic,IC3
e003618,2022-03-03,2023-12-21,Administrative,Female,Asian,IC9
e003619,2022-03-02,2023-09-06,Sales,Female,Hispanic,IC3
e003620,2022-03-09,2023-04-13,Sales,Female,Asian,IC3
e003621,2022-03-03,2024-09-13,Production,Female,Asian,IC7
e003622,2022-03-11,2023-01-23,Sales,Female,Asian,IC9
e003623,2022-03-31,2024-01-03,Production,Male,Asian,M5
e003624,2022-03-25,2024-05-22,Sales,Female,White,M4
e003625,2022-03-18,2023-06-27,Administrative,Female,Asian,IC3
e003626,2022-03-30,2022-09-28,Administrative,Female,Asian,S1
e003627,2022-03-29,2022-08-03,Production,Male,Black,S2
e003628,2022-03-01,2023-04-06,Production,Male,Asian,IC3
e003629,2022-03-23,2023-03-20,Sales,Male,White,IC6
e003630,2022-03-02,2023-07-19,Production,Female,Asian,IC5
e003631,2022-03-18,2022-08-25,Administrative,Female,Asian,IC6
e003632,2022-03-29,2023-06-09,Sales,Female,Asian,IC1
e003633,2022-03-02,2022-10-28,Sales,Male,White,M4
e003634,2022-03-23,2023-09-13,Sales,Male,Asian,S1
e003635,2022-03-04,2022-09-27,Sales,Female,White,M4
e003636,2022-03-30,2022-06-02,Sales,Female,Asian,IC7
e003637,2022-03-09,2022-08-02,Administrative,Female,Hispanic,IC5
e003638,2022-03-22,2022-12-23,Administrative,Female,Asian,IC1
e003639,2022-03-29,2022-06-22,Sales,Female,White,S3
e003640,2022-03-22,2022-08-10,Administrative,Female,Asian,IC4
e003641,2022-03-02,2023-05-19,Sales,Female,Hispanic,IC5
e003642,2022-03-04,2023-08-30,Sales,Male,Hispanic,IC1
e003643,2022-03-15,2022-09-08,Production,Male,Asian,M4
e003644,2022-03-25,2023-03-27,Production,Female,Asian,S2
e003645,2022-03-29,2022-08-30,Sales,Female,White,IC8
e003646,2022-03-28,2022-09-08,Production,Female,Asian,IC2
e003647,2022-03-17,2023-12-13,Sales,Male,White,M5
e003648,2022-03-10,2022-10-12,Sales,Female,Hispanic,IC6
e003649,2022-03-15,2022-10-31,Administrative,Male,White,IC5
e003650,2022-03-08,2022-10-12,Production,Female,White,M5
e003651,2022-03-29,2023-07-20,Sales,Male,Hispanic,IC3
e003652,2022-03-28,2022-12-22,Production,Male,Asian,S2
e003653,2022-03-02,2023-10-10,Production,Male,Black,IC7
e003654,2022-03-23,2023-12-08,Sales,Female,Black,M9
e003655,2022-03-31,2023-02-23,Production,Male,White,M4
e003656,2022-03-11,2023-12-05,Sales,Male,Asian,IC4
e003657,2022-03-09,2023-02-28,Production,Male,Asian,S1
e003658,2022-03-15,2024-04-03,Administrative,Female,Hispanic,S2
e003659,2022-03-25,2023-05-09,Production,Male,Asian,IC3
e003660,2022-03-14,2023-10-10,Production,Female,White,IC1
e003661,2022-03-15,2022-08-19,Administrative,Female,Hispanic,IC2
e003662,2022-03-02,2024-04-29,Sales,Female,Asian,S2
e003663,2022-03-09,2023-07-12,Administrative,Male,Hispanic,IC2
e003664,2022-03-02,2023-06-20,Administrative,Female,Asian,S1
e003665,2022-03-29,2023-03-03,Production,Female,White,S2
e003666,2022-03-07,2023-02-15,Sales,Female,Asian,IC1
e003667,2022-03-08,2022-08-05,Production,Female,Black,IC4
e003668,2022-03-30,2023-12-12,Administrative,Male,Hispanic,S2
e003669,2022-03-07,2023-08-22,Sales,Male,Asian,IC6
e003670,2022-03-28,2023-08-02,Sales,Female,Asian,IC7
e003671,2022-03-18,2023-11-30,Administrative,Female,Asian,IC2
e003672,2022-03-03,,Sales,Male,Asian,S2
e003673,2022-03-24,2023-06-01,Production,Female,Asian,IC7
e003674,2022-03-04,2024-04-10,Sales,Male,Black,IC3
e003675,2022-03-16,2022-08-05,Production,Female,Hispanic,IC4
e003676,2022-03-28,2024-02-05,Sales,Female,Asian,IC4
e003677,2022-03-03,2023-10-17,Sales,Male,Asian,S1
e003678,2022-03-22,2022-08-22,Production,Male,Black,IC7
e003679,2022-03-08,2023-10-24,Administrative,Female,Asian,S1
e003680,2022-03-31,2023-06-13,Production,Female,Asian,M4
e003681,2022-03-03,2023-09-26,Sales,Male,Asian,M4
e003682,2022-03-10,2023-10-17,Administrative,Male,Asian,S2
e003683,2022-03-28,2023-09-06,Sales,Female,Asian,IC1
e003684,2022-03-30,2023-11-24,Administrative,Female,Hispanic,S1
e003685,2022-03-03,2023-06-15,Administrative,Male,White,IC1
e003686,2022-03-16,2023-09-06,Sales,Male,Asian,S1
e003687,2022-03-15,2023-02-27,Production,Male,White,IC1
e003688,2022-03-08,2023-06-29,Sales,Female,Black,IC1
e003689,2022-03-24,2023-04-19,Production,Male,Asian,M4
e003690,2022-03-18,2023-05-29,Administrative,Male,Asian,S3
e003691,2022-03-31,2023-03-21,Production,Female,White,IC3
e003692,2022-03-29,2023-12-20,Production,Female,White,IC2
e003693,2022-03-23,2022-12-09,Administrative,Female,Hispanic,IC6
e003694,2022-03-30,2024-05-31,Sales,Female,Hispanic,S2
e003695,2022-03-29,2023-11-21,Administrative,Female,Black,S1
e003696,2022-03-04,2023-03-28,Sales,Male,Hispanic,IC2
e003697,2022-03-10,2023-11-30,Sales,Male,Asian,IC1
e003698,2022-03-28,2022-06-24,Production,Female,White,S3
e003699,2022-03-24,2023-03-28,Administrative,Male,Black,M4
e003700,2022-03-31,2023-05-01,Production,Female,Black,IC6
e003701,2022-03-10,2022-10-31,Sales,Male,Asian,S1
e003702,2022-03-14,2024-06-14,Sales,Male,Asian,S1
e003703,2022-03-17,2023-08-25,Administrative,Female,Black,IC6
e003704,2022-03-07,2022-08-17,Sales,Male,White,IC7
e003705,2022-03-24,2024-01-12,Production,Female,Black,S2
e003706,2022-03-16,2023-03-02,Administrative,Male,White,S1
e003707,2022-03-18,2023-12-08,Administrative,Female,White,IC1
e003708,2022-03-29,2023-07-17,Sales,Female,Asian,S3
e003709,2022-04-04,2023-02-13,Production,Male,Black,IC1
e003710,2022-04-28,2022-08-10,Sales,Male,Hispanic,IC3
e003711,2022-04-04,2022-08-31,Sales,Female,White,S2
e003712,2022-04-27,2023-03-30,Sales,Male,White,M4
e003713,2022-04-14,2022-09-26,Sales,Female,Hispanic,S2
e003714,2022-04-21,2022-09-01,Administrative,Female,Black,IC5
e003715,2022-04-04,2023-06-01,Sales,Female,Asian,IC3
e003716,2022-04-19,2023-04-18,Sales,Male,Hispanic,S2
e003717,2022-04-29,2023-12-27,Administrative,Female,White,S1
e003718,2022-04-05,2024-02-08,Sales,Female,White,IC1
e003719,2022-04-01,2024-10-07,Sales,Male,Asian,IC3
e003720,2022-04-15,2023-06-22,Sales,Female,Hispanic,IC4
e003721,2022-04-04,2023-09-13,Administrative,Female,Hispanic,IC3
e003722,2022-04-18,2024-04-08,Administrative,Male,White,IC4
e003723,2022-04-22,2023-09-29,Production,Female,Asian,M4
e003724,2022-04-25,2024-07-18,Sales,Female,Asian,S3
e003725,2022-04-12,2023-12-08,Production,Female,Hispanic,IC6
e003726,2022-04-04,2022-09-20,Production,Male,White,IC2
e003727,2022-04-18,2023-09-11,Production,Male,White,M5
e003728,2022-04-07,2024-03-05,Administrative,Male,Hispanic,IC1
e003729,2022-04-21,2022-10-12,Sales,Female,Black,IC2
e003730,2022-04-21,2024-04-05,Administrative,Female,Hispanic,IC3
e003731,2022-04-07,2022-08-04,Production,Female,Asian,IC1
e003732,2022-04-26,2023-04-27,Sales,Female,Asian,IC4
e003733,2022-04-08,2022-12-16,Administrative,Male,White,M5
e003734,2022-04-20,2023-11-10,Administrative,Female,Hispanic,IC8
e003735,2022-04-28,2023-08-22,Administrative,Male,Asian,S2
e003736,2022-04-26,2023-10-13,Sales,Male,Asian,IC6
e003737,2022-04-19,2023-07-31,Production,Female,Asian,S1
e003738,2022-04-07,2023-10-12,Sales,Female,Asian,IC5
e003739,2022-04-27,2023-05-25,Production,Male,Asian,IC7
e003740,2022-04-13,2024-02-13,Sales,Female,Asian,IC3
e003741,2022-04-06,2022-06-09,Administrative,Male,Hispanic,S3
e003742,2022-04-26,2023-12-13,Production,Female,Asian,IC1
e003743,2022-04-21,2022-09-13,Production,Female,Asian,IC5
e003744,2022-04-20,2023-03-31,Administrative,Female,Asian,IC4
e003745,2022-04-07,2023-03-23,Sales,Female,Asian,S2
e003746,2022-04-05,2024-03-22,Sales,Female,Asian,IC3
e003747,2022-04-25,2023-03-29,Administrative,Female,Hispanic,IC1
e003748,2022-04-19,2022-06-24,Administrative,Female,Black,IC5
e003749,2022-04-08,2023-06-14,Sales,Male,Hispanic,IC2
e003750,2022-04-12,2023-01-04,Sales,Male,White,IC6
e003751,2022-04-29,2023-10-18,Sales,Male,Asian,M4
e003752,2022-04-20,2024-04-25,Sales,Male,White,S1
e003753,2022-04-19,2023-08-14,Administrative,Female,Asian,M8
e003754,2022-04-13,2023-12-01,Production,Female,Asian,S3
e003755,2022-04-01,2023-08-28,Sales,Male,Black,S3
e003756,2022-04-07,2024-02-23,Sales,Female,Asian,S3
e003757,2022-04-26,2023-12-12,Sales,Female,White,IC7
e003758,2022-04-11,2023-12-13,Administrative,Female,Asian,S2
e003759,2022-04-05,2024-10-31,Sales,Male,Black,IC2
e003760,2022-04-04,2022-06-09,Sales,Female,Asian,IC2
e003761,2022-04-21,2022-09-02,Administrative,Female,White,IC1
e003762,2022-04-25,2022-12-12,Production,Female,White,IC1
e003763,2022-04-12,2023-12-26,Administrative,Female,White,S1
e003764,2022-04-07,2022-08-18,Sales,Male,Hispanic,IC5
e003765,2022-04-12,2023-07-14,Sales,Female,Asian,S2
e003766,2022-04-06,2022-08-31,Sales,Male,White,M4
e003767,2022-04-06,2023-12-15,Sales,Male,White,IC5
e003768,2022-04-13,2023-09-27,Sales,Female,Asian,IC3
e003769,2022-04-26,2024-01-29,Administrative,Female,Asian,IC3
e003770,2022-04-26,2023-08-24,Production,Female,White,IC8
e003771,2022-04-26,2023-02-17,Sales,Female,Hispanic,IC1
e003772,2022-04-27,2023-12-18,Sales,Female,Hispanic,S2
e003773,2022-04-05,2022-10-24,Administrative,Female,White,S2
e003774,2022-04-15,2023-12-07,Administrative,Female,Black,S1
e003775,2022-04-05,2023-12-13,Sales,Female,Asian,M4
e003776,2022-04-26,2022-10-11,Sales,Male,Black,IC2
e003777,2022-04-05,2023-08-24,Production,Female,Black,IC1
e003778,2022-04-11,2023-09-12,Sales,Female,Asian,IC6
e003779,2022-04-13,2022-08-02,Administrative,Male,Asian,IC2
e003780,2022-04-07,2023-05-22,Sales,Male,White,S3
e003781,2022-04-04,2022-10-20,Sales,Female,Asian,IC2
e003782,2022-04-04,2023-03-13,Sales,Female,Asian,S1
e003783,2022-04-21,2023-09-11,Production,Female,Asian,S1
e003784,2022-04-12,2022-08-11,Administrative,Male,Black,S3
e003785,2022-04-12,2023-07-26,Administrative,Female,Black,IC5
e003786,2022-04-29,2022-12-29,Administrative,Female,White,IC1
e003787,2022-04-08,2022-06-15,Sales,Female,Hispanic,S3
e003788,2022-04-06,2023-10-24,Sales,Female,Asian,IC2
e003789,2022-04-18,2023-10-02,Sales,Female,Hispanic,S3
e003790,2022-04-18,2022-12-21,Production,Female,Hispanic,S3
e003791,2022-04-14,2024-06-14,Administrative,Female,White,S1
e003792,2022-04-22,2022-08-15,Sales,Female,Black,IC2
e003793,2022-04-08,,Production,Female,Hispanic,IC1
e003794,2022-04-13,2023-08-02,Sales,Female,Asian,S3
e003795,2022-04-05,2023-12-25,Administrative,Male,White,M4
e003796,2022-04-12,2024-03-28,Administrative,Female,Hispanic,S1
e003797,2022-04-12,2023-02-15,Production,Male,Black,IC3
e003798,2022-04-29,2024-05-13,Production,Male,Asian,M7
e003799,2022-04-08,2023-08-16,Sales,Female,Asian,IC1
e003800,2022-04-08,2022-08-02,Sales,Male,Hispanic,IC1
e003801,2022-04-20,2024-03-19,Administrative,Female,Black,M5
e003802,2022-04-20,2023-12-22,Sales,Female,Black,IC1
e003803,2022-04-01,2023-04-17,Administrative,Female,White,IC1
e003804,2022-04-01,2023-06-27,Administrative,Male,White,M7
e003805,2022-04-18,2022-08-30,Sales,Female,Hispanic,IC1
e003806,2022-04-01,2023-02-09,Production,Female,Asian,M6
e003807,2022-04-11,2024-03-04,Administrative,Female,White,S1
e003808,2022-04-01,2023-03-07,Sales,Male,Asian,IC8
e003809,2022-04-07,,Administrative,Male,Asian,S1
e003810,2022-04-08,2023-11-06,Production,Female,Asian,S2
e003811,2022-04-06,2023-12-27,Production,Male,Asian,IC5
e003812,2022-04-12,2022-09-29,Sales,Male,Black,S3
e003813,2022-04-26,2023-05-31,Administrative,Female,Hispanic,IC7
e003814,2022-04-01,2023-02-16,Sales,Female,Asian,IC1
e003815,2022-04-04,,Sales,Male,Asian,S1
e003816,2022-04-05,2023-08-07,Sales,Female,Black,IC2
e003817,2022-04-06,2023-02-06,Production,Female,White,S2
e003818,2022-04-11,2023-04-05,Administrative,Male,Asian,IC3
e003819,2022-04-06,2022-12-30,Sales,Female,White,S2
e003820,2022-04-14,2023-03-29,Sales,Male,Asian,IC4
e003821,2022-04-06,2023-02-27,Production,Male,Asian,S1
e003822,2022-04-19,2023-12-11,Production,Male,Asian,IC2
e003823,2022-04-15,2023-02-15,Administrative,Female,Asian,IC1
e003824,2022-04-11,2023-12-07,Sales,Male,White,IC2
e003825,2022-04-12,2022-08-16,Administrative,Male,Hispanic,IC3
e003826,2022-04-29,2023-11-15,Administrative,Female,White,M6
e003827,2022-04-28,2023-10-26,Sales,Male,White,M6
e003828,2022-04-06,,Administrative,Female,Black,IC6
e003829,2022-04-26,2022-10-05,Administrative,Male,Asian,IC5
e003830,2022-04-13,2023-09-27,Administrative,Male,White,IC6
e003831,2022-04-04,2023-12-11,Sales,Female,Black,IC4
e003832,2022-04-14,2022-09-07,Production,Female,Asian,IC1
e003833,2022-04-04,2023-04-05,Production,Female,Asian,S2
e003834,2022-04-25,2023-12-01,Production,Female,Asian,S3
e003835,2022-04-15,2022-08-15,Production,Female,White,IC4
e003836,2022-04-07,2023-02-01,Sales,Male,Black,S1
e003837,2022-04-19,2023-02-15,Sales,Female,Asian,IC3
e003838,2022-04-28,2023-02-17,Administrative,Female,Hispanic,IC2
e003839,2022-04-29,2022-10-27,Production,Female,White,IC4
e003840,2022-04-07,2024-02-22,Sales,Female,Black,S1
e003841,2022-04-13,2023-03-14,Production,Female,Asian,IC5
e003842,2022-04-22,2022-08-12,Sales,Female,Black,S3
e003843,2022-04-07,2023-08-29,Sales,Female,Asian,IC3
e003844,2022-04-06,2022-08-25,Administrative,Female,Asian,S3
e003845,2022-04-25,2023-02-01,Administrative,Female,White,M6
e003846,2022-04-18,2023-02-16,Production,Male,Asian,IC7
e003847,2022-04-15,2023-08-01,Sales,Female,Asian,IC1
e003848,2022-04-06,2023-02-01,Sales,Female,Asian,IC2
e003849,2022-04-14,2023-08-07,Sales,Female,Asian,IC4
e003850,2022-04-12,2024-09-03,Sales,Male,White,S3
e003851,2022-04-28,2023-06-05,Administrative,Female,Asian,IC4
e003852,2022-04-01,2023-02-10,Administrative,Female,Asian,IC2
e003853,2022-04-19,2022-08-12,Administrative,Female,Asian,IC4
e003854,2022-04-14,2023-04-21,Administrative,Female,Hispanic,IC7
e003855,2022-04-05,2023-12-14,Sales,Male,Hispanic,S2
e003856,2022-04-18,2023-08-04,Production,Male,Black,S2
e003857,2022-04-21,2024-03-20,Production,Male,Asian,IC2
e003858,2022-04-29,2024-04-29,Sales,Male,Hispanic,IC6
e003859,2022-04-20,2023-09-11,Sales,Female,Hispanic,S1
e003860,2022-04-26,2022-08-15,Production,Female,Black,IC2
e003861,2022-04-20,2023-12-08,Sales,Female,Hispanic,M5
e003862,2022-04-19,2023-02-27,Production,Female,White,IC2
e003863,2022-04-14,2023-06-16,Administrative,Male,Asian,IC2
e003864,2022-04-05,2023-04-18,Production,Female,Black,IC5
e003865,2022-04-21,2023-05-01,Sales,Female,Asian,IC3
e003866,2022-04-11,2024-01-02,Sales,Female,Black,IC2
e003867,2022-04-28,2024-05-07,Administrative,Male,Asian,S1
e003868,2022-04-28,2023-11-29,Administrative,Female,Hispanic,IC3
e003869,2022-04-08,2023-09-25,Production,Female,White,S1
e003870,2022-04-27,2023-05-08,Administrative,Female,Asian,M8
e003871,2022-04-15,2022-08-09,Sales,Male,Asian,IC4
e003872,2022-04-28,2024-04-10,Sales,Female,White,M7
e003873,2022-04-28,2023-06-14,Sales,Male,Asian,IC3
e003874,2022-05-24,2024-02-28,Administrative,Female,Hispanic,S3
e003875,2022-05-24,2022-10-25,Administrative,Female,Hispanic,S2
e003876,2022-05-16,2022-06-06,Administrative,Female,Asian,S1
e003877,2022-05-25,2022-10-04,Administrative,Female,White,IC2
e003878,2022-05-16,2023-08-01,Production,Male,Black,IC5
e003879,2022-05-12,2023-12-28,Production,Female,Hispanic,IC1
e003880,2022-05-20,2023-04-11,Production,Female,Asian,IC3
e003881,2022-05-06,2022-09-21,Administrative,Female,Asian,IC7
e003882,2022-05-04,2023-02-08,Sales,Female,Asian,M6
e003883,2022-05-13,2024-03-28,Sales,Male,Hispanic,S3
e003884,2022-05-04,2022-09-08,Administrative,Male,Asian,S3
e003885,2022-05-23,2024-01-11,Sales,Female,Asian,IC4
e003886,2022-05-06,2023-09-15,Sales,Female,Hispanic,IC1
e003887,2022-05-16,2023-08-31,Sales,Male,Black,S1
e003888,2022-05-19,2023-02-07,Administrative,Female,Asian,S3
e003889,2022-05-05,2022-10-06,Production,Female,Asian,IC5
e003890,2022-05-06,2024-04-30,Production,Female,Asian,IC5
e003891,2022-05-13,2022-10-28,Sales,Female,Asian,M4
e003892,2022-05-19,2023-12-07,Production,Male,White,IC2
e003893,2022-05-27,2024-11-22,Administrative,Female,Asian,IC5
e003894,2022-05-20,2024-05-15,Sales,Female,Hispanic,IC3
e003895,2022-05-23,2024-01-17,Sales,Male,Asian,IC5
e003896,2022-05-18,2023-11-02,Administrative,Female,Hispanic,S1
e003897,2022-05-03,2023-06-02,Sales,Female,Hispanic,IC3
e003898,2022-05-17,2024-03-28,Administrative,Male,White,M4
e003899,2022-05-10,2023-05-05,Administrative,Male,Asian,IC5
e003900,2022-05-03,2023-06-14,Administrative,Female,Asian,IC6
e003901,2022-05-24,2023-08-09,Administrative,Female,Asian,S2
e003902,2022-05-12,2023-09-27,Sales,Male,White,IC5
e003903,2022-05-23,2023-11-21,Production,Female,Asian,M5
e003904,2022-05-09,2023-10-04,Administrative,Female,White,IC1
e003905,2022-05-12,2023-05-22,Production,Female,Asian,IC3
e003906,2022-05-27,2023-11-02,Production,Female,White,IC1
e003907,2022-05-10,2023-08-30,Sales,Female,White,IC2
e003908,2022-05-25,2023-02-15,Sales,Female,Hispanic,IC2
e003909,2022-05-24,2022-08-09,Administrative,Male,Asian,M4
e003910,2022-05-30,2022-10-10,Production,Female,Asian,IC8
e003911,2022-05-05,2023-02-21,Production,Female,Asian,IC3
e003912,2022-05-23,2022-08-31,Administrative,Female,Asian,M4
e003913,2022-05-18,2023-06-29,Administrative,Female,Black,IC1
e003914,2022-05-25,2024-05-28,Sales,Female,White,IC5
e003915,2022-05-26,2022-12-23,Production,Female,Asian,S3
e003916,2022-05-05,2023-06-29,Production,Female,Asian,M6
e003917,2022-05-31,2022-08-17,Production,Male,White,IC1
e003918,2022-05-26,2023-12-06,Administrative,Male,Black,S3
e003919,2022-05-19,2024-10-24,Sales,Female,Hispanic,M6
e003920,2022-05-26,2023-08-24,Production,Male,White,IC2
e003921,2022-05-30,2024-05-20,Sales,Female,Asian,IC7
e003922,2022-05-30,2023-02-06,Administrative,Male,Hispanic,IC1
e003923,2022-05-19,2023-12-18,Administrative,Male,White,IC5
e003924,2022-05-02,2024-02-20,Sales,Male,White,IC3
e003925,2022-05-03,2023-09-06,Production,Female,White,IC2
e003926,2022-05-18,2023-02-03,Production,Female,Asian,IC7
e003927,2022-05-23,2023-04-03,Sales,Female,Asian,IC4
e003928,2022-05-24,2023-06-22,Sales,Male,White,IC4
e003929,2022-05-26,2023-09-18,Production,Female,Hispanic,IC3
e003930,2022-05-11,2022-06-03,Sales,Female,Hispanic,IC5
e003931,2022-05-30,2024-05-27,Production,Female,Asian,M5
e003932,2022-05-09,2023-09-22,Sales,Female,Asian,IC5
e003933,2022-05-18,2023-08-11,Sales,Male,White,S1
e003934,2022-05-16,2022-12-06,Sales,Female,Black,IC1
e003935,2022-05-04,2023-06-23,Sales,Male,Black,M5
e003936,2022-05-06,2023-09-13,Sales,Female,Black,S1
e003937,2022-05-04,2023-05-31,Production,Female,Hispanic,S2
e003938,2022-05-17,2023-07-10,Administrative,Female,Asian,IC3
e003939,2022-05-02,2022-12-13,Sales,Female,Asian,M5
e003940,2022-05-02,2024-01-16,Production,Male,Asian,IC1
e003941,2022-05-20,2023-12-08,Production,Male,Black,IC2
e003942,2022-05-25,2024-07-17,Administrative,Male,Asian,S2
e003943,2022-05-02,2024-01-08,Administrative,Female,Hispanic,IC5
e003944,2022-05-26,2023-12-20,Sales,Female,Black,IC7
e003945,2022-05-05,2022-09-05,Production,Female,Black,IC3
e003946,2022-05-06,2024-05-20,Sales,Male,Hispanic,M4
e003947,2022-05-23,2023-06-06,Sales,Male,White,IC8
e003948,2022-05-17,2022-09-07,Sales,Female,White,S3
e003949,2022-05-11,2023-11-07,Production,Female,Hispanic,S1
e003950,2022-05-05,2023-09-15,Production,Male,Hispanic,S2
e003951,2022-05-23,2023-12-05,Administrative,Female,Hispanic,IC2
e003952,2022-05-19,2023-09-21,Production,Female,Hispanic,S3
e003953,2022-05-06,2023-08-02,Sales,Male,Black,IC3
e003954,2022-05-05,2022-06-16,Sales,Female,Hispanic,IC1
e003955,2022-05-12,2022-06-17,Production,Male,Hispanic,IC5
e003956,2022-05-11,2023-09-11,Sales,Male,Hispanic,IC2
e003957,2022-05-05,2023-09-06,Administrative,Female,White,IC3
e003958,2022-05-10,2023-09-29,Production,Male,Black,S3
e003959,2022-05-23,2022-08-04,Production,Female,Hispanic,M4
e003960,2022-05-25,2023-07-28,Production,Female,White,S2
e003961,2022-05-03,2022-10-10,Production,Male,White,IC4
e003962,2022-05-11,2023-12-27,Production,Female,White,IC4
e003963,2022-05-30,,Production,Female,Asian,IC6
e003964,2022-05-09,2023-11-29,Production,Female,Hispanic,IC1
e003965,2022-05-24,2023-08-02,Sales,Female,Black,IC7
e003966,2022-05-30,2023-02-10,Administrative,Female,Hispanic,S1
e003967,2022-05-11,2024-03-01,Production,Male,Black,IC3
e003968,2022-05-24,2023-11-30,Administrative,Male,Asian,S1
e003969,2022-05-06,2023-08-03,Sales,Male,Black,IC5
e003970,2022-05-04,2022-12-15,Production,Female,Asian,M5
e003971,2022-05-11,2023-04-17,Administrative,Female,Hispanic,IC6
e003972,2022-05-31,2024-01-04,Production,Female,Asian,IC4
e003973,2022-05-25,2023-09-29,Production,Female,Black,M4
e003974,2022-05-04,2022-09-16,Sales,Female,Hispanic,IC7
e003975,2022-05-13,2023-11-13,Sales,Female,White,IC2
e003976,2022-05-16,2023-11-08,Administrative,Female,Asian,S3
e003977,2022-05-02,2023-12-06,Administrative,Female,Hispanic,IC2
e003978,2022-05-20,2023-06-01,Administrative,Female,Asian,IC8
e003979,2022-05-12,2023-12-27,Sales,Male,Hispanic,IC1
e003980,2022-05-05,2022-10-12,Sales,Male,Asian,IC5
e003981,2022-05-12,2023-12-05,Sales,Female,Asian,IC6
e003982,2022-05-11,2023-12-22,Sales,Female,White,IC1
e003983,2022-05-30,2023-12-22,Administrative,Male,White,M7
e003984,2022-05-09,2023-03-31,Administrative,Male,Hispanic,IC1
e003985,2022-05-23,2023-08-07,Administrative,Female,Hispanic,IC1
e003986,2022-05-31,2024-02-16,Administrative,Female,White,IC7
e003987,2022-05-04,2023-06-30,Sales,Female,Hispanic,M5
e003988,2022-05-16,2022-08-16,Sales,Female,Hispanic,IC1
e003989,2022-05-20,2023-12-18,Sales,Female,Hispanic,M4
e003990,2022-05-27,2023-12-26,Administrative,Male,Asian,IC2
e003991,2022-05-05,2024-03-11,Production,Female,Asian,IC5
e003992,2022-05-09,2023-11-13,Production,Female,Asian,M6
e003993,2022-05-25,2022-10-12,Production,Female,Black,S3
e003994,2022-05-10,2023-09-07,Production,Female,Black,IC2
e003995,2022-05-13,2022-08-10,Sales,Female,Asian,IC1
e003996,2022-05-17,2022-06-03,Sales,Male,Asian,IC5
e003997,2022-05-18,2022-10-26,Sales,Female,Hispanic,IC8
e003998,2022-05-11,2023-05-31,Sales,Female,White,S2
e003999,2022-05-03,2023-03-13,Sales,Female,Black,M6
e004000,2022-05-05,2023-12-06,Sales,Male,White,M5
e004001,2022-05-20,2023-06-08,Administrative,Male,White,IC6
e004002,2022-05-18,2022-08-10,Sales,Male,Hispanic,M4
e004003,2022-05-17,2023-11-07,Sales,Male,Asian,S1
e004004,2022-05-27,2023-08-18,Sales,Female,Black,IC5
e004005,2022-05-20,2022-12-14,Administrative,Male,White,S1
e004006,2022-05-09,2022-10-31,Administrative,Female,Asian,IC1
e004007,2022-05-06,2023-09-18,Administrative,Male,Hispanic,IC1
e004008,2022-05-20,2023-04-19,Production,Male,Asian,S2
e004009,2022-05-02,2024-03-15,Sales,Male,Hispanic,S3
e004010,2022-05-27,2023-09-27,Administrative,Female,Asian,S1
e004011,2022-05-11,2022-08-19,Sales,Female,Asian,M4
e004012,2022-05-24,2023-12-06,Sales,Male,Asian,M6
e004013,2022-05-23,2023-12-01,Sales,Female,Asian,S1
e004014,2022-05-16,2022-10-17,Production,Female,Black,IC7
e004015,2022-05-05,2024-03-15,Administrative,Male,Asian,S2
e004016,2022-06-02,2023-09-22,Administrative,Female,Asian,M4
e004017,2022-06-16,2022-08-19,Production,Male,Asian,IC4
e004018,2022-06-17,2022-10-31,Administrative,Male,White,S2
e004019,2022-06-27,2023-08-18,Administrative,Male,Asian,S1
e004020,2022-06-20,2022-09-21,Production,Female,Hispanic,S3
e004021,2022-06-16,2023-11-30,Production,Female,White,S3
e004022,2022-06-24,2022-10-13,Sales,Female,Hispanic,IC4
e004023,2022-06-13,2023-02-15,Administrative,Female,White,IC6
e004024,2022-06-17,2024-10-03,Administrative,Male,Asian,M5
e004025,2022-06-09,2023-10-06,Administrative,Female,Asian,S3
e004026,2022-06-06,2023-09-27,Sales,Male,Black,S1
e004027,2022-06-29,2023-09-19,Production,Male,Asian,M5
e004028,2022-06-02,2023-11-16,Sales,Female,Black,S1
e004029,2022-06-09,2023-05-12,Production,Female,Black,S1
e004030,2022-06-14,2022-10-21,Administrative,Male,White,IC2
e004031,2022-06-17,2022-10-18,Sales,Male,Black,IC4
e004032,2022-06-21,2023-10-03,Production,Female,Asian,S1
e004033,2022-06-20,,Sales,Male,White,IC3
e004034,2022-06-23,2023-10-05,Production,Female,Asian,IC1
e004035,2022-06-27,2023-11-07,Sales,Male,Hispanic,M6
e004036,2022-06-20,2023-11-21,Sales,Female,Black,S1
e004037,2022-06-03,2024-04-19,Production,Male,Asian,IC4
e004038,2022-06-21,2023-09-04,Production,Female,Black,IC6
e004039,2022-06-17,2023-10-04,Production,Male,White,S2
e004040,2022-06-29,2022-12-19,Sales,Male,Asian,IC1
e004041,2022-06-22,2023-02-03,Production,Female,Asian,IC7
e004042,2022-06-07,2022-12-20,Administrative,Female,Asian,IC2
e004043,2022-06-29,2023-05-17,Administrative,Female,Asian,IC2
e004044,2022-06-15,,Production,Female,Asian,IC7
e004045,2022-06-28,2023-05-19,Administrative,Female,White,IC7
e004046,2022-06-30,2023-04-05,Sales,Female,Asian,IC6
e004047,2022-06-15,2023-12-08,Sales,Female,Asian,IC6
e004048,2022-06-21,2023-06-19,Production,Male,Asian,S2
e004049,2022-06-03,2023-09-19,Sales,Male,Asian,S3
e004050,2022-06-28,2024-02-19,Production,Male,Hispanic,M6
e004051,2022-06-15,2023-04-11,Sales,Female,Asian,IC6
e004052,2022-06-28,2023-03-07,Sales,Female,Black,IC6
e004053,2022-06-30,2024-01-15,Sales,Male,Asian,IC2
e004054,2022-06-17,2024-10-09,Sales,Male,White,S1
e004055,2022-06-01,2023-02-01,Sales,Female,Asian,IC3
e004056,2022-06-15,2023-06-23,Sales,Female,Hispanic,IC6
e004057,2022-06-08,2022-10-20,Production,Female,Asian,M6
e004058,2022-06-20,2023-12-25,Sales,Male,Asian,IC1
e004059,2022-06-02,2024-05-02,Production,Female,White,IC1
e004060,2022-06-01,2023-11-06,Sales,Male,Asian,IC2
e004061,2022-06-14,2023-08-21,Sales,Female,Hispanic,M5
e004062,2022-06-17,2023-11-21,Administrative,Male,Asian,IC9
e004063,2022-06-03,2022-10-26,Production,Female,Asian,M5
e004064,2022-06-13,2022-09-14,Sales,Female,Black,IC1
e004065,2022-06-14,2022-09-16,Sales,Female,White,S3
e004066,2022-06-15,2024-02-22,Administrative,Female,Asian,S3
e004067,2022-06-07,2023-07-20,Administrative,Female,Hispanic,S2
e004068,2022-06-24,2022-08-25,Production,Female,White,IC5
e004069,2022-06-10,2023-10-03,Production,Female,White,IC1
e004070,2022-06-27,2024-01-04,Production,Female,Asian,S3
e004071,2022-06-02,2023-09-13,Administrative,Female,Hispanic,IC1
e004072,2022-06-22,2022-10-31,Sales,Female,Black,M5
e004073,2022-06-23,2023-05-02,Administrative,Female,Asian,S2
e004074,2022-06-13,2022-12-23,Sales,Male,White,M5
e004075,2022-06-28,2023-09-08,Sales,Male,Asian,S3
e004076,2022-06-27,2023-07-14,Sales,Male,Black,IC8
e004077,2022-06-16,2023-07-28,Administrative,Female,Asian,S1
e004078,2022-06-29,2022-09-15,Sales,Female,Asian,S2
e004079,2022-06-17,2024-04-30,Administrative,Female,Hispanic,S3
e004080,2022-06-15,2023-03-06,Production,Female,Asian,IC4
e004081,2022-06-28,2024-03-27,Sales,Female,Asian,IC6
e004082,2022-06-02,2023-12-19,Production,Male,White,S3
e004083,2022-06-27,2023-11-14,Sales,Male,White,M6
e004084,2022-06-13,2023-07-10,Administrative,Female,Hispanic,M6
e004085,2022-06-03,2023-02-01,Administrative,Male,White,IC4
e004086,2022-06-24,2024-05-27,Sales,Male,Black,M6
e004087,2022-06-27,2023-08-24,Sales,Male,Black,S3
e004088,2022-06-29,2023-06-16,Administrative,Female,White,IC3
e004089,2022-06-02,2023-07-10,Administrative,Female,Hispanic,IC2
e004090,2022-06-30,2023-07-18,Production,Female,White,IC7
e004091,2022-06-13,2023-09-19,Production,Female,White,IC2
e004092,2022-06-20,2023-11-24,Administrative,Male,Hispanic,S1
e004093,2022-06-08,2023-04-03,Production,Female,Hispanic,S3
e004094,2022-06-29,2023-09-25,Sales,Female,Hispanic,M4
e004095,2022-06-03,2022-09-09,Production,Female,White,IC1
e004096,2022-06-16,2023-02-02,Administrative,Female,Asian,M4
e004097,2022-06-22,2023-08-22,Production,Male,Hispanic,IC4
e004098,2022-06-13,2022-12-14,Administrative,Female,Hispanic,S3
e004099,2022-06-03,2023-05-19,Sales,Female,White,IC3
e004100,2022-06-21,2023-12-05,Sales,Female,Asian,S2
e004101,2022-06-23,2023-05-29,Production,Female,Asian,S2
e004102,2022-06-28,2023-08-11,Sales,Male,Asian,IC4
e004103,2022-06-24,2023-11-08,Administrative,Female,Asian,M5
e004104,2022-06-24,2023-09-07,Sales,Male,White,IC2
e004105,2022-06-14,2023-12-18,Production,Male,Asian,IC8
e004106,2022-06-08,2023-11-29,Production,Female,Asian,IC2
e004107,2022-06-16,2023-06-28,Administrative,Male,Black,M5
e004108,2022-06-13,2023-09-12,Production,Male,White,S3
e004109,2022-06-29,2024-04-16,Administrative,Female,Hispanic,IC4
e004110,2022-06-03,2023-08-30,Sales,Female,Black,IC3
e004111,2022-06-20,2022-12-27,Sales,Male,Black,IC1
e004112,2022-06-22,2024-03-14,Administrative,Female,Black,IC6
e004113,2022-06-30,2023-11-14,Production,Male,Black,IC3
e004114,2022-06-07,2023-11-28,Sales,Female,Asian,IC8
e004115,2022-06-03,2022-08-29,Production,Male,White,S2
e004116,2022-06-08,2022-09-27,Sales,Female,White,S1
e004117,2022-06-16,2023-04-04,Production,Female,Asian,M4
e004118,2022-06-23,2024-05-07,Administrative,Female,Hispanic,IC7
e004119,2022-06-24,2023-10-19,Production,Female,Black,IC7
e004120,2022-06-06,2022-09-28,Sales,Female,White,M6
e004121,2022-06-15,2022-12-12,Administrative,Male,Black,IC2
e004122,2022-06-14,2023-06-29,Sales,Female,Asian,M4
e004123,2022-06-16,2022-10-10,Sales,Female,Asian,IC3
e004124,2022-06-02,2024-10-23,Production,Female,Asian,IC5
e004125,2022-06-15,2023-11-08,Administrative,Female,Hispanic,M4
e004126,2022-06-21,2023-08-08,Administrative,Female,Black,IC1
e004127,2022-06-27,2023-08-11,Administrative,Female,Asian,IC5
e004128,2022-06-23,2023-06-08,Administrative,Female,Hispanic,M6
e004129,2022-06-13,2023-12-28,Production,Female,White,IC3
e004130,2022-06-02,2024-03-13,Sales,Female,Asian,IC1
e004131,2022-06-08,2023-02-08,Sales,Female,Black,IC4
e004132,2022-06-23,2023-06-19,Sales,Male,Asian,IC2
e004133,2022-06-30,2023-03-30,Administrative,Female,Asian,IC8
e004134,2022-06-30,2023-06-16,Administrative,Female,Asian,S2
e004135,2022-06-09,2023-12-29,Administrative,Female,Black,M4
e004136,2022-06-17,2023-02-14,Sales,Male,Hispanic,IC2
e004137,2022-06-10,2023-06-20,Administrative,Female,Black,S1
e004138,2022-06-03,2022-08-31,Production,Female,Black,IC7
e004139,2022-06-09,2024-01-29,Production,Male,Hispanic,IC2
e004140,2022-06-10,2022-09-05,Sales,Female,Hispanic,S1
e004141,2022-06-07,2022-10-03,Administrative,Male,Asian,IC4
e004142,2022-06-03,2023-06-08,Administrative,Male,Hispanic,IC2
e004143,2022-06-24,2023-11-06,Sales,Female,Asian,M6
e004144,2022-06-07,2022-12-15,Sales,Male,White,IC3
e004145,2022-06-17,2024-01-08,Production,Male,Black,S1
e004146,2022-06-24,2022-08-23,Administrative,Female,White,IC5
e004147,2022-06-30,2024-05-21,Administrative,Female,Asian,S3
e004148,2022-06-01,2023-03-10,Sales,Female,Hispanic,IC1
e004149,2022-06-06,2023-12-25,Administrative,Female,Hispanic,IC4
e004150,2022-06-03,2023-08-15,Administrative,Male,Asian,S3
e004151,2022-06-20,2024-02-07,Administrative,Female,Hispanic,S1
e004152,2022-06-03,2023-02-03,Administrative,Female,Asian,M4
e004153,2022-06-07,2022-10-20,Sales,Female,Asian,IC1
e004154,2022-06-27,2023-02-20,Sales,Female,Black,M6
e004155,2022-06-13,2022-09-01,Administrative,Male,Asian,IC4
e004156,2022-06-10,2022-12-28,Sales,Female,Asian,IC1
e004157,2022-06-17,2023-09-20,Administrative,Male,Asian,IC4
e004158,2022-06-24,2023-02-02,Production,Female,Asian,IC1
e004159,2022-06-16,2022-09-29,Administrative,Male,Asian,IC1
e004160,2022-06-13,2022-12-08,Administrative,Female,Asian,IC2
e004161,2022-06-22,2023-02-10,Administrative,Female,Black,IC6
e004162,2022-06-16,2022-12-13,Production,Female,Black,IC3
e004163,2022-06-07,2023-08-09,Sales,Female,Asian,IC2
e004164,2022-06-21,2023-08-25,Production,Female,White,IC4
e004165,2022-06-20,2022-10-14,Sales,Male,Hispanic,M4
e004166,2022-06-23,2023-12-01,Administrative,Female,Black,IC6
e004167,2022-06-16,2023-07-07,Sales,Male,Asian,IC5
e004168,2022-06-27,2023-06-27,Administrative,Male,Hispanic,M6
e004169,2022-06-09,2023-02-24,Sales,Female,White,IC4
e004170,2022-06-08,2023-09-01,Sales,Female,Hispanic,S1
e004171,2022-06-29,2024-01-26,Administrative,Female,Asian,S1
e004172,2022-06-13,2023-11-17,Sales,Female,Hispanic,IC4
e004173,2022-06-20,2023-04-20,Sales,Female,Asian,S3
e004174,2022-07-29,2024-08-13,Sales,Female,Asian,M4
e004175,2022-07-19,2023-02-10,Production,Female,Asian,S1
e004176,2022-07-20,2022-12-20,Sales,Male,Asian,M6
e004177,2022-07-07,2022-12-28,Production,Female,Asian,IC1
e004178,2022-07-14,2023-06-14,Administrative,Male,White,S3
e004179,2022-07-14,2023-04-27,Sales,Male,Black,IC7
e004180,2022-07-06,2024-06-14,Sales,Female,Asian,IC1
e004181,2022-07-05,2024-03-18,Sales,Female,Asian,IC5
e004182,2022-07-07,2023-05-12,Sales,Female,Hispanic,S3
e004183,2022-07-01,2024-03-29,Production,Male,Black,IC6
e004184,2022-07-26,2022-09-07,Sales,Male,Black,IC1
e004185,2022-07-27,2023-08-04,Production,Female,Asian,IC2
e004186,2022-07-29,2023-04-03,Administrative,Male,Hispanic,M4
e004187,2022-07-25,2023-09-29,Sales,Male,Black,IC1
e004188,2022-07-29,2023-11-29,Sales,Male,Black,M4
e004189,2022-07-01,2022-08-01,Administrative,Male,Asian,IC4
e004190,2022-07-06,2022-08-02,Sales,Male,White,IC1
e004191,2022-07-26,2024-04-24,Administrative,Female,Hispanic,IC7
e004192,2022-07-26,2022-12-15,Sales,Female,Asian,IC3
e004193,2022-07-14,2022-12-02,Production,Male,Asian,IC9
e004194,2022-07-21,2023-06-14,Administrative,Female,Asian,IC5
e004195,2022-07-11,2024-04-08,Administrative,Male,White,IC1
e004196,2022-07-27,2024-02-27,Sales,Female,Hispanic,IC5
e004197,2022-07-18,2022-08-09,Sales,Male,Asian,M4
e004198,2022-07-15,2023-12-27,Sales,Female,Asian,IC1
e004199,2022-07-11,2023-12-28,Administrative,Female,Black,S2
e004200,2022-07-12,2022-08-31,Administrative,Female,Asian,S3
e004201,2022-07-22,2024-04-08,Administrative,Male,Asian,M4
e004202,2022-07-08,2023-12-22,Administrative,Male,Asian,S1
e004203,2022-07-20,2024-03-28,Production,Female,Hispanic,M5
e004204,2022-07-28,2023-08-30,Production,Female,Hispanic,IC4
e004205,2022-07-20,2023-08-21,Administrative,Female,Asian,S1
e004206,2022-07-22,2022-12-30,Sales,Male,Hispanic,IC1
e004207,2022-07-20,2023-05-10,Production,Female,Asian,S2
e004208,2022-07-20,2023-03-14,Sales,Female,Asian,IC5
e004209,2022-07-22,2022-10-06,Production,Male,White,S2
e004210,2022-07-13,2023-12-22,Administrative,Male,Asian,M7
e004211,2022-07-13,2023-04-20,Administrative,Female,Asian,IC1
e004212,2022-07-06,2023-02-28,Sales,Female,Hispanic,M6
e004213,2022-07-07,2023-09-25,Sales,Female,Asian,IC1
e004214,2022-07-21,2022-09-14,Production,Female,Asian,M5
e004215,2022-07-27,2023-05-03,Sales,Male,Hispanic,IC1
e004216,2022-07-06,2023-09-12,Production,Male,Asian,M6
e004217,2022-07-14,2022-12-28,Sales,Female,White,S2
e004218,2022-07-22,2023-06-12,Sales,Male,Hispanic,IC4
e004219,2022-07-12,2023-12-29,Administrative,Male,Hispanic,M5
e004220,2022-07-06,2023-11-28,Sales,Female,Black,IC6
e004221,2022-07-20,2024-03-13,Production,Male,Black,IC1
e004222,2022-07-05,2024-05-02,Sales,Female,Black,IC4
e004223,2022-07-21,2024-02-07,Production,Male,Black,S1
e004224,2022-07-12,2023-03-10,Sales,Female,Asian,IC6
e004225,2022-07-27,2023-08-03,Sales,Female,Asian,IC3
e004226,2022-07-19,2023-08-07,Production,Female,Asian,IC4
e004227,2022-07-19,2023-09-26,Administrative,Female,Hispanic,IC1
e004228,2022-07-19,2023-09-22,Production,Female,Hispanic,S1
e004229,2022-07-01,2024-03-22,Production,Female,Asian,S1
e004230,2022-07-06,2023-11-03,Sales,Female,Asian,S1
e004231,2022-07-08,2023-12-06,Sales,Female,Asian,S1
e004232,2022-07-06,2023-12-01,Administrative,Female,White,IC1
e004233,2022-07-04,2023-02-21,Sales,Female,Hispanic,S1
e004234,2022-07-20,2023-05-30,Sales,Female,Asian,IC3
e004235,2022-07-08,2023-02-28,Administrative,Female,Asian,M4
e004236,2022-07-01,2023-08-23,Administrative,Female,White,M6
e004237,2022-07-19,2023-08-28,Sales,Male,Hispanic,IC8
e004238,2022-07-18,2023-04-19,Administrative,Male,White,IC1
e004239,2022-07-29,2023-02-09,Administrative,Female,Asian,IC8
e004240,2022-07-05,2023-12-21,Administrative,Female,Black,IC1
e004241,2022-07-25,2023-02-27,Production,Female,Asian,M7
e004242,2022-07-26,2022-10-10,Sales,Male,Asian,IC2
e004243,2022-07-04,2023-02-15,Sales,Male,Asian,IC3
e004244,2022-07-14,2024-11-27,Production,Female,Black,M5
e004245,2022-09-21,2023-02-27,Production,Male,Asian,IC6
e004246,2022-09-22,2023-11-16,Administrative,Male,Black,IC7
e004247,2022-09-05,2022-12-23,Administrative,Male,Asian,IC4
e004248,2022-09-30,2023-04-26,Administrative,Female,Black,S2
e004249,2022-09-30,2023-05-16,Administrative,Female,Hispanic,S3
e004250,2022-09-13,2023-08-22,Sales,Female,Black,M4
e004251,2022-09-23,2023-04-07,Production,Male,White,M4
e004252,2022-09-15,2023-04-21,Sales,Male,Asian,S2
e004253,2022-09-20,2023-08-04,Administrative,Female,Asian,IC2
e004254,2022-09-30,2023-09-12,Production,Male,Hispanic,IC3
e004255,2022-09-22,2022-12-15,Administrative,Male,Asian,IC6
e004256,2022-09-22,2023-12-21,Administrative,Female,Black,M7
e004257,2022-09-01,2023-03-23,Administrative,Female,White,IC1
e004258,2022-09-14,2022-10-31,Administrative,Male,Asian,M7
e004259,2022-09-02,2023-08-07,Production,Male,White,S1
e004260,2022-09-05,2023-05-15,Sales,Female,Asian,IC2
e004261,2022-09-30,2022-12-26,Administrative,Male,Asian,IC9
e004262,2022-09-21,2023-05-17,Production,Male,White,S2
e004263,2022-09-13,2023-04-18,Administrative,Male,Black,IC8
e004264,2022-09-30,2023-11-06,Administrative,Male,Asian,IC1
e004265,2022-09-27,2023-09-20,Sales,Female,Asian,IC7
e004266,2022-09-09,2023-09-08,Administrative,Female,Black,IC6
e004267,2022-09-05,2023-05-19,Sales,Female,Black,IC1
e004268,2022-09-26,2023-02-16,Production,Male,Hispanic,IC5
e004269,2022-09-09,2023-05-25,Sales,Female,White,IC7
e004270,2022-09-14,2023-10-17,Sales,Female,White,S3
e004271,2022-09-20,2023-12-22,Production,Male,White,M4
e004272,2022-09-14,2023-10-26,Production,Male,Asian,IC5
e004273,2022-09-28,2023-11-17,Administrative,Female,Asian,S2
e004274,2022-09-09,2023-09-26,Administrative,Female,Asian,IC6
e004275,2022-09-16,2023-10-27,Sales,Male,Asian,IC5
e004276,2022-09-16,2022-12-06,Production,Female,Hispanic,S3
e004277,2022-09-02,2023-09-21,Sales,Male,Hispanic,IC3
e004278,2022-09-14,2022-10-24,Production,Male,White,IC5
e004279,2022-09-26,2023-12-05,Sales,Male,Asian,S2
e004280,2022-09-26,2024-02-12,Sales,Male,Asian,IC1
e004281,2022-09-07,2023-07-03,Administrative,Female,Hispanic,IC6
e004282,2022-09-02,2023-10-30,Sales,Female,Asian,S3
e004283,2022-09-05,2023-04-07,Administrative,Male,Hispanic,M4
e004284,2022-09-19,2023-10-31,Production,Female,White,IC9
e004285,2022-09-02,2023-11-07,Administrative,Female,Hispanic,M9
e004286,2022-09-19,2024-10-11,Administrative,Female,White,IC4
e004287,2022-09-23,2023-07-20,Production,Male,Asian,IC3
e004288,2022-09-06,2023-12-26,Sales,Female,Asian,M6
e004289,2022-09-22,2024-04-16,Production,Male,Asian,S2
e004290,2022-09-02,2023-05-16,Production,Male,White,IC4
e004291,2022-09-21,2023-08-02,Production,Male,Asian,IC4
e004292,2022-09-28,2023-11-29,Administrative,Female,Hispanic,S2
e004293,2022-09-20,2023-03-01,Production,Female,White,IC1
e004294,2022-09-14,2023-11-15,Administrative,Female,Hispanic,IC4
e004295,2022-09-28,2023-06-14,Production,Male,Hispanic,IC4
e004296,2022-09-01,2024-10-21,Production,Female,White,IC3
e004297,2022-09-13,2023-09-28,Sales,Male,White,M4
e004298,2022-10-10,2024-09-10,Production,Female,White,IC3
e004299,2022-10-07,2023-12-06,Production,Female,Asian,IC4
e004300,2022-10-11,2023-12-04,Sales,Female,Asian,IC4
e004301,2022-10-27,2023-08-16,Sales,Male,Asian,IC1
e004302,2022-10-04,2023-08-10,Sales,Female,Asian,IC2
e004303,2022-10-06,2023-06-06,Administrative,Female,Asian,M6
e004304,2022-10-20,2023-05-29,Administrative,Male,Asian,S2
e004305,2022-10-24,2023-11-08,Administrative,Male,Asian,IC6
e004306,2022-10-07,2023-09-28,Administrative,Female,Black,IC5
e004307,2022-10-14,2023-09-18,Sales,Female,Hispanic,IC6
e004308,2022-10-28,2023-02-03,Administrative,Male,Black,IC2
e004309,2022-10-26,2023-02-28,Production,Female,Asian,M6
e004310,2022-10-31,2023-12-07,Sales,Female,Asian,M5
e004311,2022-10-26,2023-08-01,Production,Male,Asian,M4
e004312,2022-10-07,2023-08-23,Sales,Female,Black,IC2
e004313,2022-10-20,2023-05-30,Production,Female,Asian,M4
e004314,2022-10-11,2023-08-04,Sales,Male,Hispanic,IC1
e004315,2022-10-07,2023-04-06,Administrative,Female,Asian,IC2
e004316,2022-10-18,2023-02-02,Administrative,Female,White,M4
e004317,2022-10-20,2024-02-19,Sales,Male,Black,S1
e004318,2022-10-24,2023-08-14,Production,Male,Hispanic,S3
e004319,2022-10-05,2023-07-24,Production,Female,Black,IC4
e004320,2022-10-13,2022-12-21,Sales,Female,Black,IC3
e004321,2022-10-17,2024-03-15,Production,Female,Asian,IC2
e004322,2022-10-13,2022-12-12,Administrative,Female,White,S3
e004323,2022-10-24,2023-09-27,Sales,Female,Asian,IC7
e004324,2022-10-21,2023-04-17,Administrative,Male,White,S2
e004325,2022-10-19,2023-03-13,Administrative,Male,Black,S2
e004326,2022-10-05,2023-03-06,Sales,Female,Hispanic,S3
e004327,2022-10-20,2023-03-24,Sales,Male,Black,S2
e004328,2022-10-05,2023-02-08,Production,Female,White,IC5
e004329,2022-10-31,2023-04-14,Production,Male,Hispanic,IC1
e004330,2022-10-12,2023-09-06,Sales,Female,Asian,IC3
e004331,2022-10-31,2023-05-09,Sales,Female,Asian,IC4
e004332,2022-10-10,2023-08-22,Production,Female,Asian,S3
e004333,2022-10-12,2022-12-22,Sales,Male,Asian,IC8
e004334,2022-10-28,2023-02-23,Production,Female,Asian,M5
e004335,2022-10-17,2024-04-03,Sales,Female,Black,S2
e004336,2022-10-07,2023-12-25,Production,Male,Asian,IC4
e004337,2022-10-17,2023-07-31,Production,Male,Black,IC2
e004338,2022-10-27,2022-12-27,Sales,Female,Black,IC3
e004339,2022-10-21,2024-03-01,Administrative,Female,Hispanic,IC1
e004340,2022-10-19,2022-12-16,Sales,Female,Black,S1
e004341,2022-10-12,2023-05-30,Production,Male,Black,S1
e004342,2022-10-21,2023-09-28,Administrative,Female,White,S3
e004343,2022-10-13,2023-06-06,Production,Female,Hispanic,M4
e004344,2022-10-24,2023-09-08,Sales,Female,Asian,S3
e004345,2022-10-03,2023-11-17,Production,Female,Hispanic,IC2
e004346,2022-10-03,2024-01-12,Sales,Female,Black,S2
e004347,2022-11-01,2023-09-21,Sales,Female,Asian,IC3
e004348,2022-11-03,2023-12-05,Administrative,Female,Hispanic,S3
e004349,2022-11-24,2023-06-12,Administrative,Male,Asian,IC6
e004350,2022-11-02,2023-02-15,Administrative,Female,Asian,S3
e004351,2022-11-08,2023-11-28,Production,Female,White,IC6
e004352,2022-11-29,2023-06-23,Production,Female,Asian,IC1
e004353,2022-11-07,2024-02-26,Sales,Female,Asian,IC6
e004354,2022-11-09,2023-03-30,Sales,Female,Asian,IC9
e004355,2022-11-11,2023-02-06,Production,Female,White,IC7
e004356,2022-11-01,2023-06-02,Production,Female,Black,S1
e004357,2022-11-14,2023-12-27,Sales,Male,Hispanic,IC3
e004358,2022-11-02,2023-08-28,Sales,Female,Asian,IC5
e004359,2022-11-03,2024-04-11,Sales,Male,White,IC4
e004360,2022-11-21,2023-05-19,Sales,Female,White,IC8
e004361,2022-11-16,2023-08-18,Sales,Female,Black,IC1
e004362,2022-11-21,2023-05-24,Administrative,Female,Black,IC3
e004363,2022-11-16,2023-09-15,Sales,Female,Asian,IC7
e004364,2022-11-09,2023-10-30,Production,Male,Black,S1
e004365,2022-11-25,2024-03-19,Production,Female,Asian,IC4
e004366,2022-11-23,2024-10-14,Administrative,Female,White,S3
e004367,2022-11-22,2023-02-02,Administrative,Female,Hispanic,M6
e004368,2022-11-30,2024-03-29,Administrative,Female,Asian,IC5
e004369,2022-11-17,2024-01-16,Sales,Female,Hispanic,IC5
e004370,2022-11-21,2024-02-12,Sales,Female,Hispanic,S2
e004371,2022-11-16,2023-09-11,Administrative,Male,Asian,S3
e004372,2022-11-25,2023-04-20,Administrative,Female,White,IC2
e004373,2022-11-11,2023-11-21,Administrative,Female,White,IC3
e004374,2022-11-28,2023-04-17,Sales,Female,Hispanic,M7
e004375,2022-11-23,2023-11-01,Sales,Female,Hispanic,IC1
e004376,2022-11-02,2024-02-12,Production,Female,Black,M4
e004377,2022-11-24,2023-02-15,Administrative,Male,Black,M5
e004378,2022-11-08,2023-02-16,Administrative,Male,Black,IC4
e004379,2022-11-30,2023-03-01,Administrative,Male,Asian,IC6
e004380,2022-11-21,2023-06-21,Production,Female,Asian,IC5
e004381,2022-11-03,2023-11-03,Administrative,Male,Asian,IC8
e004382,2022-11-21,2023-12-28,Sales,Male,Asian,IC2
e004383,2022-11-28,2023-12-27,Sales,Female,Asian,IC1
e004384,2022-11-11,2023-08-25,Administrative,Female,Asian,M4
e004385,2022-11-23,2023-02-10,Administrative,Female,Hispanic,IC1
e004386,2022-11-03,2023-02-24,Production,Female,Asian,IC3
e004387,2022-11-23,2023-12-06,Administrative,Female,Asian,IC4
e004388,2022-11-03,2023-08-28,Sales,Female,White,IC2
e004389,2022-11-14,2024-07-11,Sales,Male,Hispanic,S2
e004390,2022-11-03,2023-02-24,Production,Male,Asian,S1
e004391,2022-11-29,2023-06-30,Sales,Female,Hispanic,IC2
e004392,2022-11-18,2023-12-12,Sales,Male,White,S3
e004393,2022-11-02,2024-02-28,Sales,Male,Asian,IC5
e004394,2022-11-28,2023-12-14,Sales,Female,Black,IC2
e004395,2022-11-02,,Sales,Male,Asian,IC3
e004396,2022-11-10,2023-09-15,Production,Male,Asian,IC3
e004397,2022-11-22,2023-11-07,Sales,Male,Asian,S1
e004398,2022-11-18,2023-09-08,Production,Male,Black,IC6
e004399,2022-11-21,2023-11-16,Administrative,Female,Asian,S2
e004400,2022-11-29,2023-06-07,Administrative,Male,Asian,S2
e004401,2022-11-08,2023-09-25,Administrative,Female,Asian,M4
e004402,2022-11-03,2024-02-14,Administrative,Male,Black,S3
e004403,2022-11-16,2023-01-24,Administrative,Male,Black,M6
e004404,2022-11-18,2022-12-27,Sales,Male,Black,M4
e004405,2022-11-03,2023-12-14,Production,Male,White,M4
e004406,2022-11-23,2023-03-01,Sales,Female,Asian,IC5
e004407,2022-11-01,2023-01-30,Production,Female,Asian,S3
e004408,2022-11-24,2023-09-08,Administrative,Male,Asian,S3
e004409,2022-11-17,2022-12-07,Administrative,Female,Asian,IC4
e004410,2022-11-28,2024-01-24,Sales,Male,Hispanic,IC1
e004411,2022-11-01,2022-12-13,Sales,Female,White,IC4
e004412,2022-11-01,2024-02-20,Sales,Male,Asian,S2
e004413,2022-11-18,2023-02-21,Administrative,Female,Asian,S3
e004414,2022-11-14,2023-03-15,Production,Male,Asian,IC4
e004415,2022-11-15,2023-02-27,Production,Female,White,IC4
e004416,2022-11-18,2023-05-24,Administrative,Female,Black,IC4
e004417,2022-11-30,2023-02-22,Production,Female,White,IC5
e004418,2022-11-10,2023-07-11,Administrative,Female,White,IC6
e004419,2022-11-16,2023-11-15,Sales,Male,White,S3
e004420,2022-11-02,2024-01-04,Administrative,Male,Hispanic,IC3
e004421,2022-11-03,2023-11-09,Administrative,Female,Asian,IC3
e004422,2022-11-24,2023-09-26,Administrative,Female,White,IC8
e004423,2022-11-21,2022-12-21,Production,Female,Asian,S3
e004424,2022-11-09,2023-02-10,Sales,Male,White,M6
e004425,2022-11-17,2023-06-01,Sales,Male,Black,IC3
e004426,2022-11-29,2024-10-24,Administrative,Male,Asian,S1
e004427,2022-11-11,2023-07-12,Sales,Female,Hispanic,IC2
e004428,2022-11-16,2023-09-25,Sales,Male,Asian,IC2
e004429,2022-11-24,2024-04-25,Sales,Male,Hispanic,S3
e004430,2022-11-28,2023-09-05,Production,Female,Asian,IC4
e004431,2022-11-11,2023-08-24,Sales,Female,Asian,M6
e004432,2022-11-09,2023-07-07,Sales,Male,Hispanic,IC5
e004433,2022-11-15,2023-08-02,Sales,Female,White,IC6
e004434,2022-11-01,2023-09-25,Production,Male,Black,IC5
e004435,2022-11-25,2023-08-24,Production,Male,White,IC4
e004436,2022-11-03,2023-06-02,Administrative,Female,Hispanic,IC6
e004437,2022-11-15,2023-02-15,Production,Male,Hispanic,IC1
e004438,2022-11-08,2023-12-20,Production,Male,Hispanic,IC1
e004439,2022-11-30,2023-05-04,Production,Male,Black,M5
e004440,2022-11-14,2023-09-14,Production,Female,Hispanic,IC3
e004441,2022-11-14,2023-09-04,Production,Female,White,IC5
e004442,2022-11-22,,Administrative,Female,White,IC6
e004443,2022-11-29,2024-01-31,Production,Male,Black,IC7
e004444,2022-11-02,2024-01-25,Sales,Female,Asian,IC5
e004445,2022-11-11,2023-08-09,Production,Male,Hispanic,IC4
e004446,2022-11-03,2023-09-25,Production,Female,Black,IC5
e004447,2022-11-15,2023-11-22,Administrative,Female,Hispanic,IC4
e004448,2022-11-24,2023-03-01,Administrative,Female,Hispanic,IC3
e004449,2022-11-15,2023-11-06,Sales,Female,Asian,IC1
e004450,2022-11-29,2023-11-13,Sales,Female,Hispanic,IC7
e004451,2022-11-28,2023-11-27,Sales,Female,White,S3
e004452,2022-11-11,2023-03-09,Sales,Female,Asian,IC3
e004453,2022-11-22,2023-06-12,Production,Female,Hispanic,S1
e004454,2022-11-16,2024-10-21,Production,Male,Black,IC5
e004455,2022-11-04,2023-11-30,Sales,Female,Asian,IC3
e004456,2022-11-21,2023-07-17,Production,Female,Asian,S3
e004457,2022-11-16,2023-06-23,Sales,Male,Black,IC3
e004458,2022-11-24,2023-05-23,Sales,Male,Asian,IC7
e004459,2022-11-11,2023-09-01,Sales,Male,Hispanic,IC2
e004460,2022-11-16,2024-10-10,Administrative,Female,Hispanic,IC5
e004461,2022-12-23,2024-04-24,Administrative,Female,Asian,IC1
e004462,2022-12-06,2024-01-17,Administrative,Male,Black,IC7
e004463,2022-12-21,2023-12-22,Production,Male,White,S3
e004464,2022-12-21,2023-09-15,Administrative,Male,Hispanic,IC2
e004465,2022-12-26,2023-11-13,Production,Female,Black,M5
e004466,2022-12-27,2023-06-15,Sales,Female,Asian,IC4
e004467,2022-12-15,2024-03-01,Administrative,Male,White,S2
e004468,2022-12-05,2023-04-24,Sales,Male,Asian,M6
e004469,2022-12-13,2023-08-01,Administrative,Male,Asian,S2
e004470,2022-12-30,2023-12-13,Sales,Male,Asian,IC4
e004471,2022-12-19,2023-12-01,Sales,Female,Asian,IC7
e004472,2022-12-01,2023-10-30,Production,Male,Hispanic,IC5
e004473,2022-12-28,2023-12-07,Administrative,Female,White,IC2
e004474,2022-12-13,2023-12-13,Production,Male,White,IC1
e004475,2022-12-29,2023-03-09,Production,Male,White,IC2
e004476,2022-12-30,2024-02-14,Production,Female,Asian,IC7
e004477,2022-12-02,2023-06-02,Administrative,Male,Asian,IC6
e004478,2022-12-06,2023-04-17,Sales,Female,Hispanic,IC4
e004479,2022-12-21,2024-04-22,Production,Male,Asian,M5
e004480,2022-12-15,2023-03-23,Administrative,Female,Black,S3
e004481,2022-12-30,2023-02-10,Production,Female,Black,IC8
e004482,2022-12-09,2023-11-15,Production,Female,Asian,IC3
e004483,2022-12-12,2023-05-05,Administrative,Male,Asian,IC4
e004484,2022-12-26,2023-03-30,Sales,Female,Black,M4
e004485,2022-12-07,2023-11-07,Sales,Female,Asian,IC3
e004486,2022-12-01,2023-06-21,Administrative,Male,Black,IC3
e004487,2022-12-20,2023-02-07,Administrative,Female,Hispanic,M6
e004488,2022-12-09,2024-04-16,Production,Female,Asian,S1
e004489,2022-12-12,2023-04-17,Administrative,Male,White,S3
e004490,2022-12-26,2023-04-14,Administrative,Female,Black,IC4
e004491,2022-12-06,2023-11-29,Sales,Female,Hispanic,IC2
e004492,2022-12-29,2023-09-21,Administrative,Male,Asian,IC4
e004493,2022-12-21,2024-02-27,Administrative,Female,White,IC2
e004494,2022-12-28,2023-10-24,Sales,Male,White,IC5
e004495,2022-12-13,2023-11-10,Sales,Male,Black,IC9
e004496,2022-12-20,2023-08-03,Administrative,Female,Black,IC6
e004497,2022-12-05,2023-12-22,Administrative,Female,White,IC6
e004498,2022-12-22,2023-01-03,Sales,Female,Hispanic,S1
e004499,2022-12-09,2023-04-06,Production,Female,Hispanic,IC1
e004500,2022-12-16,2023-06-22,Administrative,Male,Asian,IC2
e004501,2022-12-01,2024-03-29,Sales,Female,Asian,IC5
e004502,2022-12-14,2023-12-07,Production,Female,Black,S3
e004503,2022-12-28,2023-06-28,Sales,Male,Black,IC5
e004504,2022-12-26,2023-10-31,Production,Male,Asian,IC3
e004505,2022-12-09,2023-11-24,Production,Female,Asian,S1
e004506,2022-12-21,2023-08-07,Production,Male,Asian,IC1
e004507,2022-12-05,2023-10-13,Sales,Female,Black,IC4
e004508,2022-12-07,2023-05-19,Production,Male,Hispanic,S3
e004509,2022-12-14,2023-02-16,Administrative,Female,Black,IC7
e004510,2022-12-14,2023-09-27,Administrative,Female,White,IC1
e004511,2022-12-23,2023-09-19,Administrative,Male,Black,S2
e004512,2022-12-01,2023-02-21,Sales,Male,Asian,S2
e004513,2022-12-13,2023-11-28,Administrative,Female,Asian,IC4
e004514,2022-12-30,2023-03-27,Sales,Male,White,IC7
e004515,2022-12-15,2023-10-30,Sales,Female,Hispanic,S2
e004516,2022-12-23,2023-06-22,Sales,Male,Asian,IC1
e004517,2022-12-07,2023-09-04,Administrative,Male,White,IC6
e004518,2022-12-02,2023-10-26,Production,Female,Asian,IC2
e004519,2022-12-05,2023-10-10,Production,Male,Black,IC3
e004520,2022-12-05,2023-06-16,Sales,Female,Black,IC5
e004521,2022-12-28,2023-09-18,Sales,Female,Asian,S1
e004522,2022-12-05,2024-09-24,Sales,Male,Asian,IC1
e004523,2022-12-14,2024-09-20,Sales,Male,White,IC7
e004524,2022-12-02,2024-03-05,Administrative,Female,Asian,S2
e004525,2022-12-19,2023-04-17,Sales,Female,Asian,IC4
e004526,2022-12-30,2023-04-10,Administrative,Male,Black,IC5
e004527,2022-12-22,2023-10-16,Administrative,Male,White,S2
e004528,2022-12-22,2023-06-05,Sales,Female,White,S3
e004529,2022-12-23,2023-12-01,Production,Male,Asian,S3
e004530,2022-12-13,,Sales,Female,Hispanic,IC3
e004531,2022-12-12,2023-07-03,Administrative,Male,Black,IC2
e004532,2022-12-15,2023-03-14,Sales,Female,Asian,IC4
e004533,2022-12-12,2023-06-09,Administrative,Female,Black,IC1
e004534,2022-12-14,2023-10-16,Production,Female,Asian,S2
e004535,2022-12-21,2023-11-30,Production,Male,White,IC3
e004536,2022-12-07,2024-01-25,Sales,Female,White,S1
e004537,2022-12-23,2023-09-29,Sales,Female,Hispanic,IC5
e004538,2022-12-20,2023-02-15,Sales,Male,White,IC4
e004539,2022-12-21,2023-12-29,Production,Male,White,IC2
e004540,2022-12-19,2023-11-28,Sales,Female,Asian,IC3
e004541,2022-12-07,2024-10-22,Administrative,Female,Asian,IC5
e004542,2022-12-08,2023-10-13,Production,Male,White,M6
e004543,2022-12-20,2023-12-21,Production,Male,Hispanic,IC7
e004544,2022-12-23,2023-10-11,Administrative,Male,Black,S3
e004545,2022-12-15,2023-02-20,Administrative,Female,Asian,M6
e004546,2022-12-01,2023-02-22,Production,Female,White,IC4
e004547,2022-12-05,2023-09-18,Administrative,Male,White,S3
e004548,2022-12-28,2023-09-21,Sales,Female,Asian,S1
e004549,2022-12-15,2023-12-25,Production,Female,Hispanic,M5
e004550,2022-12-22,2023-02-07,Sales,Female,Hispanic,IC6
e004551,2022-12-22,2023-04-27,Production,Female,Black,S2
e004552,2022-12-01,2023-05-23,Administrative,Male,Black,IC2
e004553,2022-12-19,2023-10-05,Production,Female,Hispanic,IC1
e004554,2022-12-08,2023-12-06,Sales,Male,White,IC4
e004555,2022-12-06,2023-04-03,Administrative,Female,Hispanic,IC5
e004556,2022-12-13,2023-11-29,Sales,Female,Asian,IC5
e004557,2022-12-09,2023-06-07,Sales,Female,Asian,IC7
e004558,2022-12-19,2023-06-07,Production,Male,White,IC1
e004559,2022-12-07,2023-10-17,Administrative,Female,Black,S1
e004560,2022-12-23,2024-03-21,Production,Female,White,IC5
e004561,2022-12-08,2024-03-01,Production,Male,Asian,IC3
e004562,2022-12-21,2023-08-01,Production,Female,White,S2
e004563,2022-12-12,2023-03-06,Production,Male,Black,M5
e004564,2022-12-21,2024-04-30,Administrative,Male,Asian,IC7
e004565,2022-12-05,2024-01-31,Sales,Male,White,IC2
e004566,2022-12-22,2023-05-17,Sales,Female,Hispanic,M5
e004567,2022-12-08,2023-02-03,Production,Male,Black,IC6
e004568,2022-12-08,2023-06-13,Sales,Male,Asian,IC3
e004569,2022-12-13,2023-08-09,Sales,Male,White,S3
e004570,2022-12-27,2023-03-21,Sales,Female,Asian,S2
e004571,2022-12-28,2024-05-27,Production,Female,Hispanic,S1
e004572,2022-12-28,2023-04-03,Administrative,Female,Asian,IC4
e004573,2022-12-13,2023-02-27,Production,Female,Hispanic,M5
e004574,2022-12-20,2023-02-17,Sales,Female,Hispanic,M4
e004575,2022-12-26,2023-06-28,Sales,Female,Black,S3
e004576,2022-12-26,2023-12-01,Sales,Male,Asian,IC4
e004577,2022-12-13,,Production,Male,Asian,S1
e004578,2022-12-16,2023-10-25,Production,Male,Hispanic,S2
e004579,2022-12-14,2023-07-17,Administrative,Female,Black,IC8
e004580,2022-12-07,2024-03-11,Administrative,Female,Hispanic,M4
e004581,2022-12-09,2023-05-04,Administrative,Male,White,IC3
e004582,2022-12-22,2023-07-26,Administrative,Female,Hispanic,S1
e004583,2022-12-08,2023-08-14,Production,Male,Hispanic,M7
e004584,2022-12-27,2024-03-01,Sales,Male,Black,M4
e004585,2022-12-20,2023-04-06,Sales,Female,Black,IC5
e004586,2022-12-30,,Sales,Male,Hispanic,IC2
e004587,2022-12-09,2024-02-20,Sales,Male,Black,IC2
e004588,2022-12-30,,Sales,Female,White,IC4
e004589,2022-12-16,2023-06-21,Sales,Male,White,S2
e004590,2022-12-23,2023-04-19,Administrative,Male,White,IC6
e004591,2022-12-26,2023-11-23,Sales,Female,White,IC3
e004592,2022-12-28,2023-11-06,Production,Female,Black,S3
e004593,2022-12-19,2023-11-28,Production,Male,Asian,IC4
e004594,2022-12-21,2023-06-08,Sales,Female,Asian,M4
e004595,2022-12-08,2023-11-21,Administrative,Male,Hispanic,S3
e004596,2022-12-29,2023-09-21,Sales,Male,Asian,S1
e004597,2022-12-28,2023-12-20,Production,Male,Black,IC5
e004598,2022-12-28,2023-11-22,Production,Female,Asian,M5
e004599,2022-12-12,2023-05-31,Production,Male,Asian,IC2
e004600,2022-12-12,2023-05-19,Administrative,Male,Black,IC7
e004601,2022-12-01,2023-11-27,Production,Male,Hispanic,S3
e004602,2022-12-02,2024-01-04,Administrative,Female,Asian,S2
e004603,2022-12-28,2024-03-19,Sales,Female,White,M7
e004604,2022-12-16,2023-12-06,Production,Male,Hispanic,IC3
e004605,2022-12-14,2023-09-18,Administrative,Female,Black,M5
e004606,2022-12-01,2023-11-20,Sales,Male,Asian,S2
e004607,2022-12-23,2023-09-21,Sales,Male,Asian,IC6
e004608,2022-12-23,2023-01-26,Sales,Male,Black,IC4
e004609,2022-12-21,2023-08-09,Production,Male,White,IC2
e004610,2022-12-27,2024-02-06,Sales,Female,Hispanic,IC3
e004611,2022-12-22,2023-07-20,Sales,Female,White,IC4
e004612,2022-12-28,2024-02-28,Sales,Female,Asian,M5
e004613,2022-12-07,2023-02-10,Administrative,Male,White,IC2
e004614,2022-12-13,2023-02-01,Sales,Female,Hispanic,IC1
e004615,2022-12-19,2024-02-27,Production,Female,Asian,IC5
e004616,2022-12-29,2023-02-10,Administrative,Female,Black,IC5
e004617,2022-12-23,2024-10-22,Administrative,Female,Asian,IC5
e004618,2022-12-20,2023-02-10,Administrative,Male,White,S3
e004619,2023-01-02,2023-10-30,Administrative,Female,Asian,M4
e004620,2023-01-24,2023-08-15,Production,Male,Black,IC1
e004621,2023-01-03,2023-12-07,Sales,Female,Asian,IC7
e004622,2023-01-19,2023-12-13,Administrative,Female,Asian,S3
e004623,2023-01-11,2023-08-31,Sales,Male,Asian,IC5
e004624,2023-01-02,2023-11-24,Production,Female,Black,IC3
e004625,2023-01-06,2023-12-05,Sales,Male,White,M4
e004626,2023-01-09,2023-10-31,Production,Female,Hispanic,IC4
e004627,2023-01-19,2023-10-20,Production,Male,White,IC3
e004628,2023-01-30,2023-10-17,Production,Female,Asian,S3
e004629,2023-01-05,2023-06-20,Administrative,Female,Hispanic,IC3
e004630,2023-01-11,2023-07-10,Production,Male,Black,S2
e004631,2023-01-20,2023-04-19,Production,Female,Black,S1
e004632,2023-01-10,2023-08-03,Sales,Male,Asian,M5
e004633,2023-01-18,2024-03-12,Production,Female,Hispanic,S1
e004634,2023-01-23,2023-08-22,Sales,Female,Hispanic,IC5
e004635,2023-01-23,2024-03-27,Production,Female,Hispanic,IC3
e004636,2023-01-18,2024-01-22,Sales,Female,Asian,IC6
e004637,2023-01-02,2023-02-02,Production,Female,Black,S2
e004638,2023-01-10,2023-09-28,Administrative,Female,Asian,S3
e004639,2023-01-20,2024-01-26,Production,Male,Asian,S1
e004640,2023-01-17,2023-12-29,Production,Female,Asian,S2
e004641,2023-01-04,2023-03-13,Administrative,Female,White,IC6
e004642,2023-01-03,2023-10-11,Administrative,Female,Black,IC1
e004643,2023-01-05,2023-05-25,Sales,Male,White,M7
e004644,2023-01-05,2023-05-16,Sales,Male,Asian,S3
e004645,2023-01-26,2023-12-22,Sales,Female,Black,IC2
e004646,2023-01-05,2023-09-21,Production,Male,Asian,IC8
e004647,2023-01-05,2023-10-02,Production,Female,Black,M6
e004648,2023-02-20,2023-04-13,Production,Female,White,IC7
e004649,2023-02-23,2024-07-31,Production,Female,Asian,IC3
e004650,2023-02-24,2023-04-07,Administrative,Female,Hispanic,IC6
e004651,2023-02-24,2024-04-26,Administrative,Male,Black,IC3
e004652,2023-02-08,,Sales,Male,Asian,S3
e004653,2023-02-09,2023-09-12,Production,Female,Asian,S3
e004654,2023-02-20,2023-03-01,Production,Male,Hispanic,IC7
e004655,2023-02-16,2023-08-30,Administrative,Female,Black,S3
e004656,2023-02-21,2023-03-28,Administrative,Female,Asian,IC5
e004657,2023-02-14,2023-09-15,Sales,Male,Hispanic,IC6
e004658,2023-02-22,2023-07-05,Administrative,Female,White,M4
e004659,2023-02-10,2023-03-27,Sales,Male,Asian,IC2
e004660,2023-02-02,,Sales,Female,Asian,IC3
e004661,2023-02-27,2023-10-16,Administrative,Male,Black,IC7
e004662,2023-02-01,2023-07-04,Production,Female,Asian,S1
e004663,2023-02-07,2023-06-29,Administrative,Female,Hispanic,S3
e004664,2023-02-09,2023-11-03,Production,Male,Asian,S2
e004665,2023-02-13,2023-06-07,Production,Female,Asian,IC3
e004666,2023-02-07,2023-12-15,Sales,Female,Asian,IC1
e004667,2023-02-24,2023-11-17,Administrative,Male,Asian,IC7
e004668,2023-02-09,2023-04-14,Sales,Female,Asian,IC3
e004669,2023-02-27,2024-03-07,Sales,Female,Hispanic,S1
e004670,2023-02-28,2023-12-14,Sales,Female,Hispanic,S2
e004671,2023-02-01,2023-11-01,Sales,Male,Asian,IC9
e004672,2023-02-22,2023-11-06,Administrative,Male,Asian,IC3
e004673,2023-02-01,2023-07-27,Sales,Female,Asian,IC8
e004674,2023-02-16,2024-07-30,Sales,Female,White,M5
e004675,2023-02-24,2023-07-04,Sales,Female,Black,IC6
e004676,2023-02-10,2023-06-06,Sales,Female,Black,M4
e004677,2023-02-22,2023-09-15,Administrative,Female,Hispanic,IC6
e004678,2023-02-16,2023-12-18,Administrative,Female,Black,S1
e004679,2023-02-15,2024-03-01,Production,Female,White,IC4
e004680,2023-02-06,2023-04-28,Sales,Female,White,IC1
e004681,2023-02-21,2024-01-15,Sales,Female,White,M4
e004682,2023-02-20,2023-08-25,Production,Male,Hispanic,IC4
e004683,2023-02-27,2023-11-27,Administrative,Female,Asian,S1
e004684,2023-02-23,2023-06-28,Production,Female,White,IC1
e004685,2023-02-23,2023-11-07,Administrative,Female,Asian,IC7
e004686,2023-02-17,2024-04-05,Administrative,Male,White,IC2
e004687,2023-02-23,2023-10-09,Administrative,Female,Hispanic,S1
e004688,2023-02-24,2023-10-27,Production,Female,Asian,IC3
e004689,2023-02-22,2023-09-29,Sales,Female,Black,S1
e004690,2023-02-24,2023-12-08,Administrative,Female,Black,IC1
e004691,2023-02-10,2023-06-02,Sales,Female,Asian,S3
e004692,2023-02-20,2023-09-28,Administrative,Female,Asian,IC6
e004693,2023-02-09,2023-04-17,Administrative,Male,Asian,S2
e004694,2023-02-08,2023-05-24,Sales,Male,Asian,S3
e004695,2023-02-16,2023-03-06,Administrative,Male,Black,IC1
e004696,2023-02-13,2023-09-27,Production,Male,Black,IC1
e004697,2023-02-22,2024-02-06,Sales,Female,Asian,M4
e004698,2023-02-02,2023-03-14,Administrative,Male,White,S3
e004699,2023-02-02,2023-09-12,Sales,Female,Asian,S2
e004700,2023-02-20,2023-12-13,Production,Female,Asian,M4
e004701,2023-02-21,2024-03-19,Production,Male,Asian,IC3
e004702,2023-02-15,2023-08-09,Production,Male,Asian,IC4
e004703,2023-02-02,2023-08-30,Administrative,Male,Black,IC7
e004704,2023-02-20,2023-10-16,Administrative,Male,White,IC1
e004705,2023-02-10,2024-03-11,Sales,Male,Black,IC2
e004706,2023-02-16,2023-09-18,Sales,Female,Black,M4
e004707,2023-02-17,,Administrative,Male,Asian,IC5
e004708,2023-02-27,2023-10-12,Sales,Female,White,IC2
e004709,2023-02-27,2024-05-01,Sales,Female,Asian,IC2
e004710,2023-02-27,2023-09-06,Production,Female,White,S1
e004711,2023-02-07,2023-06-02,Production,Female,White,IC2
e004712,2023-02-07,2023-06-22,Production,Female,Black,IC9
e004713,2023-02-27,2023-03-08,Administrative,Male,Asian,IC7
e004714,2023-02-03,2023-07-10,Sales,Male,Black,IC5
e004715,2023-02-14,2023-08-24,Production,Male,Asian,S2
e004716,2023-02-15,2023-04-11,Administrative,Male,Black,M5
e004717,2023-02-20,2023-12-27,Production,Male,Hispanic,S1
e004718,2023-02-02,2023-09-25,Production,Female,Hispanic,S2
e004719,2023-02-01,2023-03-10,Sales,Female,Asian,S1
e004720,2023-02-24,2023-12-27,Production,Female,Hispanic,IC2
e004721,2023-02-21,2023-03-15,Sales,Female,Hispanic,S1
e004722,2023-02-20,2024-02-20,Administrative,Female,White,IC3
e004723,2023-02-03,2024-06-28,Production,Male,Black,M4
e004724,2023-02-27,2023-09-20,Sales,Female,Hispanic,IC4
e004725,2023-02-28,2023-03-01,Sales,Female,White,IC5
e004726,2023-02-20,2023-11-07,Sales,Male,White,S2
e004727,2023-02-03,2024-03-07,Sales,Male,Black,IC3
e004728,2023-02-09,2023-10-23,Production,Female,Asian,S3
e004729,2023-02-23,2023-03-29,Sales,Male,Asian,IC2
e004730,2023-02-17,2023-10-30,Production,Female,Asian,IC4
e004731,2023-02-17,2023-06-19,Sales,Male,Asian,IC2
e004732,2023-02-16,2023-03-27,Production,Female,White,S1
e004733,2023-02-27,2023-11-30,Sales,Male,White,IC1
e004734,2023-02-10,2023-12-29,Sales,Female,Asian,S3
e004735,2023-02-02,2023-08-10,Administrative,Male,Asian,IC7
e004736,2023-02-10,2023-09-07,Administrative,Female,Hispanic,IC2
e004737,2023-02-28,2023-04-10,Sales,Male,Asian,S3
e004738,2023-02-02,,Administrative,Male,Asian,M7
e004739,2023-02-24,2023-09-19,Production,Female,Asian,S1
e004740,2023-02-03,2023-09-29,Administrative,Female,Asian,IC6
e004741,2023-02-24,2023-04-28,Sales,Female,Asian,S2
e004742,2023-02-23,2023-04-19,Administrative,Female,Asian,IC8
e004743,2023-02-09,2023-12-04,Sales,Female,Asian,IC3
e004744,2023-02-23,2023-12-15,Sales,Male,Asian,IC2
e004745,2023-02-27,2024-04-18,Administrative,Female,Black,M4
e004746,2023-02-02,2023-10-03,Sales,Male,Black,IC1
e004747,2023-02-23,2023-09-15,Administrative,Female,Asian,IC3
e004748,2023-02-27,2024-01-29,Sales,Male,Black,IC2
e004749,2023-02-01,2023-04-18,Production,Female,Asian,IC5
e004750,2023-02-17,2023-12-12,Sales,Female,Black,IC6
e004751,2023-02-15,2023-10-24,Sales,Female,Asian,S2
e004752,2023-02-28,2023-03-08,Administrative,Female,Hispanic,IC3
e004753,2023-02-23,2024-05-01,Administrative,Female,Asian,IC3
e004754,2023-02-28,2024-03-28,Production,Female,Black,IC5
e004755,2023-02-09,2023-04-06,Production,Female,Asian,IC7
e004756,2023-02-27,2023-12-07,Production,Male,Asian,S3
e004757,2023-02-10,2023-08-04,Sales,Female,Black,S2
e004758,2023-02-16,2023-10-12,Administrative,Male,White,IC5
e004759,2023-02-08,2023-11-30,Administrative,Male,Asian,IC3
e004760,2023-02-03,2024-05-22,Administrative,Female,White,IC7
e004761,2023-02-24,2024-04-15,Sales,Male,Asian,S2
e004762,2023-02-28,2023-08-01,Administrative,Male,Hispanic,IC4
e004763,2023-02-06,2024-03-27,Sales,Male,Asian,IC7
e004764,2023-02-09,2023-09-04,Sales,Female,Asian,IC1
e004765,2023-02-07,2024-10-03,Production,Male,White,IC1
e004766,2023-02-01,2023-09-18,Production,Female,Asian,S1
e004767,2023-02-17,2023-08-18,Production,Female,Black,IC1
e004768,2023-02-01,2024-10-10,Production,Female,Asian,IC2
e004769,2023-02-02,2023-06-02,Sales,Female,Black,IC4
e004770,2023-02-21,2023-05-11,Production,Male,Asian,IC5
e004771,2023-02-21,2023-04-19,Sales,Female,Asian,IC2
e004772,2023-02-23,2023-06-01,Administrative,Female,Asian,IC2
e004773,2023-02-24,2023-09-08,Sales,Female,White,IC5
e004774,2023-02-28,2023-08-14,Sales,Female,White,M6
e004775,2023-02-17,2024-01-04,Administrative,Male,Black,S1
e004776,2023-02-09,2023-08-17,Administrative,Male,Asian,S3
e004777,2023-02-09,2024-05-17,Administrative,Female,Asian,IC2
e004778,2023-02-20,2024-03-04,Sales,Male,Hispanic,S3
e004779,2023-02-02,2023-07-11,Sales,Male,Asian,IC4
e004780,2023-02-02,2023-11-03,Administrative,Female,White,S3
e004781,2023-02-13,2023-03-20,Production,Female,White,IC1
e004782,2023-02-08,2023-12-18,Sales,Male,Black,IC8
e004783,2023-02-20,2023-06-05,Administrative,Male,Black,IC8
e004784,2023-02-10,2023-12-01,Sales,Female,Hispanic,IC2
e004785,2023-02-01,2023-06-14,Administrative,Male,Black,M5
e004786,2023-02-14,2023-06-20,Sales,Male,Hispanic,IC1
e004787,2023-03-06,2023-07-14,Administrative,Female,Asian,S1
e004788,2023-03-16,2023-06-27,Administrative,Female,Asian,S3
e004789,2023-03-10,2024-05-31,Sales,Male,Asian,IC4
e004790,2023-03-13,2023-09-15,Administrative,Female,White,IC1
e004791,2023-03-22,2023-04-21,Production,Male,White,S2
e004792,2023-03-15,2023-08-21,Sales,Male,Hispanic,S3
e004793,2023-03-31,2023-11-06,Sales,Male,Hispanic,S3
e004794,2023-03-16,2023-09-22,Sales,Male,Asian,IC1
e004795,2023-03-02,2023-06-05,Production,Male,White,IC5
e004796,2023-03-17,2023-05-26,Administrative,Male,Asian,IC5
e004797,2023-03-09,2023-06-13,Administrative,Male,Asian,IC6
e004798,2023-03-03,2023-04-04,Production,Male,Asian,S1
e004799,2023-03-08,2024-04-02,Administrative,Female,Asian,S3
e004800,2023-03-01,,Sales,Male,Asian,IC1
e004801,2023-03-23,2023-09-04,Production,Male,Asian,IC7
e004802,2023-03-30,2023-09-26,Sales,Male,White,IC4
e004803,2023-03-08,2024-07-12,Production,Female,Black,IC3
e004804,2023-03-14,2024-03-29,Administrative,Female,Asian,M6
e004805,2023-03-16,2023-07-05,Sales,Female,Asian,M4
e004806,2023-03-23,2023-07-10,Sales,Female,Hispanic,IC2
e004807,2023-03-09,2023-12-06,Sales,Female,Asian,M5
e004808,2023-03-09,2023-05-03,Administrative,Male,Asian,S2
e004809,2023-03-27,2023-06-30,Sales,Female,Black,M4
e004810,2023-03-24,2023-12-08,Sales,Male,Hispanic,S2
e004811,2023-03-07,2024-03-01,Administrative,Male,Asian,IC6
e004812,2023-03-08,2023-04-14,Sales,Male,White,S1
e004813,2023-03-31,2024-01-16,Administrative,Female,Asian,S3
e004814,2023-03-27,2023-11-17,Production,Male,Hispanic,S3
e004815,2023-03-01,2023-09-05,Administrative,Female,Asian,S2
e004816,2023-03-30,2023-12-26,Administrative,Female,Asian,M4
e004817,2023-03-09,2023-09-28,Production,Male,White,IC3
e004818,2023-03-22,2023-11-01,Production,Male,Asian,IC6
e004819,2023-03-14,2024-10-14,Sales,Female,Asian,S2
e004820,2023-03-14,2023-12-15,Production,Male,Asian,IC1
e004821,2023-03-31,2024-01-25,Sales,Male,White,IC2
e004822,2023-03-17,2024-01-04,Sales,Male,White,IC4
e004823,2023-03-21,2023-08-15,Administrative,Female,White,M6
e004824,2023-03-01,2024-08-22,Production,Male,Asian,S1
e004825,2023-03-08,2024-02-23,Production,Female,White,IC4
e004826,2023-03-08,2023-04-25,Production,Female,Asian,IC3
e004827,2023-03-22,2023-11-30,Sales,Male,White,S2
e004828,2023-03-27,2023-08-24,Administrative,Female,Asian,IC7
e004829,2023-03-14,2023-08-30,Production,Female,Asian,IC2
e004830,2023-03-13,2023-12-19,Administrative,Female,White,IC2
e004831,2023-03-24,2024-05-01,Sales,Female,White,M7
e004832,2023-03-07,2023-08-23,Sales,Female,Asian,IC4
e004833,2023-03-14,2023-10-06,Production,Female,White,IC7
e004834,2023-03-20,2023-11-24,Administrative,Female,Black,M5
e004835,2023-03-10,2023-05-03,Sales,Male,Black,IC2
e004836,2023-03-20,2024-02-15,Sales,Female,Asian,M7
e004837,2023-03-14,2023-04-25,Sales,Female,Asian,M6
e004838,2023-03-31,2023-11-02,Sales,Male,Asian,IC1
e004839,2023-03-24,2023-10-02,Administrative,Female,White,S3
e004840,2023-03-27,2023-11-17,Sales,Female,Asian,S1
e004841,2023-03-16,2023-08-16,Administrative,Male,Hispanic,S3
e004842,2023-03-08,2023-12-14,Production,Male,Hispanic,S2
e004843,2023-03-07,2023-11-17,Production,Male,Asian,IC3
e004844,2023-03-23,2023-09-19,Production,Female,Hispanic,IC1
e004845,2023-03-17,2023-06-14,Sales,Female,White,S2
e004846,2023-03-03,2023-09-04,Production,Female,White,IC3
e004847,2023-03-31,2023-08-25,Sales,Female,Asian,M4
e004848,2023-03-17,2023-09-01,Administrative,Female,Black,M6
e004849,2023-03-31,2024-03-13,Production,Female,Black,IC8
e004850,2023-03-17,2023-12-27,Production,Male,White,S3
e004851,2023-03-09,2023-12-22,Sales,Male,Asian,IC2
e004852,2023-03-29,2023-11-27,Sales,Female,Asian,IC4
e004853,2023-03-23,2023-10-19,Administrative,Female,Black,S2
e004854,2023-03-03,2023-11-13,Administrative,Female,White,S3
e004855,2023-03-06,2023-05-08,Production,Female,Asian,IC2
e004856,2023-03-22,2023-05-23,Administrative,Female,White,IC9
e004857,2023-03-13,2023-06-26,Administrative,Male,Hispanic,M5
e004858,2023-03-02,2024-05-29,Administrative,Male,Asian,S2
e004859,2023-03-08,2023-09-29,Administrative,Female,White,S3
e004860,2023-03-24,2023-10-19,Administrative,Female,Black,IC5
e004861,2023-03-13,2023-08-10,Sales,Male,White,IC1
e004862,2023-03-07,2024-07-04,Sales,Male,Asian,IC7
e004863,2023-03-14,2023-12-22,Sales,Female,White,IC2
e004864,2023-03-14,2023-12-15,Production,Female,Asian,IC2
e004865,2023-03-09,2023-04-12,Sales,Female,Asian,IC6
e004866,2023-03-17,2023-05-19,Sales,Female,Asian,S2
e004867,2023-03-31,2023-06-28,Administrative,Female,Hispanic,IC1
e004868,2023-03-24,2023-12-08,Production,Female,White,S3
e004869,2023-03-15,2023-09-19,Sales,Female,Asian,IC4
e004870,2023-03-20,2023-09-08,Sales,Female,White,M5
e004871,2023-03-30,2023-06-01,Sales,Male,Asian,IC5
e004872,2023-03-13,2024-02-02,Sales,Female,Asian,IC2
e004873,2023-03-22,2023-10-18,Sales,Male,White,IC3
e004874,2023-03-09,2023-12-29,Production,Male,Asian,IC8
e004875,2023-03-14,2023-11-03,Production,Female,Asian,IC4
e004876,2023-03-20,2023-12-04,Administrative,Male,Asian,IC3
e004877,2023-03-08,2023-12-18,Sales,Female,White,IC4
e004878,2023-03-08,2024-07-11,Sales,Male,White,S1
e004879,2023-03-15,2023-11-15,Production,Male,White,IC3
e004880,2023-03-28,2024-03-05,Administrative,Male,Asian,M4
e004881,2023-03-01,2023-12-14,Administrative,Female,Asian,M5
e004882,2023-03-24,2023-08-02,Production,Female,Asian,IC3
e004883,2023-03-08,2023-04-11,Production,Female,Black,S2
e004884,2023-03-01,2023-07-11,Production,Female,White,IC5
e004885,2023-03-03,2023-05-02,Sales,Female,White,S3
e004886,2023-03-20,2024-01-25,Production,Female,Black,M4
e004887,2023-03-01,2024-02-09,Sales,Female,Asian,S2
e004888,2023-03-03,2023-12-21,Production,Female,Hispanic,S2
e004889,2023-03-22,2024-02-15,Administrative,Male,Asian,IC2
e004890,2023-03-31,2023-11-17,Production,Female,White,S1
e004891,2023-03-14,2023-10-24,Production,Female,Asian,IC6
e004892,2023-03-27,2023-08-17,Administrative,Female,Hispanic,IC4
e004893,2023-03-02,2023-11-15,Administrative,Female,Black,IC2
e004894,2023-03-10,2023-08-29,Administrative,Male,Asian,IC5
e004895,2023-03-27,2023-06-05,Administrative,Female,Black,IC4
e004896,2023-03-08,2023-09-13,Production,Female,Asian,IC2
e004897,2023-03-21,2023-11-10,Sales,Male,Hispanic,IC5
e004898,2023-03-15,2024-01-08,Sales,Female,Asian,M5
e004899,2023-03-29,2023-05-01,Administrative,Female,Black,M4
e004900,2023-03-01,2024-03-25,Production,Female,Hispanic,M4
e004901,2023-03-01,2024-05-30,Sales,Male,Asian,S1
e004902,2023-03-06,2023-11-08,Administrative,Male,Asian,IC2
e004903,2023-03-10,2024-03-08,Sales,Male,Asian,IC2
e004904,2023-03-02,2023-04-21,Administrative,Female,Asian,S3
e004905,2023-03-01,2023-12-05,Administrative,Female,Hispanic,M4
e004906,2023-03-07,2023-11-29,Administrative,Female,Black,S3
e004907,2023-03-23,2023-12-05,Production,Male,Hispanic,M6
e004908,2023-03-30,2023-09-01,Administrative,Female,Black,S1
e004909,2023-03-22,2024-03-13,Production,Male,White,S2
e004910,2023-03-10,2024-07-19,Sales,Female,Black,IC1
e004911,2023-03-08,2023-08-17,Administrative,Female,White,S2
e004912,2023-03-13,2023-09-04,Sales,Male,Asian,IC1
e004913,2023-03-29,2023-12-25,Administrative,Female,White,S1
e004914,2023-03-13,2023-11-30,Production,Male,Black,IC6
e004915,2023-03-02,2023-05-29,Production,Female,Black,IC4
e004916,2023-03-10,2023-09-28,Production,Female,Asian,M6
e004917,2023-03-01,2023-08-01,Production,Female,Asian,IC6
e004918,2023-03-17,2023-09-21,Production,Female,White,S2
e004919,2023-03-07,2023-06-15,Sales,Male,Black,S1
e004920,2023-03-03,2023-12-11,Sales,Female,White,S1
e004921,2023-03-15,2023-08-30,Administrative,Female,Asian,M5
e004922,2023-03-14,2023-11-30,Sales,Female,Black,S2
e004923,2023-03-30,2024-04-11,Sales,Male,Asian,IC2
e004924,2023-03-31,2024-04-02,Sales,Female,Black,S2
e004925,2023-03-14,2024-05-21,Sales,Female,White,IC6
e004926,2023-03-07,2023-10-12,Sales,Male,White,M8
e004927,2023-03-28,2023-05-17,Administrative,Female,White,S2
e004928,2023-03-02,2023-08-18,Administrative,Female,Hispanic,S2
e004929,2023-03-08,2023-05-18,Administrative,Female,Hispanic,IC3
e004930,2023-03-08,2023-10-05,Sales,Female,Hispanic,S3
e004931,2023-03-01,2023-08-01,Production,Male,Asian,IC8
e004932,2023-03-27,2023-11-29,Administrative,Female,White,S3
e004933,2023-03-03,2024-03-07,Sales,Male,Hispanic,IC3
e004934,2023-03-31,2023-12-29,Production,Male,Asian,IC4
e004935,2023-03-22,2023-09-08,Administrative,Female,White,IC6
e004936,2023-03-24,2023-05-12,Sales,Male,Hispanic,IC2
e004937,2023-03-20,2023-11-15,Administrative,Female,Black,S1
e004938,2023-03-03,2023-09-12,Production,Female,Asian,S2
e004939,2023-03-02,2024-05-21,Sales,Female,Hispanic,S3
e004940,2023-03-01,2023-11-07,Sales,Male,Hispanic,IC7
e004941,2023-03-09,2024-02-12,Sales,Female,White,IC1
e004942,2023-03-30,2023-11-03,Sales,Male,Black,M6
e004943,2023-03-06,2023-09-21,Production,Male,Asian,IC6
e004944,2023-03-17,2023-11-14,Administrative,Female,Black,IC7
e004945,2023-03-21,2023-08-07,Production,Male,Asian,S1
e004946,2023-03-08,2023-08-07,Production,Male,Asian,S3
e004947,2023-03-21,2023-06-16,Production,Female,White,S1
e004948,2023-03-06,2023-07-24,Administrative,Female,White,S2
e004949,2023-03-06,2023-04-17,Administrative,Male,White,IC6
e004950,2023-03-22,2023-09-05,Administrative,Male,Hispanic,S3
e004951,2023-03-16,2023-05-30,Sales,Male,Asian,IC1
e004952,2023-03-15,2023-12-25,Sales,Male,Hispanic,IC5
e004953,2023-03-21,2023-12-25,Sales,Female,White,S1
e004954,2023-03-15,2023-09-12,Sales,Female,Hispanic,S2
e004955,2023-03-30,2023-05-23,Production,Female,Hispanic,IC6
e004956,2023-03-22,2023-09-12,Sales,Female,Hispanic,M6
e004957,2023-03-01,2024-04-19,Production,Male,Black,S2
e004958,2023-03-03,2023-11-21,Administrative,Female,Asian,IC1
e004959,2023-03-31,2023-06-29,Sales,Female,Asian,IC1
e004960,2023-03-01,2023-08-04,Sales,Female,Black,IC8
e004961,2023-03-29,2023-12-27,Sales,Female,Hispanic,IC4
e004962,2023-03-01,2023-06-27,Production,Male,White,IC6
e004963,2023-03-17,2023-04-03,Production,Male,Asian,IC5
e004964,2023-03-16,2023-09-13,Administrative,Female,Asian,S1
e004965,2023-03-16,2024-05-31,Sales,Female,Hispanic,S3
e004966,2023-03-03,2023-04-25,Sales,Female,Black,M5
e004967,2023-03-28,2023-12-21,Sales,Female,White,IC7
e004968,2023-03-23,2023-11-27,Sales,Male,Asian,IC3
e004969,2023-03-01,2023-11-02,Sales,Male,Black,IC2
e004970,2023-03-22,2023-09-07,Sales,Male,Black,S1
e004971,2023-03-01,2023-06-06,Production,Female,Asian,IC5
e004972,2023-03-27,2024-02-26,Sales,Female,Black,IC3
e004973,2023-03-09,2023-07-10,Sales,Female,Hispanic,S3
e004974,2023-03-16,2023-06-28,Administrative,Male,Black,M5
e004975,2023-03-17,2023-04-21,Sales,Female,Asian,S1
e004976,2023-04-18,2023-12-26,Sales,Female,Hispanic,S3
e004977,2023-04-13,2023-05-29,Production,Female,White,IC6
e004978,2023-04-20,2023-06-27,Administrative,Male,White,IC2
e004979,2023-04-17,2023-09-25,Production,Female,Asian,IC3
e004980,2023-04-20,2023-09-27,Production,Male,Asian,IC2
e004981,2023-04-07,2024-10-28,Sales,Female,Black,IC8
e004982,2023-04-10,2024-03-11,Production,Female,Hispanic,M8
e004983,2023-04-21,2023-11-02,Administrative,Female,Hispanic,IC1
e004984,2023-04-14,2024-02-28,Sales,Female,White,IC4
e004985,2023-04-14,2023-09-13,Administrative,Female,Black,S1
e004986,2023-04-20,2024-01-29,Sales,Female,Asian,IC3
e004987,2023-04-18,2023-10-10,Administrative,Female,Black,IC6
e004988,2023-04-10,2023-10-05,Administrative,Female,Hispanic,IC8
e004989,2023-04-14,2023-08-24,Administrative,Female,Asian,S2
e004990,2023-05-26,2023-11-02,Administrative,Female,Hispanic,IC6
e004991,2023-05-24,2023-08-09,Sales,Female,Asian,S2
e004992,2023-05-19,2023-08-10,Sales,Female,White,M5
e004993,2023-05-11,,Production,Female,White,IC4
e004994,2023-05-26,,Production,Male,White,IC9
e004995,2023-05-26,2023-08-31,Production,Female,Asian,IC1
e004996,2023-06-30,2023-09-27,Administrative,Female,Hispanic,S3
e004997,2023-06-01,2023-08-22,Sales,Female,White,IC5
e004998,2023-06-29,2024-01-23,Administrative,Female,White,IC7
e004999,2023-06-08,2023-12-27,Administrative,Female,Hispanic,S3
e005000,2023-06-21,2023-07-28,Sales,Male,Hispanic,IC3
e005001,2023-06-06,2023-08-29,Production,Female,Hispanic,IC3
e005002,2023-06-15,2023-10-03,Production,Female,Asian,M4
e005003,2023-06-30,2024-05-30,Sales,Male,White,S3
e005004,2023-06-07,2023-11-09,Sales,Male,Hispanic,S1
e005005,2023-06-14,2024-10-04,Sales,Male,Hispanic,IC3
e005006,2023-06-29,2023-08-15,Production,Female,Asian,IC2
e005007,2023-06-21,2023-12-21,Administrative,Male,Asian,S2
e005008,2023-06-13,2024-02-12,Sales,Female,White,S1
e005009,2023-06-08,2023-10-30,Production,Female,White,M6
e005010,2023-06-01,2023-08-15,Administrative,Female,Black,S2
e005011,2023-06-30,2023-08-18,Sales,Female,Hispanic,S2
e005012,2023-06-16,2023-12-27,Production,Male,Hispanic,IC6
e005013,2023-06-21,2024-02-27,Sales,Female,Asian,IC4
e005014,2023-06-08,2023-11-07,Sales,Female,Asian,M5
e005015,2023-06-20,2024-03-14,Production,Male,Asian,IC4
e005016,2023-06-12,2023-12-26,Sales,Male,Asian,S3
e005017,2023-06-29,2024-07-05,Production,Female,Black,IC3
e005018,2023-06-05,2023-08-30,Sales,Male,Asian,IC1
e005019,2023-06-19,2024-02-15,Sales,Male,Asian,S1
e005020,2023-06-23,2023-12-28,Sales,Female,Asian,IC3
e005021,2023-06-27,2023-11-02,Production,Female,Black,IC4
e005022,2023-06-05,2023-12-19,Administrative,Female,Asian,S1
e005023,2023-06-23,2023-12-06,Administrative,Female,Asian,IC1
e005024,2023-06-22,2024-02-21,Administrative,Female,Black,S2
e005025,2023-06-19,,Sales,Female,Asian,S3
e005026,2023-06-01,2023-09-01,Administrative,Male,White,IC7
e005027,2023-06-01,2023-12-29,Administrative,Female,Black,IC1
e005028,2023-06-15,2023-08-02,Administrative,Female,White,S1
e005029,2023-06-14,2024-07-15,Administrative,Female,Black,IC5
e005030,2023-06-23,2023-10-11,Sales,Female,Asian,IC7
e005031,2023-06-15,2023-11-20,Sales,Male,White,IC5
e005032,2023-06-26,2023-12-28,Administrative,Female,Black,M4
e005033,2023-06-01,2023-09-08,Administrative,Female,Asian,S3
e005034,2023-06-16,2023-12-28,Sales,Male,Asian,IC2
e005035,2023-06-23,2023-11-02,Sales,Male,White,S3
e005036,2023-06-22,2023-07-28,Production,Male,Asian,IC4
e005037,2023-06-19,2023-08-02,Sales,Male,Hispanic,M4
e005038,2023-06-29,2023-08-15,Sales,Female,White,IC5
e005039,2023-06-06,2023-08-11,Administrative,Female,Asian,IC1
e005040,2023-06-30,2023-12-06,Sales,Male,Asian,M9
e005041,2023-06-30,2024-11-19,Administrative,Female,Hispanic,IC1
e005042,2023-06-15,2023-10-25,Sales,Female,Black,IC1
e005043,2023-06-01,2023-12-04,Production,Female,White,IC3
e005044,2023-06-15,2023-12-14,Administrative,Female,Hispanic,IC1
e005045,2023-06-28,2023-11-02,Administrative,Male,Hispanic,IC3
e005046,2023-06-30,2024-04-04,Sales,Female,Asian,M5
e005047,2023-06-26,2024-03-12,Sales,Male,Black,S3
e005048,2023-06-12,2023-12-14,Administrative,Female,Asian,S1
e005049,2023-06-12,2023-10-24,Sales,Female,Asian,M5
e005050,2023-06-06,2023-12-19,Sales,Male,Black,IC6
e005051,2023-06-23,2023-08-16,Administrative,Male,Black,IC2
e005052,2023-06-28,2023-12-27,Production,Female,Black,S2
e005053,2023-06-21,2023-08-31,Production,Female,Hispanic,IC6
e005054,2023-06-02,2024-07-04,Sales,Male,Asian,IC4
e005055,2023-06-27,2024-07-22,Administrative,Female,White,IC3
e005056,2023-06-29,2024-10-01,Administrative,Female,Asian,M6
e005057,2023-06-16,2023-11-17,Sales,Male,White,S1
e005058,2023-06-13,2023-08-18,Sales,Female,Asian,IC4
e005059,2023-06-09,2024-03-07,Administrative,Male,Black,S2
e005060,2023-06-12,2023-12-14,Production,Female,Hispanic,IC2
e005061,2023-06-21,2023-08-02,Sales,Female,Asian,IC6
e005062,2023-06-19,2024-04-15,Sales,Male,Asian,IC6
e005063,2023-06-07,2023-12-13,Production,Female,Hispanic,IC4
e005064,2023-06-08,2023-08-11,Sales,Male,White,IC7
e005065,2023-06-08,2023-12-21,Production,Female,Hispanic,IC2
e005066,2023-06-27,2023-12-04,Sales,Female,Hispanic,S2
e005067,2023-06-20,2023-11-14,Sales,Male,Black,IC3
e005068,2023-06-28,2023-09-11,Production,Female,White,IC2
e005069,2023-06-12,2023-11-03,Administrative,Female,Asian,IC4
e005070,2023-06-28,2023-07-24,Production,Female,White,M5
e005071,2023-06-05,2024-01-03,Production,Female,White,IC3
e005072,2023-06-23,2023-09-04,Sales,Female,Black,S2
e005073,2023-06-16,2023-08-15,Sales,Male,Hispanic,IC7
e005074,2023-06-19,2023-10-04,Sales,Female,White,S3
e005075,2023-06-22,2023-12-20,Production,Male,Asian,S2
e005076,2023-06-13,2023-08-17,Production,Male,Asian,IC5
e005077,2023-06-14,2024-04-16,Sales,Female,Asian,S1
e005078,2023-06-23,2023-08-21,Administrative,Female,White,S1
e005079,2023-06-05,2023-08-21,Production,Male,Asian,S2
e005080,2023-06-22,2023-12-28,Production,Male,Black,S3
e005081,2023-06-23,2023-11-03,Production,Female,Asian,S3
e005082,2023-06-23,2023-11-15,Production,Female,Black,IC7
e005083,2023-06-12,2023-09-22,Sales,Male,White,IC2
e005084,2023-06-08,2023-08-21,Sales,Female,Asian,IC3
e005085,2023-06-21,2023-10-12,Production,Male,Asian,M5
e005086,2023-06-12,2023-09-01,Administrative,Female,Asian,IC1
e005087,2023-06-30,,Production,Female,Asian,IC5
e005088,2023-06-13,2023-11-09,Sales,Male,Asian,IC5
e005089,2023-06-08,2023-08-30,Administrative,Female,White,IC3
e005090,2023-06-08,2024-03-13,Sales,Male,White,IC1
e005091,2023-06-01,,Administrative,Female,Black,S1
e005092,2023-06-29,2023-12-27,Administrative,Male,Hispanic,S1
e005093,2023-06-29,2023-11-20,Administrative,Female,White,S2
e005094,2023-06-06,2024-03-25,Sales,Male,Black,IC4
e005095,2023-06-06,2023-11-03,Administrative,Male,Asian,S2
e005096,2023-07-13,2023-12-29,Production,Female,White,S2
e005097,2023-07-10,2024-05-03,Production,Female,Hispanic,IC1
e005098,2023-07-04,2023-11-28,Administrative,Female,Hispanic,IC4
e005099,2023-07-20,2023-08-30,Production,Female,Asian,S3
e005100,2023-07-03,2024-03-05,Administrative,Female,White,IC2
e005101,2023-07-06,2023-09-01,Production,Male,Black,IC2
e005102,2023-07-25,2023-08-22,Sales,Female,Hispanic,IC2
e005103,2023-07-21,2023-11-06,Sales,Female,Black,IC7
e005104,2023-07-13,2023-11-09,Sales,Male,Black,S1
e005105,2023-07-27,2023-12-15,Production,Female,White,IC3
e005106,2023-07-03,2023-10-06,Sales,Female,Black,M5
e005107,2023-07-21,2023-09-29,Production,Female,Asian,IC3
e005108,2023-07-20,2023-12-08,Administrative,Male,Black,M5
e005109,2023-07-21,2023-09-28,Production,Female,Asian,S2
e005110,2023-07-12,2023-08-31,Sales,Female,Hispanic,S3
e005111,2023-07-25,,Production,Male,Asian,M6
e005112,2023-08-18,2024-03-07,Administrative,Female,Hispanic,S2
e005113,2023-08-07,2024-03-05,Production,Male,Hispanic,S1
e005114,2023-08-30,2023-11-06,Production,Female,Asian,IC6
e005115,2023-08-04,2024-09-19,Administrative,Male,White,IC1
e005116,2023-08-01,2024-03-25,Sales,Female,Asian,IC1
e005117,2023-08-15,2023-10-10,Administrative,Female,Asian,M7
e005118,2023-08-23,2024-01-17,Administrative,Male,Asian,IC6
e005119,2023-08-01,2023-09-27,Administrative,Female,Asian,IC3
e005120,2023-08-11,,Sales,Female,Hispanic,IC6
e005121,2023-08-15,2023-12-08,Administrative,Female,White,IC1
e005122,2023-08-15,2023-11-22,Production,Female,Asian,IC4
e005123,2023-08-16,2023-11-13,Production,Male,Asian,M5
e005124,2023-08-01,2023-09-15,Production,Male,White,M4
e005125,2023-08-15,2023-10-02,Production,Male,White,IC5
e005126,2023-08-29,2024-03-27,Sales,Female,Asian,IC5
e005127,2023-08-22,2024-02-07,Sales,Female,Asian,IC1
e005128,2023-09-14,2024-01-31,Production,Female,Asian,IC4
e005129,2023-09-26,2024-01-31,Production,Female,Hispanic,M5
e005130,2023-09-06,2023-12-14,Sales,Female,Hispanic,S2
e005131,2023-09-08,2023-11-20,Sales,Male,Asian,IC4
e005132,2023-09-19,2023-12-25,Sales,Male,Hispanic,IC4
e005133,2023-09-25,,Production,Male,Asian,IC7
e005134,2023-09-04,2023-11-08,Administrative,Male,Asian,M4
e005135,2023-09-28,2024-03-29,Production,Male,Hispanic,IC5
e005136,2023-09-06,,Production,Female,Hispanic,IC5
e005137,2023-09-21,2023-10-30,Administrative,Female,White,S2
e005138,2023-09-13,2024-04-18,Production,Female,White,M5
e005139,2023-09-21,2024-03-27,Production,Female,Black,S3
e005140,2023-09-27,2024-03-11,Administrative,Female,White,IC5
e005141,2023-09-19,2023-10-13,Production,Male,Asian,IC5
e005142,2023-09-21,2023-11-08,Administrative,Female,Black,IC2
e005143,2023-09-27,2023-12-20,Sales,Male,Black,M4
e005144,2023-09-20,2023-12-13,Sales,Female,White,S1
e005145,2023-09-14,2024-01-30,Sales,Male,Hispanic,M6
e005146,2023-09-07,2023-11-23,Production,Male,Asian,IC3
e005147,2023-09-18,2023-12-08,Sales,Female,Black,IC3
e005148,2023-09-20,2024-04-22,Administrative,Female,Asian,S2
e005149,2023-09-28,,Administrative,Female,Asian,IC4
e005150,2023-09-08,2023-10-20,Production,Female,Asian,IC3
e005151,2023-09-22,2024-02-26,Sales,Female,Asian,IC3
e005152,2023-09-22,2023-12-21,Sales,Male,Black,IC5
e005153,2023-09-28,2023-12-04,Administrative,Male,White,IC7
e005154,2023-09-06,2023-10-17,Administrative,Male,Asian,IC3
e005155,2023-09-12,2024-05-14,Sales,Female,Hispanic,IC5
e005156,2023-09-08,2024-01-24,Production,Female,White,IC9
e005157,2023-09-01,2023-12-26,Sales,Female,Black,IC7
e005158,2023-09-27,2023-11-22,Sales,Male,Asian,S2
e005159,2023-09-21,2023-12-27,Production,Female,Asian,IC6
e005160,2023-09-26,2023-11-09,Sales,Female,Black,IC3
e005161,2023-09-11,2024-04-09,Administrative,Female,Asian,S1
e005162,2023-09-20,2023-12-04,Production,Male,White,IC2
e005163,2023-09-29,2023-11-24,Production,Female,Asian,M6
e005164,2023-09-01,2023-11-29,Sales,Female,White,IC6
e005165,2023-09-13,2023-10-02,Sales,Female,Hispanic,IC4
e005166,2023-09-25,2024-02-16,Administrative,Female,Asian,IC6
e005167,2023-09-11,2024-02-09,Production,Male,Asian,IC1
e005168,2023-09-05,2024-10-21,Sales,Female,Asian,IC4
e005169,2023-09-25,2023-10-31,Production,Female,Asian,IC8
e005170,2023-09-27,2024-01-04,Production,Male,Asian,IC7
e005171,2023-09-26,2023-11-30,Sales,Female,Hispanic,S1
e005172,2023-09-13,2023-10-09,Production,Male,Asian,S3
e005173,2023-09-04,2024-03-27,Production,Female,Hispanic,M4
e005174,2023-09-25,2024-05-13,Production,Male,Asian,IC7
e005175,2023-09-04,2024-04-11,Administrative,Male,Black,IC7
e005176,2023-09-26,2023-10-24,Production,Female,Black,M4
e005177,2023-10-27,2024-01-10,Sales,Female,Hispanic,M4
e005178,2023-10-18,2023-11-23,Administrative,Female,Black,IC2
e005179,2023-10-30,2024-03-01,Administrative,Female,Asian,S2
e005180,2023-10-24,2023-12-07,Administrative,Female,Hispanic,IC1
e005181,2023-10-11,2024-03-26,Production,Female,Asian,IC4
e005182,2023-10-24,2023-12-27,Sales,Female,Asian,IC4
e005183,2023-10-12,2023-11-23,Sales,Female,Black,IC3
e005184,2023-10-19,2023-11-03,Sales,Male,Black,IC2
e005185,2023-10-17,2023-12-21,Production,Male,Black,IC7
e005186,2023-10-04,2023-11-14,Administrative,Female,Hispanic,IC3
e005187,2023-10-13,2024-05-17,Sales,Female,Asian,M4
e005188,2023-10-12,2023-11-02,Sales,Female,Hispanic,IC3
e005189,2023-10-31,2024-04-18,Administrative,Female,Hispanic,IC5
e005190,2023-11-22,2023-12-28,Administrative,Female,Black,S1
e005191,2023-11-10,2024-05-02,Production,Female,Asian,S1
e005192,2023-11-21,2023-12-07,Administrative,Female,Asian,M5
e005193,2023-11-07,2024-08-06,Production,Female,Hispanic,IC3
e005194,2023-11-02,2023-12-21,Production,Male,Asian,IC2
e005195,2023-11-02,2023-12-14,Sales,Female,Asian,IC5
e005196,2023-11-24,2024-02-15,Production,Male,Asian,IC3
e005197,2023-11-02,2024-04-25,Production,Female,Asian,S1
e005198,2023-11-15,2024-02-09,Sales,Male,Hispanic,S2
e005199,2023-11-08,2023-12-20,Administrative,Female,Asian,M6
e005200,2023-11-13,2024-02-19,Sales,Female,Asian,IC3
e005201,2023-11-09,,Sales,Male,Asian,IC1
e005202,2023-11-28,2024-01-04,Production,Male,Hispanic,IC9
e005203,2023-11-03,2024-04-11,Administrative,Female,White,IC3
e005204,2023-11-29,2023-12-04,Sales,Male,Hispanic,M4
e005205,2023-11-16,2023-12-14,Sales,Female,Hispanic,M7
e005206,2023-11-03,2023-12-25,Sales,Female,Asian,IC1
e005207,2023-11-01,2024-04-25,Administrative,Female,Black,IC3
e005208,2023-11-30,2023-12-01,Production,Female,Black,M4
e005209,2023-11-07,2023-12-13,Administrative,Male,Hispanic,IC1
e005210,2023-11-28,,Sales,Male,Black,IC2
e005211,2023-12-25,2024-03-12,Production,Female,Hispanic,IC7
e005212,2023-12-06,2024-01-31,Sales,Female,Hispanic,IC3
e005213,2023-12-01,2024-02-06,Sales,Male,Asian,IC1
e005214,2023-12-12,2024-04-26,Sales,Male,Asian,IC1
e005215,2023-12-15,2024-03-07,Sales,Male,White,S2
e005216,2023-12-25,2024-08-22,Sales,Female,Asian,S3
e005217,2023-12-25,,Sales,Female,Hispanic,IC2
e005218,2023-12-18,2024-02-28,Administrative,Female,Asian,M5
e005219,2023-12-25,2024-02-02,Production,Female,Black,S1
e005220,2024-02-09,2024-04-01,Production,Male,Asian,IC3
e005221,2024-02-07,2024-03-04,Production,Female,Hispanic,IC7
e005222,2024-02-09,,Sales,Female,Asian,IC2
e005223,2024-03-12,2024-05-23,Production,Female,White,M5
e005224,2024-03-11,2024-05-10,Administrative,Female,Black,IC2
e005225,2024-03-26,2024-05-13,Production,Male,Black,IC2
e005226,2024-03-26,2024-09-27,Production,Male,White,IC4
e005227,2024-03-06,,Production,Female,Asian,S1
e005228,2024-03-25,2024-07-25,Administrative,Female,Asian,IC8
e005229,2024-03-19,2024-05-07,Administrative,Female,White,IC7
e005230,2024-03-20,2024-10-03,Production,Male,Asian,IC3
e005231,2024-03-11,,Administrative,Female,White,IC2
e005232,2024-03-07,,Production,Female,Asian,IC4
e005233,2024-03-28,2024-07-08,Sales,Female,White,M6
e005234,2024-03-19,2024-09-16,Production,Male,Asian,M6
e005235,2024-03-22,2024-10-18,Sales,Male,White,IC7
e005236,2024-03-12,2024-04-24,Administrative,Male,Asian,M5
e005237,2024-03-27,,Sales,Female,Asian,S1
e005238,2024-03-25,2024-04-15,Administrative,Female,Hispanic,M5
e005239,2024-03-05,2024-07-26,Sales,Female,Asian,IC4
e005240,2024-04-24,2024-10-23,Administrative,Male,Hispanic,IC5
e005241,2024-04-22,,Sales,Female,Asian,S3
e005242,2024-04-18,2024-05-03,Administrative,Female,Black,IC5
e005243,2024-05-08,2024-07-04,Sales,Male,Hispanic,IC3
e005244,2024-05-14,,Sales,Male,Asian,S2
e005245,2024-05-01,,Administrative,Male,Asian,IC1
